,Years,Timesteps,Region,Carrier,Value
0,Y0,1,reg1,Final_electricity,0.0
1,Y0,2,reg1,Final_electricity,0.0
2,Y0,3,reg1,Final_electricity,0.0
3,Y0,4,reg1,Final_electricity,0.0
4,Y0,5,reg1,Final_electricity,0.0
5,Y0,6,reg1,Final_electricity,0.0
6,Y0,7,reg1,Final_electricity,0.0
7,Y0,8,reg1,Final_electricity,0.0
8,Y0,9,reg1,Final_electricity,0.0
9,Y0,10,reg1,Final_electricity,0.0
10,Y0,11,reg1,Final_electricity,0.0
11,Y0,12,reg1,Final_electricity,0.0
12,Y0,13,reg1,Final_electricity,0.0
13,Y0,14,reg1,Final_electricity,0.0
14,Y0,15,reg1,Final_electricity,0.0
15,Y0,16,reg1,Final_electricity,0.0
16,Y0,17,reg1,Final_electricity,0.0
17,Y0,18,reg1,Final_electricity,0.0
18,Y0,19,reg1,Final_electricity,0.0
19,Y0,20,reg1,Final_electricity,0.0
20,Y0,21,reg1,Final_electricity,0.0
21,Y0,22,reg1,Final_electricity,0.0
22,Y0,23,reg1,Final_electricity,0.0
23,Y0,24,reg1,Final_electricity,0.0
24,Y1,1,reg1,Final_electricity,0.0
25,Y1,2,reg1,Final_electricity,0.0
26,Y1,3,reg1,Final_electricity,0.0
27,Y1,4,reg1,Final_electricity,0.0
28,Y1,5,reg1,Final_electricity,0.0
29,Y1,6,reg1,Final_electricity,0.0
30,Y1,7,reg1,Final_electricity,0.0
31,Y1,8,reg1,Final_electricity,0.0
32,Y1,9,reg1,Final_electricity,0.0
33,Y1,10,reg1,Final_electricity,0.0
34,Y1,11,reg1,Final_electricity,0.0
35,Y1,12,reg1,Final_electricity,0.0
36,Y1,13,reg1,Final_electricity,0.0
37,Y1,14,reg1,Final_electricity,0.0
38,Y1,15,reg1,Final_electricity,0.0
39,Y1,16,reg1,Final_electricity,0.0
40,Y1,17,reg1,Final_electricity,0.0
41,Y1,18,reg1,Final_electricity,0.0
42,Y1,19,reg1,Final_electricity,0.0
43,Y1,20,reg1,Final_electricity,0.0
44,Y1,21,reg1,Final_electricity,0.0
45,Y1,22,reg1,Final_electricity,0.0
46,Y1,23,reg1,Final_electricity,0.0
47,Y1,24,reg1,Final_electricity,0.0
48,Y2,1,reg1,Final_electricity,0.0
49,Y2,2,reg1,Final_electricity,0.0
50,Y2,3,reg1,Final_electricity,0.0
51,Y2,4,reg1,Final_electricity,0.0
52,Y2,5,reg1,Final_electricity,0.0
53,Y2,6,reg1,Final_electricity,0.0
54,Y2,7,reg1,Final_electricity,0.0
55,Y2,8,reg1,Final_electricity,0.0
56,Y2,9,reg1,Final_electricity,0.0
57,Y2,10,reg1,Final_electricity,0.0
58,Y2,11,reg1,Final_electricity,0.0
59,Y2,12,reg1,Final_electricity,0.0
60,Y2,13,reg1,Final_electricity,0.0
61,Y2,14,reg1,Final_electricity,0.0
62,Y2,15,reg1,Final_electricity,0.0
63,Y2,16,reg1,Final_electricity,0.0
64,Y2,17,reg1,Final_electricity,0.0
65,Y2,18,reg1,Final_electricity,0.0
66,Y2,19,reg1,Final_electricity,0.0
67,Y2,20,reg1,Final_electricity,0.0
68,Y2,21,reg1,Final_electricity,0.0
69,Y2,22,reg1,Final_electricity,0.0
70,Y2,23,reg1,Final_electricity,0.0
71,Y2,24,reg1,Final_electricity,0.0
72,Y3,1,reg1,Final_electricity,0.0
73,Y3,2,reg1,Final_electricity,0.0
74,Y3,3,reg1,Final_electricity,0.0
75,Y3,4,reg1,Final_electricity,0.0
76,Y3,5,reg1,Final_electricity,0.0
77,Y3,6,reg1,Final_electricity,0.0
78,Y3,7,reg1,Final_electricity,0.0
79,Y3,8,reg1,Final_electricity,0.0
80,Y3,9,reg1,Final_electricity,0.0
81,Y3,10,reg1,Final_electricity,0.0
82,Y3,11,reg1,Final_electricity,0.0
83,Y3,12,reg1,Final_electricity,0.0
84,Y3,13,reg1,Final_electricity,0.0
85,Y3,14,reg1,Final_electricity,0.0
86,Y3,15,reg1,Final_electricity,0.0
87,Y3,16,reg1,Final_electricity,0.0
88,Y3,17,reg1,Final_electricity,0.0
89,Y3,18,reg1,Final_electricity,0.0
90,Y3,19,reg1,Final_electricity,0.0
91,Y3,20,reg1,Final_electricity,0.0
92,Y3,21,reg1,Final_electricity,0.0
93,Y3,22,reg1,Final_electricity,0.0
94,Y3,23,reg1,Final_electricity,0.0
95,Y3,24,reg1,Final_electricity,0.0
96,Y4,1,reg1,Final_electricity,0.0
97,Y4,2,reg1,Final_electricity,0.0
98,Y4,3,reg1,Final_electricity,0.0
99,Y4,4,reg1,Final_electricity,0.0
100,Y4,5,reg1,Final_electricity,0.0
101,Y4,6,reg1,Final_electricity,0.0
102,Y4,7,reg1,Final_electricity,0.0
103,Y4,8,reg1,Final_electricity,0.0
104,Y4,9,reg1,Final_electricity,0.0
105,Y4,10,reg1,Final_electricity,0.0
106,Y4,11,reg1,Final_electricity,0.0
107,Y4,12,reg1,Final_electricity,0.0
108,Y4,13,reg1,Final_electricity,0.0
109,Y4,14,reg1,Final_electricity,0.0
110,Y4,15,reg1,Final_electricity,0.0
111,Y4,16,reg1,Final_electricity,0.0
112,Y4,17,reg1,Final_electricity,0.0
113,Y4,18,reg1,Final_electricity,0.0
114,Y4,19,reg1,Final_electricity,0.0
115,Y4,20,reg1,Final_electricity,0.0
116,Y4,21,reg1,Final_electricity,0.0
117,Y4,22,reg1,Final_electricity,0.0
118,Y4,23,reg1,Final_electricity,0.0
119,Y4,24,reg1,Final_electricity,0.0
120,Y5,1,reg1,Final_electricity,0.0
121,Y5,2,reg1,Final_electricity,0.0
122,Y5,3,reg1,Final_electricity,0.0
123,Y5,4,reg1,Final_electricity,0.0
124,Y5,5,reg1,Final_electricity,0.0
125,Y5,6,reg1,Final_electricity,0.0
126,Y5,7,reg1,Final_electricity,0.0
127,Y5,8,reg1,Final_electricity,0.0
128,Y5,9,reg1,Final_electricity,0.0
129,Y5,10,reg1,Final_electricity,0.0
130,Y5,11,reg1,Final_electricity,0.0
131,Y5,12,reg1,Final_electricity,0.0
132,Y5,13,reg1,Final_electricity,0.0
133,Y5,14,reg1,Final_electricity,0.0
134,Y5,15,reg1,Final_electricity,0.0
135,Y5,16,reg1,Final_electricity,0.0
136,Y5,17,reg1,Final_electricity,0.0
137,Y5,18,reg1,Final_electricity,0.0
138,Y5,19,reg1,Final_electricity,0.0
139,Y5,20,reg1,Final_electricity,0.0
140,Y5,21,reg1,Final_electricity,0.0
141,Y5,22,reg1,Final_electricity,0.0
142,Y5,23,reg1,Final_electricity,0.0
143,Y5,24,reg1,Final_electricity,0.0
144,Y6,1,reg1,Final_electricity,0.0
145,Y6,2,reg1,Final_electricity,0.0
146,Y6,3,reg1,Final_electricity,0.0
147,Y6,4,reg1,Final_electricity,0.0
148,Y6,5,reg1,Final_electricity,0.0
149,Y6,6,reg1,Final_electricity,0.0
150,Y6,7,reg1,Final_electricity,0.0
151,Y6,8,reg1,Final_electricity,0.0
152,Y6,9,reg1,Final_electricity,0.0
153,Y6,10,reg1,Final_electricity,0.0
154,Y6,11,reg1,Final_electricity,0.0
155,Y6,12,reg1,Final_electricity,0.0
156,Y6,13,reg1,Final_electricity,0.0
157,Y6,14,reg1,Final_electricity,0.0
158,Y6,15,reg1,Final_electricity,0.0
159,Y6,16,reg1,Final_electricity,0.0
160,Y6,17,reg1,Final_electricity,0.0
161,Y6,18,reg1,Final_electricity,0.0
162,Y6,19,reg1,Final_electricity,0.0
163,Y6,20,reg1,Final_electricity,0.0
164,Y6,21,reg1,Final_electricity,0.0
165,Y6,22,reg1,Final_electricity,0.0
166,Y6,23,reg1,Final_electricity,0.0
167,Y6,24,reg1,Final_electricity,0.0
168,Y7,1,reg1,Final_electricity,0.0
169,Y7,2,reg1,Final_electricity,0.0
170,Y7,3,reg1,Final_electricity,0.0
171,Y7,4,reg1,Final_electricity,0.0
172,Y7,5,reg1,Final_electricity,0.0
173,Y7,6,reg1,Final_electricity,0.0
174,Y7,7,reg1,Final_electricity,0.0
175,Y7,8,reg1,Final_electricity,0.0
176,Y7,9,reg1,Final_electricity,0.0
177,Y7,10,reg1,Final_electricity,0.0
178,Y7,11,reg1,Final_electricity,0.0
179,Y7,12,reg1,Final_electricity,0.0
180,Y7,13,reg1,Final_electricity,0.0
181,Y7,14,reg1,Final_electricity,0.0
182,Y7,15,reg1,Final_electricity,0.0
183,Y7,16,reg1,Final_electricity,0.0
184,Y7,17,reg1,Final_electricity,0.0
185,Y7,18,reg1,Final_electricity,0.0
186,Y7,19,reg1,Final_electricity,0.0
187,Y7,20,reg1,Final_electricity,0.0
188,Y7,21,reg1,Final_electricity,0.0
189,Y7,22,reg1,Final_electricity,0.0
190,Y7,23,reg1,Final_electricity,0.0
191,Y7,24,reg1,Final_electricity,0.0
192,Y8,1,reg1,Final_electricity,0.0
193,Y8,2,reg1,Final_electricity,0.0
194,Y8,3,reg1,Final_electricity,0.0
195,Y8,4,reg1,Final_electricity,0.0
196,Y8,5,reg1,Final_electricity,0.0
197,Y8,6,reg1,Final_electricity,0.0
198,Y8,7,reg1,Final_electricity,0.0
199,Y8,8,reg1,Final_electricity,0.0
200,Y8,9,reg1,Final_electricity,0.0
201,Y8,10,reg1,Final_electricity,0.0
202,Y8,11,reg1,Final_electricity,0.0
203,Y8,12,reg1,Final_electricity,0.0
204,Y8,13,reg1,Final_electricity,0.0
205,Y8,14,reg1,Final_electricity,0.0
206,Y8,15,reg1,Final_electricity,0.0
207,Y8,16,reg1,Final_electricity,0.0
208,Y8,17,reg1,Final_electricity,0.0
209,Y8,18,reg1,Final_electricity,0.0
210,Y8,19,reg1,Final_electricity,0.0
211,Y8,20,reg1,Final_electricity,0.0
212,Y8,21,reg1,Final_electricity,0.0
213,Y8,22,reg1,Final_electricity,0.0
214,Y8,23,reg1,Final_electricity,0.0
215,Y8,24,reg1,Final_electricity,0.0
216,Y9,1,reg1,Final_electricity,0.0
217,Y9,2,reg1,Final_electricity,0.0
218,Y9,3,reg1,Final_electricity,0.0
219,Y9,4,reg1,Final_electricity,0.0
220,Y9,5,reg1,Final_electricity,0.0
221,Y9,6,reg1,Final_electricity,0.0
222,Y9,7,reg1,Final_electricity,0.0
223,Y9,8,reg1,Final_electricity,0.0
224,Y9,9,reg1,Final_electricity,0.0
225,Y9,10,reg1,Final_electricity,0.0
226,Y9,11,reg1,Final_electricity,0.0
227,Y9,12,reg1,Final_electricity,0.0
228,Y9,13,reg1,Final_electricity,0.0
229,Y9,14,reg1,Final_electricity,0.0
230,Y9,15,reg1,Final_electricity,0.0
231,Y9,16,reg1,Final_electricity,0.0
232,Y9,17,reg1,Final_electricity,0.0
233,Y9,18,reg1,Final_electricity,0.0
234,Y9,19,reg1,Final_electricity,0.0
235,Y9,20,reg1,Final_electricity,0.0
236,Y9,21,reg1,Final_electricity,0.0
237,Y9,22,reg1,Final_electricity,0.0
238,Y9,23,reg1,Final_electricity,0.0
239,Y9,24,reg1,Final_electricity,0.0
240,Y10,1,reg1,Final_electricity,0.0
241,Y10,2,reg1,Final_electricity,0.0
242,Y10,3,reg1,Final_electricity,0.0
243,Y10,4,reg1,Final_electricity,0.0
244,Y10,5,reg1,Final_electricity,0.0
245,Y10,6,reg1,Final_electricity,0.0
246,Y10,7,reg1,Final_electricity,0.0
247,Y10,8,reg1,Final_electricity,0.0
248,Y10,9,reg1,Final_electricity,0.0
249,Y10,10,reg1,Final_electricity,0.0
250,Y10,11,reg1,Final_electricity,0.0
251,Y10,12,reg1,Final_electricity,0.0
252,Y10,13,reg1,Final_electricity,0.0
253,Y10,14,reg1,Final_electricity,0.0
254,Y10,15,reg1,Final_electricity,0.0
255,Y10,16,reg1,Final_electricity,0.0
256,Y10,17,reg1,Final_electricity,0.0
257,Y10,18,reg1,Final_electricity,0.0
258,Y10,19,reg1,Final_electricity,0.0
259,Y10,20,reg1,Final_electricity,0.0
260,Y10,21,reg1,Final_electricity,0.0
261,Y10,22,reg1,Final_electricity,0.0
262,Y10,23,reg1,Final_electricity,0.0
263,Y10,24,reg1,Final_electricity,0.0
264,Y11,1,reg1,Final_electricity,0.0
265,Y11,2,reg1,Final_electricity,0.0
266,Y11,3,reg1,Final_electricity,0.0
267,Y11,4,reg1,Final_electricity,0.0
268,Y11,5,reg1,Final_electricity,0.0
269,Y11,6,reg1,Final_electricity,0.0
270,Y11,7,reg1,Final_electricity,0.0
271,Y11,8,reg1,Final_electricity,0.0
272,Y11,9,reg1,Final_electricity,0.0
273,Y11,10,reg1,Final_electricity,0.0
274,Y11,11,reg1,Final_electricity,0.0
275,Y11,12,reg1,Final_electricity,0.0
276,Y11,13,reg1,Final_electricity,0.0
277,Y11,14,reg1,Final_electricity,0.0
278,Y11,15,reg1,Final_electricity,0.0
279,Y11,16,reg1,Final_electricity,0.0
280,Y11,17,reg1,Final_electricity,0.0
281,Y11,18,reg1,Final_electricity,0.0
282,Y11,19,reg1,Final_electricity,0.0
283,Y11,20,reg1,Final_electricity,0.0
284,Y11,21,reg1,Final_electricity,0.0
285,Y11,22,reg1,Final_electricity,0.0
286,Y11,23,reg1,Final_electricity,0.0
287,Y11,24,reg1,Final_electricity,0.0
288,Y12,1,reg1,Final_electricity,0.0
289,Y12,2,reg1,Final_electricity,0.0
290,Y12,3,reg1,Final_electricity,0.0
291,Y12,4,reg1,Final_electricity,0.0
292,Y12,5,reg1,Final_electricity,0.0
293,Y12,6,reg1,Final_electricity,0.0
294,Y12,7,reg1,Final_electricity,0.0
295,Y12,8,reg1,Final_electricity,0.0
296,Y12,9,reg1,Final_electricity,0.0
297,Y12,10,reg1,Final_electricity,0.0
298,Y12,11,reg1,Final_electricity,0.0
299,Y12,12,reg1,Final_electricity,0.0
300,Y12,13,reg1,Final_electricity,0.0
301,Y12,14,reg1,Final_electricity,0.0
302,Y12,15,reg1,Final_electricity,0.0
303,Y12,16,reg1,Final_electricity,0.0
304,Y12,17,reg1,Final_electricity,0.0
305,Y12,18,reg1,Final_electricity,0.0
306,Y12,19,reg1,Final_electricity,0.0
307,Y12,20,reg1,Final_electricity,0.0
308,Y12,21,reg1,Final_electricity,0.0
309,Y12,22,reg1,Final_electricity,0.0
310,Y12,23,reg1,Final_electricity,0.0
311,Y12,24,reg1,Final_electricity,0.0
312,Y13,1,reg1,Final_electricity,0.0
313,Y13,2,reg1,Final_electricity,0.0
314,Y13,3,reg1,Final_electricity,0.0
315,Y13,4,reg1,Final_electricity,0.0
316,Y13,5,reg1,Final_electricity,0.0
317,Y13,6,reg1,Final_electricity,0.0
318,Y13,7,reg1,Final_electricity,0.0
319,Y13,8,reg1,Final_electricity,0.0
320,Y13,9,reg1,Final_electricity,0.0
321,Y13,10,reg1,Final_electricity,0.0
322,Y13,11,reg1,Final_electricity,0.0
323,Y13,12,reg1,Final_electricity,0.0
324,Y13,13,reg1,Final_electricity,0.0
325,Y13,14,reg1,Final_electricity,0.0
326,Y13,15,reg1,Final_electricity,0.0
327,Y13,16,reg1,Final_electricity,0.0
328,Y13,17,reg1,Final_electricity,0.0
329,Y13,18,reg1,Final_electricity,0.0
330,Y13,19,reg1,Final_electricity,0.0
331,Y13,20,reg1,Final_electricity,0.0
332,Y13,21,reg1,Final_electricity,0.0
333,Y13,22,reg1,Final_electricity,0.0
334,Y13,23,reg1,Final_electricity,0.0
335,Y13,24,reg1,Final_electricity,0.0
336,Y14,1,reg1,Final_electricity,0.0
337,Y14,2,reg1,Final_electricity,0.0
338,Y14,3,reg1,Final_electricity,0.0
339,Y14,4,reg1,Final_electricity,0.0
340,Y14,5,reg1,Final_electricity,0.0
341,Y14,6,reg1,Final_electricity,0.0
342,Y14,7,reg1,Final_electricity,0.0
343,Y14,8,reg1,Final_electricity,0.0
344,Y14,9,reg1,Final_electricity,0.0
345,Y14,10,reg1,Final_electricity,0.0
346,Y14,11,reg1,Final_electricity,0.0
347,Y14,12,reg1,Final_electricity,0.0
348,Y14,13,reg1,Final_electricity,0.0
349,Y14,14,reg1,Final_electricity,0.0
350,Y14,15,reg1,Final_electricity,0.0
351,Y14,16,reg1,Final_electricity,0.0
352,Y14,17,reg1,Final_electricity,0.0
353,Y14,18,reg1,Final_electricity,0.0
354,Y14,19,reg1,Final_electricity,0.0
355,Y14,20,reg1,Final_electricity,0.0
356,Y14,21,reg1,Final_electricity,0.0
357,Y14,22,reg1,Final_electricity,0.0
358,Y14,23,reg1,Final_electricity,0.0
359,Y14,24,reg1,Final_electricity,0.0
360,Y15,1,reg1,Final_electricity,0.0
361,Y15,2,reg1,Final_electricity,0.0
362,Y15,3,reg1,Final_electricity,0.0
363,Y15,4,reg1,Final_electricity,0.0
364,Y15,5,reg1,Final_electricity,0.0
365,Y15,6,reg1,Final_electricity,0.0
366,Y15,7,reg1,Final_electricity,0.0
367,Y15,8,reg1,Final_electricity,0.0
368,Y15,9,reg1,Final_electricity,0.0
369,Y15,10,reg1,Final_electricity,0.0
370,Y15,11,reg1,Final_electricity,0.0
371,Y15,12,reg1,Final_electricity,0.0
372,Y15,13,reg1,Final_electricity,0.0
373,Y15,14,reg1,Final_electricity,0.0
374,Y15,15,reg1,Final_electricity,0.0
375,Y15,16,reg1,Final_electricity,0.0
376,Y15,17,reg1,Final_electricity,0.0
377,Y15,18,reg1,Final_electricity,0.0
378,Y15,19,reg1,Final_electricity,0.0
379,Y15,20,reg1,Final_electricity,0.0
380,Y15,21,reg1,Final_electricity,0.0
381,Y15,22,reg1,Final_electricity,0.0
382,Y15,23,reg1,Final_electricity,0.0
383,Y15,24,reg1,Final_electricity,0.0
384,Y16,1,reg1,Final_electricity,0.0
385,Y16,2,reg1,Final_electricity,0.0
386,Y16,3,reg1,Final_electricity,0.0
387,Y16,4,reg1,Final_electricity,0.0
388,Y16,5,reg1,Final_electricity,0.0
389,Y16,6,reg1,Final_electricity,0.0
390,Y16,7,reg1,Final_electricity,0.0
391,Y16,8,reg1,Final_electricity,0.0
392,Y16,9,reg1,Final_electricity,0.0
393,Y16,10,reg1,Final_electricity,0.0
394,Y16,11,reg1,Final_electricity,0.0
395,Y16,12,reg1,Final_electricity,0.0
396,Y16,13,reg1,Final_electricity,0.0
397,Y16,14,reg1,Final_electricity,0.0
398,Y16,15,reg1,Final_electricity,0.0
399,Y16,16,reg1,Final_electricity,0.0
400,Y16,17,reg1,Final_electricity,0.0
401,Y16,18,reg1,Final_electricity,0.0
402,Y16,19,reg1,Final_electricity,0.0
403,Y16,20,reg1,Final_electricity,0.0
404,Y16,21,reg1,Final_electricity,0.0
405,Y16,22,reg1,Final_electricity,0.0
406,Y16,23,reg1,Final_electricity,0.0
407,Y16,24,reg1,Final_electricity,0.0
408,Y17,1,reg1,Final_electricity,0.0
409,Y17,2,reg1,Final_electricity,0.0
410,Y17,3,reg1,Final_electricity,0.0
411,Y17,4,reg1,Final_electricity,0.0
412,Y17,5,reg1,Final_electricity,0.0
413,Y17,6,reg1,Final_electricity,0.0
414,Y17,7,reg1,Final_electricity,0.0
415,Y17,8,reg1,Final_electricity,0.0
416,Y17,9,reg1,Final_electricity,0.0
417,Y17,10,reg1,Final_electricity,0.0
418,Y17,11,reg1,Final_electricity,0.0
419,Y17,12,reg1,Final_electricity,0.0
420,Y17,13,reg1,Final_electricity,0.0
421,Y17,14,reg1,Final_electricity,0.0
422,Y17,15,reg1,Final_electricity,0.0
423,Y17,16,reg1,Final_electricity,0.0
424,Y17,17,reg1,Final_electricity,0.0
425,Y17,18,reg1,Final_electricity,0.0
426,Y17,19,reg1,Final_electricity,0.0
427,Y17,20,reg1,Final_electricity,0.0
428,Y17,21,reg1,Final_electricity,0.0
429,Y17,22,reg1,Final_electricity,0.0
430,Y17,23,reg1,Final_electricity,0.0
431,Y17,24,reg1,Final_electricity,0.0
432,Y18,1,reg1,Final_electricity,0.0
433,Y18,2,reg1,Final_electricity,0.0
434,Y18,3,reg1,Final_electricity,0.0
435,Y18,4,reg1,Final_electricity,0.0
436,Y18,5,reg1,Final_electricity,0.0
437,Y18,6,reg1,Final_electricity,0.0
438,Y18,7,reg1,Final_electricity,0.0
439,Y18,8,reg1,Final_electricity,0.0
440,Y18,9,reg1,Final_electricity,0.0
441,Y18,10,reg1,Final_electricity,0.0
442,Y18,11,reg1,Final_electricity,0.0
443,Y18,12,reg1,Final_electricity,0.0
444,Y18,13,reg1,Final_electricity,0.0
445,Y18,14,reg1,Final_electricity,0.0
446,Y18,15,reg1,Final_electricity,0.0
447,Y18,16,reg1,Final_electricity,0.0
448,Y18,17,reg1,Final_electricity,0.0
449,Y18,18,reg1,Final_electricity,0.0
450,Y18,19,reg1,Final_electricity,0.0
451,Y18,20,reg1,Final_electricity,0.0
452,Y18,21,reg1,Final_electricity,0.0
453,Y18,22,reg1,Final_electricity,0.0
454,Y18,23,reg1,Final_electricity,0.0
455,Y18,24,reg1,Final_electricity,0.0
456,Y19,1,reg1,Final_electricity,0.0
457,Y19,2,reg1,Final_electricity,0.0
458,Y19,3,reg1,Final_electricity,0.0
459,Y19,4,reg1,Final_electricity,0.0
460,Y19,5,reg1,Final_electricity,0.0
461,Y19,6,reg1,Final_electricity,0.0
462,Y19,7,reg1,Final_electricity,0.0
463,Y19,8,reg1,Final_electricity,0.0
464,Y19,9,reg1,Final_electricity,0.0
465,Y19,10,reg1,Final_electricity,0.0
466,Y19,11,reg1,Final_electricity,0.0
467,Y19,12,reg1,Final_electricity,0.0
468,Y19,13,reg1,Final_electricity,0.0
469,Y19,14,reg1,Final_electricity,0.0
470,Y19,15,reg1,Final_electricity,0.0
471,Y19,16,reg1,Final_electricity,0.0
472,Y19,17,reg1,Final_electricity,0.0
473,Y19,18,reg1,Final_electricity,0.0
474,Y19,19,reg1,Final_electricity,0.0
475,Y19,20,reg1,Final_electricity,0.0
476,Y19,21,reg1,Final_electricity,0.0
477,Y19,22,reg1,Final_electricity,0.0
478,Y19,23,reg1,Final_electricity,0.0
479,Y19,24,reg1,Final_electricity,0.0
480,Y20,1,reg1,Final_electricity,0.0
481,Y20,2,reg1,Final_electricity,0.0
482,Y20,3,reg1,Final_electricity,0.0
483,Y20,4,reg1,Final_electricity,0.0
484,Y20,5,reg1,Final_electricity,0.0
485,Y20,6,reg1,Final_electricity,0.0
486,Y20,7,reg1,Final_electricity,0.0
487,Y20,8,reg1,Final_electricity,0.0
488,Y20,9,reg1,Final_electricity,0.0
489,Y20,10,reg1,Final_electricity,0.0
490,Y20,11,reg1,Final_electricity,0.0
491,Y20,12,reg1,Final_electricity,0.0
492,Y20,13,reg1,Final_electricity,0.0
493,Y20,14,reg1,Final_electricity,0.0
494,Y20,15,reg1,Final_electricity,0.0
495,Y20,16,reg1,Final_electricity,0.0
496,Y20,17,reg1,Final_electricity,0.0
497,Y20,18,reg1,Final_electricity,0.0
498,Y20,19,reg1,Final_electricity,0.0
499,Y20,20,reg1,Final_electricity,0.0
500,Y20,21,reg1,Final_electricity,0.0
501,Y20,22,reg1,Final_electricity,0.0
502,Y20,23,reg1,Final_electricity,0.0
503,Y20,24,reg1,Final_electricity,0.0
504,Y21,1,reg1,Final_electricity,0.0
505,Y21,2,reg1,Final_electricity,0.0
506,Y21,3,reg1,Final_electricity,0.0
507,Y21,4,reg1,Final_electricity,0.0
508,Y21,5,reg1,Final_electricity,0.0
509,Y21,6,reg1,Final_electricity,0.0
510,Y21,7,reg1,Final_electricity,0.0
511,Y21,8,reg1,Final_electricity,0.0
512,Y21,9,reg1,Final_electricity,0.0
513,Y21,10,reg1,Final_electricity,0.0
514,Y21,11,reg1,Final_electricity,0.0
515,Y21,12,reg1,Final_electricity,0.0
516,Y21,13,reg1,Final_electricity,0.0
517,Y21,14,reg1,Final_electricity,0.0
518,Y21,15,reg1,Final_electricity,0.0
519,Y21,16,reg1,Final_electricity,0.0
520,Y21,17,reg1,Final_electricity,0.0
521,Y21,18,reg1,Final_electricity,0.0
522,Y21,19,reg1,Final_electricity,0.0
523,Y21,20,reg1,Final_electricity,0.0
524,Y21,21,reg1,Final_electricity,0.0
525,Y21,22,reg1,Final_electricity,0.0
526,Y21,23,reg1,Final_electricity,0.0
527,Y21,24,reg1,Final_electricity,0.0
528,Y22,1,reg1,Final_electricity,0.0
529,Y22,2,reg1,Final_electricity,0.0
530,Y22,3,reg1,Final_electricity,0.0
531,Y22,4,reg1,Final_electricity,0.0
532,Y22,5,reg1,Final_electricity,0.0
533,Y22,6,reg1,Final_electricity,0.0
534,Y22,7,reg1,Final_electricity,0.0
535,Y22,8,reg1,Final_electricity,0.0
536,Y22,9,reg1,Final_electricity,0.0
537,Y22,10,reg1,Final_electricity,0.0
538,Y22,11,reg1,Final_electricity,0.0
539,Y22,12,reg1,Final_electricity,0.0
540,Y22,13,reg1,Final_electricity,0.0
541,Y22,14,reg1,Final_electricity,0.0
542,Y22,15,reg1,Final_electricity,0.0
543,Y22,16,reg1,Final_electricity,0.0
544,Y22,17,reg1,Final_electricity,0.0
545,Y22,18,reg1,Final_electricity,0.0
546,Y22,19,reg1,Final_electricity,0.0
547,Y22,20,reg1,Final_electricity,0.0
548,Y22,21,reg1,Final_electricity,0.0
549,Y22,22,reg1,Final_electricity,0.0
550,Y22,23,reg1,Final_electricity,0.0
551,Y22,24,reg1,Final_electricity,0.0
552,Y23,1,reg1,Final_electricity,0.0
553,Y23,2,reg1,Final_electricity,0.0
554,Y23,3,reg1,Final_electricity,0.0
555,Y23,4,reg1,Final_electricity,0.0
556,Y23,5,reg1,Final_electricity,0.0
557,Y23,6,reg1,Final_electricity,0.0
558,Y23,7,reg1,Final_electricity,0.0
559,Y23,8,reg1,Final_electricity,0.0
560,Y23,9,reg1,Final_electricity,0.0
561,Y23,10,reg1,Final_electricity,0.0
562,Y23,11,reg1,Final_electricity,0.0
563,Y23,12,reg1,Final_electricity,0.0
564,Y23,13,reg1,Final_electricity,0.0
565,Y23,14,reg1,Final_electricity,0.0
566,Y23,15,reg1,Final_electricity,0.0
567,Y23,16,reg1,Final_electricity,0.0
568,Y23,17,reg1,Final_electricity,0.0
569,Y23,18,reg1,Final_electricity,0.0
570,Y23,19,reg1,Final_electricity,0.0
571,Y23,20,reg1,Final_electricity,0.0
572,Y23,21,reg1,Final_electricity,0.0
573,Y23,22,reg1,Final_electricity,0.0
574,Y23,23,reg1,Final_electricity,0.0
575,Y23,24,reg1,Final_electricity,0.0
576,Y24,1,reg1,Final_electricity,0.0
577,Y24,2,reg1,Final_electricity,0.0
578,Y24,3,reg1,Final_electricity,0.0
579,Y24,4,reg1,Final_electricity,0.0
580,Y24,5,reg1,Final_electricity,0.0
581,Y24,6,reg1,Final_electricity,0.0
582,Y24,7,reg1,Final_electricity,0.0
583,Y24,8,reg1,Final_electricity,0.0
584,Y24,9,reg1,Final_electricity,0.0
585,Y24,10,reg1,Final_electricity,0.0
586,Y24,11,reg1,Final_electricity,0.0
587,Y24,12,reg1,Final_electricity,0.0
588,Y24,13,reg1,Final_electricity,0.0
589,Y24,14,reg1,Final_electricity,0.0
590,Y24,15,reg1,Final_electricity,0.0
591,Y24,16,reg1,Final_electricity,0.0
592,Y24,17,reg1,Final_electricity,0.0
593,Y24,18,reg1,Final_electricity,0.0
594,Y24,19,reg1,Final_electricity,0.0
595,Y24,20,reg1,Final_electricity,0.0
596,Y24,21,reg1,Final_electricity,0.0
597,Y24,22,reg1,Final_electricity,0.0
598,Y24,23,reg1,Final_electricity,0.0
599,Y24,24,reg1,Final_electricity,0.0
600,Y25,1,reg1,Final_electricity,0.0
601,Y25,2,reg1,Final_electricity,0.0
602,Y25,3,reg1,Final_electricity,0.0
603,Y25,4,reg1,Final_electricity,0.0
604,Y25,5,reg1,Final_electricity,0.0
605,Y25,6,reg1,Final_electricity,0.0
606,Y25,7,reg1,Final_electricity,0.0
607,Y25,8,reg1,Final_electricity,0.0
608,Y25,9,reg1,Final_electricity,0.0
609,Y25,10,reg1,Final_electricity,0.0
610,Y25,11,reg1,Final_electricity,0.0
611,Y25,12,reg1,Final_electricity,0.0
612,Y25,13,reg1,Final_electricity,0.0
613,Y25,14,reg1,Final_electricity,0.0
614,Y25,15,reg1,Final_electricity,0.0
615,Y25,16,reg1,Final_electricity,0.0
616,Y25,17,reg1,Final_electricity,0.0
617,Y25,18,reg1,Final_electricity,0.0
618,Y25,19,reg1,Final_electricity,0.0
619,Y25,20,reg1,Final_electricity,0.0
620,Y25,21,reg1,Final_electricity,0.0
621,Y25,22,reg1,Final_electricity,0.0
622,Y25,23,reg1,Final_electricity,0.0
623,Y25,24,reg1,Final_electricity,0.0
624,Y26,1,reg1,Final_electricity,0.0
625,Y26,2,reg1,Final_electricity,0.0
626,Y26,3,reg1,Final_electricity,0.0
627,Y26,4,reg1,Final_electricity,0.0
628,Y26,5,reg1,Final_electricity,0.0
629,Y26,6,reg1,Final_electricity,0.0
630,Y26,7,reg1,Final_electricity,0.0
631,Y26,8,reg1,Final_electricity,0.0
632,Y26,9,reg1,Final_electricity,0.0
633,Y26,10,reg1,Final_electricity,0.0
634,Y26,11,reg1,Final_electricity,0.0
635,Y26,12,reg1,Final_electricity,0.0
636,Y26,13,reg1,Final_electricity,0.0
637,Y26,14,reg1,Final_electricity,0.0
638,Y26,15,reg1,Final_electricity,0.0
639,Y26,16,reg1,Final_electricity,0.0
640,Y26,17,reg1,Final_electricity,0.0
641,Y26,18,reg1,Final_electricity,0.0
642,Y26,19,reg1,Final_electricity,0.0
643,Y26,20,reg1,Final_electricity,0.0
644,Y26,21,reg1,Final_electricity,0.0
645,Y26,22,reg1,Final_electricity,0.0
646,Y26,23,reg1,Final_electricity,0.0
647,Y26,24,reg1,Final_electricity,0.0
648,Y27,1,reg1,Final_electricity,0.0
649,Y27,2,reg1,Final_electricity,0.0
650,Y27,3,reg1,Final_electricity,0.0
651,Y27,4,reg1,Final_electricity,0.0
652,Y27,5,reg1,Final_electricity,0.0
653,Y27,6,reg1,Final_electricity,0.0
654,Y27,7,reg1,Final_electricity,0.0
655,Y27,8,reg1,Final_electricity,0.0
656,Y27,9,reg1,Final_electricity,0.0
657,Y27,10,reg1,Final_electricity,0.0
658,Y27,11,reg1,Final_electricity,0.0
659,Y27,12,reg1,Final_electricity,0.0
660,Y27,13,reg1,Final_electricity,0.0
661,Y27,14,reg1,Final_electricity,0.0
662,Y27,15,reg1,Final_electricity,0.0
663,Y27,16,reg1,Final_electricity,0.0
664,Y27,17,reg1,Final_electricity,0.0
665,Y27,18,reg1,Final_electricity,0.0
666,Y27,19,reg1,Final_electricity,0.0
667,Y27,20,reg1,Final_electricity,0.0
668,Y27,21,reg1,Final_electricity,0.0
669,Y27,22,reg1,Final_electricity,0.0
670,Y27,23,reg1,Final_electricity,0.0
671,Y27,24,reg1,Final_electricity,0.0
672,Y28,1,reg1,Final_electricity,0.0
673,Y28,2,reg1,Final_electricity,0.0
674,Y28,3,reg1,Final_electricity,0.0
675,Y28,4,reg1,Final_electricity,0.0
676,Y28,5,reg1,Final_electricity,0.0
677,Y28,6,reg1,Final_electricity,0.0
678,Y28,7,reg1,Final_electricity,0.0
679,Y28,8,reg1,Final_electricity,0.0
680,Y28,9,reg1,Final_electricity,0.0
681,Y28,10,reg1,Final_electricity,0.0
682,Y28,11,reg1,Final_electricity,0.0
683,Y28,12,reg1,Final_electricity,0.0
684,Y28,13,reg1,Final_electricity,0.0
685,Y28,14,reg1,Final_electricity,0.0
686,Y28,15,reg1,Final_electricity,0.0
687,Y28,16,reg1,Final_electricity,0.0
688,Y28,17,reg1,Final_electricity,0.0
689,Y28,18,reg1,Final_electricity,0.0
690,Y28,19,reg1,Final_electricity,0.0
691,Y28,20,reg1,Final_electricity,0.0
692,Y28,21,reg1,Final_electricity,0.0
693,Y28,22,reg1,Final_electricity,0.0
694,Y28,23,reg1,Final_electricity,0.0
695,Y28,24,reg1,Final_electricity,0.0
696,Y29,1,reg1,Final_electricity,0.0
697,Y29,2,reg1,Final_electricity,0.0
698,Y29,3,reg1,Final_electricity,0.0
699,Y29,4,reg1,Final_electricity,0.0
700,Y29,5,reg1,Final_electricity,0.0
701,Y29,6,reg1,Final_electricity,0.0
702,Y29,7,reg1,Final_electricity,0.0
703,Y29,8,reg1,Final_electricity,0.0
704,Y29,9,reg1,Final_electricity,0.0
705,Y29,10,reg1,Final_electricity,0.0
706,Y29,11,reg1,Final_electricity,0.0
707,Y29,12,reg1,Final_electricity,0.0
708,Y29,13,reg1,Final_electricity,0.0
709,Y29,14,reg1,Final_electricity,0.0
710,Y29,15,reg1,Final_electricity,0.0
711,Y29,16,reg1,Final_electricity,0.0
712,Y29,17,reg1,Final_electricity,0.0
713,Y29,18,reg1,Final_electricity,0.0
714,Y29,19,reg1,Final_electricity,0.0
715,Y29,20,reg1,Final_electricity,0.0
716,Y29,21,reg1,Final_electricity,0.0
717,Y29,22,reg1,Final_electricity,0.0
718,Y29,23,reg1,Final_electricity,0.0
719,Y29,24,reg1,Final_electricity,0.0
720,Y30,1,reg1,Final_electricity,0.0
721,Y30,2,reg1,Final_electricity,0.0
722,Y30,3,reg1,Final_electricity,0.0
723,Y30,4,reg1,Final_electricity,0.0
724,Y30,5,reg1,Final_electricity,0.0
725,Y30,6,reg1,Final_electricity,0.0
726,Y30,7,reg1,Final_electricity,0.0
727,Y30,8,reg1,Final_electricity,0.0
728,Y30,9,reg1,Final_electricity,0.0
729,Y30,10,reg1,Final_electricity,0.0
730,Y30,11,reg1,Final_electricity,0.0
731,Y30,12,reg1,Final_electricity,0.0
732,Y30,13,reg1,Final_electricity,0.0
733,Y30,14,reg1,Final_electricity,0.0
734,Y30,15,reg1,Final_electricity,0.0
735,Y30,16,reg1,Final_electricity,0.0
736,Y30,17,reg1,Final_electricity,0.0
737,Y30,18,reg1,Final_electricity,0.0
738,Y30,19,reg1,Final_electricity,0.0
739,Y30,20,reg1,Final_electricity,0.0
740,Y30,21,reg1,Final_electricity,0.0
741,Y30,22,reg1,Final_electricity,0.0
742,Y30,23,reg1,Final_electricity,0.0
743,Y30,24,reg1,Final_electricity,0.0
744,Y31,1,reg1,Final_electricity,0.0
745,Y31,2,reg1,Final_electricity,0.0
746,Y31,3,reg1,Final_electricity,0.0
747,Y31,4,reg1,Final_electricity,0.0
748,Y31,5,reg1,Final_electricity,0.0
749,Y31,6,reg1,Final_electricity,0.0
750,Y31,7,reg1,Final_electricity,0.0
751,Y31,8,reg1,Final_electricity,0.0
752,Y31,9,reg1,Final_electricity,0.0
753,Y31,10,reg1,Final_electricity,0.0
754,Y31,11,reg1,Final_electricity,0.0
755,Y31,12,reg1,Final_electricity,0.0
756,Y31,13,reg1,Final_electricity,0.0
757,Y31,14,reg1,Final_electricity,0.0
758,Y31,15,reg1,Final_electricity,0.0
759,Y31,16,reg1,Final_electricity,0.0
760,Y31,17,reg1,Final_electricity,0.0
761,Y31,18,reg1,Final_electricity,0.0
762,Y31,19,reg1,Final_electricity,0.0
763,Y31,20,reg1,Final_electricity,0.0
764,Y31,21,reg1,Final_electricity,0.0
765,Y31,22,reg1,Final_electricity,0.0
766,Y31,23,reg1,Final_electricity,0.0
767,Y31,24,reg1,Final_electricity,0.0
768,Y32,1,reg1,Final_electricity,0.0
769,Y32,2,reg1,Final_electricity,0.0
770,Y32,3,reg1,Final_electricity,0.0
771,Y32,4,reg1,Final_electricity,0.0
772,Y32,5,reg1,Final_electricity,0.0
773,Y32,6,reg1,Final_electricity,0.0
774,Y32,7,reg1,Final_electricity,0.0
775,Y32,8,reg1,Final_electricity,0.0
776,Y32,9,reg1,Final_electricity,0.0
777,Y32,10,reg1,Final_electricity,0.0
778,Y32,11,reg1,Final_electricity,0.0
779,Y32,12,reg1,Final_electricity,0.0
780,Y32,13,reg1,Final_electricity,0.0
781,Y32,14,reg1,Final_electricity,0.0
782,Y32,15,reg1,Final_electricity,0.0
783,Y32,16,reg1,Final_electricity,0.0
784,Y32,17,reg1,Final_electricity,0.0
785,Y32,18,reg1,Final_electricity,0.0
786,Y32,19,reg1,Final_electricity,0.0
787,Y32,20,reg1,Final_electricity,0.0
788,Y32,21,reg1,Final_electricity,0.0
789,Y32,22,reg1,Final_electricity,0.0
790,Y32,23,reg1,Final_electricity,0.0
791,Y32,24,reg1,Final_electricity,0.0
792,Y33,1,reg1,Final_electricity,0.0
793,Y33,2,reg1,Final_electricity,0.0
794,Y33,3,reg1,Final_electricity,0.0
795,Y33,4,reg1,Final_electricity,0.0
796,Y33,5,reg1,Final_electricity,0.0
797,Y33,6,reg1,Final_electricity,0.0
798,Y33,7,reg1,Final_electricity,0.0
799,Y33,8,reg1,Final_electricity,0.0
800,Y33,9,reg1,Final_electricity,0.0
801,Y33,10,reg1,Final_electricity,0.0
802,Y33,11,reg1,Final_electricity,0.0
803,Y33,12,reg1,Final_electricity,0.0
804,Y33,13,reg1,Final_electricity,0.0
805,Y33,14,reg1,Final_electricity,0.0
806,Y33,15,reg1,Final_electricity,0.0
807,Y33,16,reg1,Final_electricity,0.0
808,Y33,17,reg1,Final_electricity,0.0
809,Y33,18,reg1,Final_electricity,0.0
810,Y33,19,reg1,Final_electricity,0.0
811,Y33,20,reg1,Final_electricity,0.0
812,Y33,21,reg1,Final_electricity,0.0
813,Y33,22,reg1,Final_electricity,0.0
814,Y33,23,reg1,Final_electricity,0.0
815,Y33,24,reg1,Final_electricity,0.0
816,Y34,1,reg1,Final_electricity,0.0
817,Y34,2,reg1,Final_electricity,0.0
818,Y34,3,reg1,Final_electricity,0.0
819,Y34,4,reg1,Final_electricity,0.0
820,Y34,5,reg1,Final_electricity,0.0
821,Y34,6,reg1,Final_electricity,0.0
822,Y34,7,reg1,Final_electricity,0.0
823,Y34,8,reg1,Final_electricity,0.0
824,Y34,9,reg1,Final_electricity,0.0
825,Y34,10,reg1,Final_electricity,0.0
826,Y34,11,reg1,Final_electricity,0.0
827,Y34,12,reg1,Final_electricity,0.0
828,Y34,13,reg1,Final_electricity,0.0
829,Y34,14,reg1,Final_electricity,0.0
830,Y34,15,reg1,Final_electricity,0.0
831,Y34,16,reg1,Final_electricity,0.0
832,Y34,17,reg1,Final_electricity,0.0
833,Y34,18,reg1,Final_electricity,0.0
834,Y34,19,reg1,Final_electricity,0.0
835,Y34,20,reg1,Final_electricity,0.0
836,Y34,21,reg1,Final_electricity,0.0
837,Y34,22,reg1,Final_electricity,0.0
838,Y34,23,reg1,Final_electricity,0.0
839,Y34,24,reg1,Final_electricity,0.0
840,Y35,1,reg1,Final_electricity,0.0
841,Y35,2,reg1,Final_electricity,0.0
842,Y35,3,reg1,Final_electricity,0.0
843,Y35,4,reg1,Final_electricity,0.0
844,Y35,5,reg1,Final_electricity,0.0
845,Y35,6,reg1,Final_electricity,0.0
846,Y35,7,reg1,Final_electricity,0.0
847,Y35,8,reg1,Final_electricity,0.0
848,Y35,9,reg1,Final_electricity,0.0
849,Y35,10,reg1,Final_electricity,0.0
850,Y35,11,reg1,Final_electricity,0.0
851,Y35,12,reg1,Final_electricity,0.0
852,Y35,13,reg1,Final_electricity,0.0
853,Y35,14,reg1,Final_electricity,0.0
854,Y35,15,reg1,Final_electricity,0.0
855,Y35,16,reg1,Final_electricity,0.0
856,Y35,17,reg1,Final_electricity,0.0
857,Y35,18,reg1,Final_electricity,0.0
858,Y35,19,reg1,Final_electricity,0.0
859,Y35,20,reg1,Final_electricity,0.0
860,Y35,21,reg1,Final_electricity,0.0
861,Y35,22,reg1,Final_electricity,0.0
862,Y35,23,reg1,Final_electricity,0.0
863,Y35,24,reg1,Final_electricity,0.0
864,Y0,1,reg1,Final_heat,0.0
865,Y0,2,reg1,Final_heat,0.0
866,Y0,3,reg1,Final_heat,0.0
867,Y0,4,reg1,Final_heat,0.0
868,Y0,5,reg1,Final_heat,0.0
869,Y0,6,reg1,Final_heat,0.0
870,Y0,7,reg1,Final_heat,0.0
871,Y0,8,reg1,Final_heat,0.0
872,Y0,9,reg1,Final_heat,0.0
873,Y0,10,reg1,Final_heat,0.0
874,Y0,11,reg1,Final_heat,0.0
875,Y0,12,reg1,Final_heat,0.0
876,Y0,13,reg1,Final_heat,0.0
877,Y0,14,reg1,Final_heat,0.0
878,Y0,15,reg1,Final_heat,0.0
879,Y0,16,reg1,Final_heat,0.0
880,Y0,17,reg1,Final_heat,0.0
881,Y0,18,reg1,Final_heat,0.0
882,Y0,19,reg1,Final_heat,0.0
883,Y0,20,reg1,Final_heat,0.0
884,Y0,21,reg1,Final_heat,0.0
885,Y0,22,reg1,Final_heat,0.0
886,Y0,23,reg1,Final_heat,0.0
887,Y0,24,reg1,Final_heat,0.0
888,Y1,1,reg1,Final_heat,0.0
889,Y1,2,reg1,Final_heat,0.0
890,Y1,3,reg1,Final_heat,0.0
891,Y1,4,reg1,Final_heat,0.0
892,Y1,5,reg1,Final_heat,0.0
893,Y1,6,reg1,Final_heat,0.0
894,Y1,7,reg1,Final_heat,0.0
895,Y1,8,reg1,Final_heat,0.0
896,Y1,9,reg1,Final_heat,0.0
897,Y1,10,reg1,Final_heat,0.0
898,Y1,11,reg1,Final_heat,0.0
899,Y1,12,reg1,Final_heat,0.0
900,Y1,13,reg1,Final_heat,0.0
901,Y1,14,reg1,Final_heat,0.0
902,Y1,15,reg1,Final_heat,0.0
903,Y1,16,reg1,Final_heat,0.0
904,Y1,17,reg1,Final_heat,0.0
905,Y1,18,reg1,Final_heat,0.0
906,Y1,19,reg1,Final_heat,0.0
907,Y1,20,reg1,Final_heat,0.0
908,Y1,21,reg1,Final_heat,0.0
909,Y1,22,reg1,Final_heat,0.0
910,Y1,23,reg1,Final_heat,0.0
911,Y1,24,reg1,Final_heat,0.0
912,Y2,1,reg1,Final_heat,0.0
913,Y2,2,reg1,Final_heat,0.0
914,Y2,3,reg1,Final_heat,0.0
915,Y2,4,reg1,Final_heat,0.0
916,Y2,5,reg1,Final_heat,0.0
917,Y2,6,reg1,Final_heat,0.0
918,Y2,7,reg1,Final_heat,0.0
919,Y2,8,reg1,Final_heat,0.0
920,Y2,9,reg1,Final_heat,0.0
921,Y2,10,reg1,Final_heat,0.0
922,Y2,11,reg1,Final_heat,0.0
923,Y2,12,reg1,Final_heat,0.0
924,Y2,13,reg1,Final_heat,0.0
925,Y2,14,reg1,Final_heat,0.0
926,Y2,15,reg1,Final_heat,0.0
927,Y2,16,reg1,Final_heat,0.0
928,Y2,17,reg1,Final_heat,0.0
929,Y2,18,reg1,Final_heat,0.0
930,Y2,19,reg1,Final_heat,0.0
931,Y2,20,reg1,Final_heat,0.0
932,Y2,21,reg1,Final_heat,0.0
933,Y2,22,reg1,Final_heat,0.0
934,Y2,23,reg1,Final_heat,0.0
935,Y2,24,reg1,Final_heat,0.0
936,Y3,1,reg1,Final_heat,0.0
937,Y3,2,reg1,Final_heat,0.0
938,Y3,3,reg1,Final_heat,0.0
939,Y3,4,reg1,Final_heat,0.0
940,Y3,5,reg1,Final_heat,0.0
941,Y3,6,reg1,Final_heat,0.0
942,Y3,7,reg1,Final_heat,0.0
943,Y3,8,reg1,Final_heat,0.0
944,Y3,9,reg1,Final_heat,0.0
945,Y3,10,reg1,Final_heat,0.0
946,Y3,11,reg1,Final_heat,0.0
947,Y3,12,reg1,Final_heat,0.0
948,Y3,13,reg1,Final_heat,0.0
949,Y3,14,reg1,Final_heat,0.0
950,Y3,15,reg1,Final_heat,0.0
951,Y3,16,reg1,Final_heat,0.0
952,Y3,17,reg1,Final_heat,0.0
953,Y3,18,reg1,Final_heat,0.0
954,Y3,19,reg1,Final_heat,0.0
955,Y3,20,reg1,Final_heat,0.0
956,Y3,21,reg1,Final_heat,0.0
957,Y3,22,reg1,Final_heat,0.0
958,Y3,23,reg1,Final_heat,0.0
959,Y3,24,reg1,Final_heat,0.0
960,Y4,1,reg1,Final_heat,0.0
961,Y4,2,reg1,Final_heat,0.0
962,Y4,3,reg1,Final_heat,0.0
963,Y4,4,reg1,Final_heat,0.0
964,Y4,5,reg1,Final_heat,0.0
965,Y4,6,reg1,Final_heat,0.0
966,Y4,7,reg1,Final_heat,0.0
967,Y4,8,reg1,Final_heat,0.0
968,Y4,9,reg1,Final_heat,0.0
969,Y4,10,reg1,Final_heat,0.0
970,Y4,11,reg1,Final_heat,0.0
971,Y4,12,reg1,Final_heat,0.0
972,Y4,13,reg1,Final_heat,0.0
973,Y4,14,reg1,Final_heat,0.0
974,Y4,15,reg1,Final_heat,0.0
975,Y4,16,reg1,Final_heat,0.0
976,Y4,17,reg1,Final_heat,0.0
977,Y4,18,reg1,Final_heat,0.0
978,Y4,19,reg1,Final_heat,0.0
979,Y4,20,reg1,Final_heat,0.0
980,Y4,21,reg1,Final_heat,0.0
981,Y4,22,reg1,Final_heat,0.0
982,Y4,23,reg1,Final_heat,0.0
983,Y4,24,reg1,Final_heat,0.0
984,Y5,1,reg1,Final_heat,0.0
985,Y5,2,reg1,Final_heat,0.0
986,Y5,3,reg1,Final_heat,0.0
987,Y5,4,reg1,Final_heat,0.0
988,Y5,5,reg1,Final_heat,0.0
989,Y5,6,reg1,Final_heat,0.0
990,Y5,7,reg1,Final_heat,0.0
991,Y5,8,reg1,Final_heat,0.0
992,Y5,9,reg1,Final_heat,0.0
993,Y5,10,reg1,Final_heat,0.0
994,Y5,11,reg1,Final_heat,0.0
995,Y5,12,reg1,Final_heat,0.0
996,Y5,13,reg1,Final_heat,0.0
997,Y5,14,reg1,Final_heat,0.0
998,Y5,15,reg1,Final_heat,0.0
999,Y5,16,reg1,Final_heat,0.0
1000,Y5,17,reg1,Final_heat,0.0
1001,Y5,18,reg1,Final_heat,0.0
1002,Y5,19,reg1,Final_heat,0.0
1003,Y5,20,reg1,Final_heat,0.0
1004,Y5,21,reg1,Final_heat,0.0
1005,Y5,22,reg1,Final_heat,0.0
1006,Y5,23,reg1,Final_heat,0.0
1007,Y5,24,reg1,Final_heat,0.0
1008,Y6,1,reg1,Final_heat,0.0
1009,Y6,2,reg1,Final_heat,0.0
1010,Y6,3,reg1,Final_heat,0.0
1011,Y6,4,reg1,Final_heat,0.0
1012,Y6,5,reg1,Final_heat,0.0
1013,Y6,6,reg1,Final_heat,0.0
1014,Y6,7,reg1,Final_heat,0.0
1015,Y6,8,reg1,Final_heat,0.0
1016,Y6,9,reg1,Final_heat,0.0
1017,Y6,10,reg1,Final_heat,0.0
1018,Y6,11,reg1,Final_heat,0.0
1019,Y6,12,reg1,Final_heat,0.0
1020,Y6,13,reg1,Final_heat,0.0
1021,Y6,14,reg1,Final_heat,0.0
1022,Y6,15,reg1,Final_heat,0.0
1023,Y6,16,reg1,Final_heat,0.0
1024,Y6,17,reg1,Final_heat,0.0
1025,Y6,18,reg1,Final_heat,0.0
1026,Y6,19,reg1,Final_heat,0.0
1027,Y6,20,reg1,Final_heat,0.0
1028,Y6,21,reg1,Final_heat,0.0
1029,Y6,22,reg1,Final_heat,0.0
1030,Y6,23,reg1,Final_heat,0.0
1031,Y6,24,reg1,Final_heat,0.0
1032,Y7,1,reg1,Final_heat,0.0
1033,Y7,2,reg1,Final_heat,0.0
1034,Y7,3,reg1,Final_heat,0.0
1035,Y7,4,reg1,Final_heat,0.0
1036,Y7,5,reg1,Final_heat,0.0
1037,Y7,6,reg1,Final_heat,0.0
1038,Y7,7,reg1,Final_heat,0.0
1039,Y7,8,reg1,Final_heat,0.0
1040,Y7,9,reg1,Final_heat,0.0
1041,Y7,10,reg1,Final_heat,0.0
1042,Y7,11,reg1,Final_heat,0.0
1043,Y7,12,reg1,Final_heat,0.0
1044,Y7,13,reg1,Final_heat,0.0
1045,Y7,14,reg1,Final_heat,0.0
1046,Y7,15,reg1,Final_heat,0.0
1047,Y7,16,reg1,Final_heat,0.0
1048,Y7,17,reg1,Final_heat,0.0
1049,Y7,18,reg1,Final_heat,0.0
1050,Y7,19,reg1,Final_heat,0.0
1051,Y7,20,reg1,Final_heat,0.0
1052,Y7,21,reg1,Final_heat,0.0
1053,Y7,22,reg1,Final_heat,0.0
1054,Y7,23,reg1,Final_heat,0.0
1055,Y7,24,reg1,Final_heat,0.0
1056,Y8,1,reg1,Final_heat,0.0
1057,Y8,2,reg1,Final_heat,0.0
1058,Y8,3,reg1,Final_heat,0.0
1059,Y8,4,reg1,Final_heat,0.0
1060,Y8,5,reg1,Final_heat,0.0
1061,Y8,6,reg1,Final_heat,0.0
1062,Y8,7,reg1,Final_heat,0.0
1063,Y8,8,reg1,Final_heat,0.0
1064,Y8,9,reg1,Final_heat,0.0
1065,Y8,10,reg1,Final_heat,0.0
1066,Y8,11,reg1,Final_heat,0.0
1067,Y8,12,reg1,Final_heat,0.0
1068,Y8,13,reg1,Final_heat,0.0
1069,Y8,14,reg1,Final_heat,0.0
1070,Y8,15,reg1,Final_heat,0.0
1071,Y8,16,reg1,Final_heat,0.0
1072,Y8,17,reg1,Final_heat,0.0
1073,Y8,18,reg1,Final_heat,0.0
1074,Y8,19,reg1,Final_heat,0.0
1075,Y8,20,reg1,Final_heat,0.0
1076,Y8,21,reg1,Final_heat,0.0
1077,Y8,22,reg1,Final_heat,0.0
1078,Y8,23,reg1,Final_heat,0.0
1079,Y8,24,reg1,Final_heat,0.0
1080,Y9,1,reg1,Final_heat,0.0
1081,Y9,2,reg1,Final_heat,0.0
1082,Y9,3,reg1,Final_heat,0.0
1083,Y9,4,reg1,Final_heat,0.0
1084,Y9,5,reg1,Final_heat,0.0
1085,Y9,6,reg1,Final_heat,0.0
1086,Y9,7,reg1,Final_heat,0.0
1087,Y9,8,reg1,Final_heat,0.0
1088,Y9,9,reg1,Final_heat,0.0
1089,Y9,10,reg1,Final_heat,0.0
1090,Y9,11,reg1,Final_heat,0.0
1091,Y9,12,reg1,Final_heat,0.0
1092,Y9,13,reg1,Final_heat,0.0
1093,Y9,14,reg1,Final_heat,0.0
1094,Y9,15,reg1,Final_heat,0.0
1095,Y9,16,reg1,Final_heat,0.0
1096,Y9,17,reg1,Final_heat,0.0
1097,Y9,18,reg1,Final_heat,0.0
1098,Y9,19,reg1,Final_heat,0.0
1099,Y9,20,reg1,Final_heat,0.0
1100,Y9,21,reg1,Final_heat,0.0
1101,Y9,22,reg1,Final_heat,0.0
1102,Y9,23,reg1,Final_heat,0.0
1103,Y9,24,reg1,Final_heat,0.0
1104,Y10,1,reg1,Final_heat,0.0
1105,Y10,2,reg1,Final_heat,0.0
1106,Y10,3,reg1,Final_heat,0.0
1107,Y10,4,reg1,Final_heat,0.0
1108,Y10,5,reg1,Final_heat,0.0
1109,Y10,6,reg1,Final_heat,0.0
1110,Y10,7,reg1,Final_heat,0.0
1111,Y10,8,reg1,Final_heat,0.0
1112,Y10,9,reg1,Final_heat,0.0
1113,Y10,10,reg1,Final_heat,0.0
1114,Y10,11,reg1,Final_heat,0.0
1115,Y10,12,reg1,Final_heat,0.0
1116,Y10,13,reg1,Final_heat,0.0
1117,Y10,14,reg1,Final_heat,0.0
1118,Y10,15,reg1,Final_heat,0.0
1119,Y10,16,reg1,Final_heat,0.0
1120,Y10,17,reg1,Final_heat,0.0
1121,Y10,18,reg1,Final_heat,0.0
1122,Y10,19,reg1,Final_heat,0.0
1123,Y10,20,reg1,Final_heat,0.0
1124,Y10,21,reg1,Final_heat,0.0
1125,Y10,22,reg1,Final_heat,0.0
1126,Y10,23,reg1,Final_heat,0.0
1127,Y10,24,reg1,Final_heat,0.0
1128,Y11,1,reg1,Final_heat,0.0
1129,Y11,2,reg1,Final_heat,0.0
1130,Y11,3,reg1,Final_heat,0.0
1131,Y11,4,reg1,Final_heat,0.0
1132,Y11,5,reg1,Final_heat,0.0
1133,Y11,6,reg1,Final_heat,0.0
1134,Y11,7,reg1,Final_heat,0.0
1135,Y11,8,reg1,Final_heat,0.0
1136,Y11,9,reg1,Final_heat,0.0
1137,Y11,10,reg1,Final_heat,0.0
1138,Y11,11,reg1,Final_heat,0.0
1139,Y11,12,reg1,Final_heat,0.0
1140,Y11,13,reg1,Final_heat,0.0
1141,Y11,14,reg1,Final_heat,0.0
1142,Y11,15,reg1,Final_heat,0.0
1143,Y11,16,reg1,Final_heat,0.0
1144,Y11,17,reg1,Final_heat,0.0
1145,Y11,18,reg1,Final_heat,0.0
1146,Y11,19,reg1,Final_heat,0.0
1147,Y11,20,reg1,Final_heat,0.0
1148,Y11,21,reg1,Final_heat,0.0
1149,Y11,22,reg1,Final_heat,0.0
1150,Y11,23,reg1,Final_heat,0.0
1151,Y11,24,reg1,Final_heat,0.0
1152,Y12,1,reg1,Final_heat,0.0
1153,Y12,2,reg1,Final_heat,0.0
1154,Y12,3,reg1,Final_heat,0.0
1155,Y12,4,reg1,Final_heat,0.0
1156,Y12,5,reg1,Final_heat,0.0
1157,Y12,6,reg1,Final_heat,0.0
1158,Y12,7,reg1,Final_heat,0.0
1159,Y12,8,reg1,Final_heat,0.0
1160,Y12,9,reg1,Final_heat,0.0
1161,Y12,10,reg1,Final_heat,0.0
1162,Y12,11,reg1,Final_heat,0.0
1163,Y12,12,reg1,Final_heat,0.0
1164,Y12,13,reg1,Final_heat,0.0
1165,Y12,14,reg1,Final_heat,0.0
1166,Y12,15,reg1,Final_heat,0.0
1167,Y12,16,reg1,Final_heat,0.0
1168,Y12,17,reg1,Final_heat,0.0
1169,Y12,18,reg1,Final_heat,0.0
1170,Y12,19,reg1,Final_heat,0.0
1171,Y12,20,reg1,Final_heat,0.0
1172,Y12,21,reg1,Final_heat,0.0
1173,Y12,22,reg1,Final_heat,0.0
1174,Y12,23,reg1,Final_heat,0.0
1175,Y12,24,reg1,Final_heat,0.0
1176,Y13,1,reg1,Final_heat,0.0
1177,Y13,2,reg1,Final_heat,0.0
1178,Y13,3,reg1,Final_heat,0.0
1179,Y13,4,reg1,Final_heat,0.0
1180,Y13,5,reg1,Final_heat,0.0
1181,Y13,6,reg1,Final_heat,0.0
1182,Y13,7,reg1,Final_heat,0.0
1183,Y13,8,reg1,Final_heat,0.0
1184,Y13,9,reg1,Final_heat,0.0
1185,Y13,10,reg1,Final_heat,0.0
1186,Y13,11,reg1,Final_heat,0.0
1187,Y13,12,reg1,Final_heat,0.0
1188,Y13,13,reg1,Final_heat,0.0
1189,Y13,14,reg1,Final_heat,0.0
1190,Y13,15,reg1,Final_heat,0.0
1191,Y13,16,reg1,Final_heat,0.0
1192,Y13,17,reg1,Final_heat,0.0
1193,Y13,18,reg1,Final_heat,0.0
1194,Y13,19,reg1,Final_heat,0.0
1195,Y13,20,reg1,Final_heat,0.0
1196,Y13,21,reg1,Final_heat,0.0
1197,Y13,22,reg1,Final_heat,0.0
1198,Y13,23,reg1,Final_heat,0.0
1199,Y13,24,reg1,Final_heat,0.0
1200,Y14,1,reg1,Final_heat,0.0
1201,Y14,2,reg1,Final_heat,0.0
1202,Y14,3,reg1,Final_heat,0.0
1203,Y14,4,reg1,Final_heat,0.0
1204,Y14,5,reg1,Final_heat,0.0
1205,Y14,6,reg1,Final_heat,0.0
1206,Y14,7,reg1,Final_heat,0.0
1207,Y14,8,reg1,Final_heat,0.0
1208,Y14,9,reg1,Final_heat,0.0
1209,Y14,10,reg1,Final_heat,0.0
1210,Y14,11,reg1,Final_heat,0.0
1211,Y14,12,reg1,Final_heat,0.0
1212,Y14,13,reg1,Final_heat,0.0
1213,Y14,14,reg1,Final_heat,0.0
1214,Y14,15,reg1,Final_heat,0.0
1215,Y14,16,reg1,Final_heat,0.0
1216,Y14,17,reg1,Final_heat,0.0
1217,Y14,18,reg1,Final_heat,0.0
1218,Y14,19,reg1,Final_heat,0.0
1219,Y14,20,reg1,Final_heat,0.0
1220,Y14,21,reg1,Final_heat,0.0
1221,Y14,22,reg1,Final_heat,0.0
1222,Y14,23,reg1,Final_heat,0.0
1223,Y14,24,reg1,Final_heat,0.0
1224,Y15,1,reg1,Final_heat,0.0
1225,Y15,2,reg1,Final_heat,0.0
1226,Y15,3,reg1,Final_heat,0.0
1227,Y15,4,reg1,Final_heat,0.0
1228,Y15,5,reg1,Final_heat,0.0
1229,Y15,6,reg1,Final_heat,0.0
1230,Y15,7,reg1,Final_heat,0.0
1231,Y15,8,reg1,Final_heat,0.0
1232,Y15,9,reg1,Final_heat,0.0
1233,Y15,10,reg1,Final_heat,0.0
1234,Y15,11,reg1,Final_heat,0.0
1235,Y15,12,reg1,Final_heat,0.0
1236,Y15,13,reg1,Final_heat,0.0
1237,Y15,14,reg1,Final_heat,0.0
1238,Y15,15,reg1,Final_heat,0.0
1239,Y15,16,reg1,Final_heat,0.0
1240,Y15,17,reg1,Final_heat,0.0
1241,Y15,18,reg1,Final_heat,0.0
1242,Y15,19,reg1,Final_heat,0.0
1243,Y15,20,reg1,Final_heat,0.0
1244,Y15,21,reg1,Final_heat,0.0
1245,Y15,22,reg1,Final_heat,0.0
1246,Y15,23,reg1,Final_heat,0.0
1247,Y15,24,reg1,Final_heat,0.0
1248,Y16,1,reg1,Final_heat,0.0
1249,Y16,2,reg1,Final_heat,0.0
1250,Y16,3,reg1,Final_heat,0.0
1251,Y16,4,reg1,Final_heat,0.0
1252,Y16,5,reg1,Final_heat,0.0
1253,Y16,6,reg1,Final_heat,0.0
1254,Y16,7,reg1,Final_heat,0.0
1255,Y16,8,reg1,Final_heat,0.0
1256,Y16,9,reg1,Final_heat,0.0
1257,Y16,10,reg1,Final_heat,0.0
1258,Y16,11,reg1,Final_heat,0.0
1259,Y16,12,reg1,Final_heat,0.0
1260,Y16,13,reg1,Final_heat,0.0
1261,Y16,14,reg1,Final_heat,0.0
1262,Y16,15,reg1,Final_heat,0.0
1263,Y16,16,reg1,Final_heat,0.0
1264,Y16,17,reg1,Final_heat,0.0
1265,Y16,18,reg1,Final_heat,0.0
1266,Y16,19,reg1,Final_heat,0.0
1267,Y16,20,reg1,Final_heat,0.0
1268,Y16,21,reg1,Final_heat,0.0
1269,Y16,22,reg1,Final_heat,0.0
1270,Y16,23,reg1,Final_heat,0.0
1271,Y16,24,reg1,Final_heat,0.0
1272,Y17,1,reg1,Final_heat,0.0
1273,Y17,2,reg1,Final_heat,0.0
1274,Y17,3,reg1,Final_heat,0.0
1275,Y17,4,reg1,Final_heat,0.0
1276,Y17,5,reg1,Final_heat,0.0
1277,Y17,6,reg1,Final_heat,0.0
1278,Y17,7,reg1,Final_heat,0.0
1279,Y17,8,reg1,Final_heat,0.0
1280,Y17,9,reg1,Final_heat,0.0
1281,Y17,10,reg1,Final_heat,0.0
1282,Y17,11,reg1,Final_heat,0.0
1283,Y17,12,reg1,Final_heat,0.0
1284,Y17,13,reg1,Final_heat,0.0
1285,Y17,14,reg1,Final_heat,0.0
1286,Y17,15,reg1,Final_heat,0.0
1287,Y17,16,reg1,Final_heat,0.0
1288,Y17,17,reg1,Final_heat,0.0
1289,Y17,18,reg1,Final_heat,0.0
1290,Y17,19,reg1,Final_heat,0.0
1291,Y17,20,reg1,Final_heat,0.0
1292,Y17,21,reg1,Final_heat,0.0
1293,Y17,22,reg1,Final_heat,0.0
1294,Y17,23,reg1,Final_heat,0.0
1295,Y17,24,reg1,Final_heat,0.0
1296,Y18,1,reg1,Final_heat,0.0
1297,Y18,2,reg1,Final_heat,0.0
1298,Y18,3,reg1,Final_heat,0.0
1299,Y18,4,reg1,Final_heat,0.0
1300,Y18,5,reg1,Final_heat,0.0
1301,Y18,6,reg1,Final_heat,0.0
1302,Y18,7,reg1,Final_heat,0.0
1303,Y18,8,reg1,Final_heat,0.0
1304,Y18,9,reg1,Final_heat,0.0
1305,Y18,10,reg1,Final_heat,0.0
1306,Y18,11,reg1,Final_heat,0.0
1307,Y18,12,reg1,Final_heat,0.0
1308,Y18,13,reg1,Final_heat,0.0
1309,Y18,14,reg1,Final_heat,0.0
1310,Y18,15,reg1,Final_heat,0.0
1311,Y18,16,reg1,Final_heat,0.0
1312,Y18,17,reg1,Final_heat,0.0
1313,Y18,18,reg1,Final_heat,0.0
1314,Y18,19,reg1,Final_heat,0.0
1315,Y18,20,reg1,Final_heat,0.0
1316,Y18,21,reg1,Final_heat,0.0
1317,Y18,22,reg1,Final_heat,0.0
1318,Y18,23,reg1,Final_heat,0.0
1319,Y18,24,reg1,Final_heat,0.0
1320,Y19,1,reg1,Final_heat,0.0
1321,Y19,2,reg1,Final_heat,0.0
1322,Y19,3,reg1,Final_heat,0.0
1323,Y19,4,reg1,Final_heat,0.0
1324,Y19,5,reg1,Final_heat,0.0
1325,Y19,6,reg1,Final_heat,0.0
1326,Y19,7,reg1,Final_heat,0.0
1327,Y19,8,reg1,Final_heat,0.0
1328,Y19,9,reg1,Final_heat,0.0
1329,Y19,10,reg1,Final_heat,0.0
1330,Y19,11,reg1,Final_heat,0.0
1331,Y19,12,reg1,Final_heat,0.0
1332,Y19,13,reg1,Final_heat,0.0
1333,Y19,14,reg1,Final_heat,0.0
1334,Y19,15,reg1,Final_heat,0.0
1335,Y19,16,reg1,Final_heat,0.0
1336,Y19,17,reg1,Final_heat,0.0
1337,Y19,18,reg1,Final_heat,0.0
1338,Y19,19,reg1,Final_heat,0.0
1339,Y19,20,reg1,Final_heat,0.0
1340,Y19,21,reg1,Final_heat,0.0
1341,Y19,22,reg1,Final_heat,0.0
1342,Y19,23,reg1,Final_heat,0.0
1343,Y19,24,reg1,Final_heat,0.0
1344,Y20,1,reg1,Final_heat,0.0
1345,Y20,2,reg1,Final_heat,0.0
1346,Y20,3,reg1,Final_heat,0.0
1347,Y20,4,reg1,Final_heat,0.0
1348,Y20,5,reg1,Final_heat,0.0
1349,Y20,6,reg1,Final_heat,0.0
1350,Y20,7,reg1,Final_heat,0.0
1351,Y20,8,reg1,Final_heat,0.0
1352,Y20,9,reg1,Final_heat,0.0
1353,Y20,10,reg1,Final_heat,0.0
1354,Y20,11,reg1,Final_heat,0.0
1355,Y20,12,reg1,Final_heat,0.0
1356,Y20,13,reg1,Final_heat,0.0
1357,Y20,14,reg1,Final_heat,0.0
1358,Y20,15,reg1,Final_heat,0.0
1359,Y20,16,reg1,Final_heat,0.0
1360,Y20,17,reg1,Final_heat,0.0
1361,Y20,18,reg1,Final_heat,0.0
1362,Y20,19,reg1,Final_heat,0.0
1363,Y20,20,reg1,Final_heat,0.0
1364,Y20,21,reg1,Final_heat,0.0
1365,Y20,22,reg1,Final_heat,0.0
1366,Y20,23,reg1,Final_heat,0.0
1367,Y20,24,reg1,Final_heat,0.0
1368,Y21,1,reg1,Final_heat,0.0
1369,Y21,2,reg1,Final_heat,0.0
1370,Y21,3,reg1,Final_heat,0.0
1371,Y21,4,reg1,Final_heat,0.0
1372,Y21,5,reg1,Final_heat,0.0
1373,Y21,6,reg1,Final_heat,0.0
1374,Y21,7,reg1,Final_heat,0.0
1375,Y21,8,reg1,Final_heat,0.0
1376,Y21,9,reg1,Final_heat,0.0
1377,Y21,10,reg1,Final_heat,0.0
1378,Y21,11,reg1,Final_heat,0.0
1379,Y21,12,reg1,Final_heat,0.0
1380,Y21,13,reg1,Final_heat,0.0
1381,Y21,14,reg1,Final_heat,0.0
1382,Y21,15,reg1,Final_heat,0.0
1383,Y21,16,reg1,Final_heat,0.0
1384,Y21,17,reg1,Final_heat,0.0
1385,Y21,18,reg1,Final_heat,0.0
1386,Y21,19,reg1,Final_heat,0.0
1387,Y21,20,reg1,Final_heat,0.0
1388,Y21,21,reg1,Final_heat,0.0
1389,Y21,22,reg1,Final_heat,0.0
1390,Y21,23,reg1,Final_heat,0.0
1391,Y21,24,reg1,Final_heat,0.0
1392,Y22,1,reg1,Final_heat,0.0
1393,Y22,2,reg1,Final_heat,0.0
1394,Y22,3,reg1,Final_heat,0.0
1395,Y22,4,reg1,Final_heat,0.0
1396,Y22,5,reg1,Final_heat,0.0
1397,Y22,6,reg1,Final_heat,0.0
1398,Y22,7,reg1,Final_heat,0.0
1399,Y22,8,reg1,Final_heat,0.0
1400,Y22,9,reg1,Final_heat,0.0
1401,Y22,10,reg1,Final_heat,0.0
1402,Y22,11,reg1,Final_heat,0.0
1403,Y22,12,reg1,Final_heat,0.0
1404,Y22,13,reg1,Final_heat,0.0
1405,Y22,14,reg1,Final_heat,0.0
1406,Y22,15,reg1,Final_heat,0.0
1407,Y22,16,reg1,Final_heat,0.0
1408,Y22,17,reg1,Final_heat,0.0
1409,Y22,18,reg1,Final_heat,0.0
1410,Y22,19,reg1,Final_heat,0.0
1411,Y22,20,reg1,Final_heat,0.0
1412,Y22,21,reg1,Final_heat,0.0
1413,Y22,22,reg1,Final_heat,0.0
1414,Y22,23,reg1,Final_heat,0.0
1415,Y22,24,reg1,Final_heat,0.0
1416,Y23,1,reg1,Final_heat,0.0
1417,Y23,2,reg1,Final_heat,0.0
1418,Y23,3,reg1,Final_heat,0.0
1419,Y23,4,reg1,Final_heat,0.0
1420,Y23,5,reg1,Final_heat,0.0
1421,Y23,6,reg1,Final_heat,0.0
1422,Y23,7,reg1,Final_heat,0.0
1423,Y23,8,reg1,Final_heat,0.0
1424,Y23,9,reg1,Final_heat,0.0
1425,Y23,10,reg1,Final_heat,0.0
1426,Y23,11,reg1,Final_heat,0.0
1427,Y23,12,reg1,Final_heat,0.0
1428,Y23,13,reg1,Final_heat,0.0
1429,Y23,14,reg1,Final_heat,0.0
1430,Y23,15,reg1,Final_heat,0.0
1431,Y23,16,reg1,Final_heat,0.0
1432,Y23,17,reg1,Final_heat,0.0
1433,Y23,18,reg1,Final_heat,0.0
1434,Y23,19,reg1,Final_heat,0.0
1435,Y23,20,reg1,Final_heat,0.0
1436,Y23,21,reg1,Final_heat,0.0
1437,Y23,22,reg1,Final_heat,0.0
1438,Y23,23,reg1,Final_heat,0.0
1439,Y23,24,reg1,Final_heat,0.0
1440,Y24,1,reg1,Final_heat,0.0
1441,Y24,2,reg1,Final_heat,0.0
1442,Y24,3,reg1,Final_heat,0.0
1443,Y24,4,reg1,Final_heat,0.0
1444,Y24,5,reg1,Final_heat,0.0
1445,Y24,6,reg1,Final_heat,0.0
1446,Y24,7,reg1,Final_heat,0.0
1447,Y24,8,reg1,Final_heat,0.0
1448,Y24,9,reg1,Final_heat,0.0
1449,Y24,10,reg1,Final_heat,0.0
1450,Y24,11,reg1,Final_heat,0.0
1451,Y24,12,reg1,Final_heat,0.0
1452,Y24,13,reg1,Final_heat,0.0
1453,Y24,14,reg1,Final_heat,0.0
1454,Y24,15,reg1,Final_heat,0.0
1455,Y24,16,reg1,Final_heat,0.0
1456,Y24,17,reg1,Final_heat,0.0
1457,Y24,18,reg1,Final_heat,0.0
1458,Y24,19,reg1,Final_heat,0.0
1459,Y24,20,reg1,Final_heat,0.0
1460,Y24,21,reg1,Final_heat,0.0
1461,Y24,22,reg1,Final_heat,0.0
1462,Y24,23,reg1,Final_heat,0.0
1463,Y24,24,reg1,Final_heat,0.0
1464,Y25,1,reg1,Final_heat,0.0
1465,Y25,2,reg1,Final_heat,0.0
1466,Y25,3,reg1,Final_heat,0.0
1467,Y25,4,reg1,Final_heat,0.0
1468,Y25,5,reg1,Final_heat,0.0
1469,Y25,6,reg1,Final_heat,0.0
1470,Y25,7,reg1,Final_heat,0.0
1471,Y25,8,reg1,Final_heat,0.0
1472,Y25,9,reg1,Final_heat,0.0
1473,Y25,10,reg1,Final_heat,0.0
1474,Y25,11,reg1,Final_heat,0.0
1475,Y25,12,reg1,Final_heat,0.0
1476,Y25,13,reg1,Final_heat,0.0
1477,Y25,14,reg1,Final_heat,0.0
1478,Y25,15,reg1,Final_heat,0.0
1479,Y25,16,reg1,Final_heat,0.0
1480,Y25,17,reg1,Final_heat,0.0
1481,Y25,18,reg1,Final_heat,0.0
1482,Y25,19,reg1,Final_heat,0.0
1483,Y25,20,reg1,Final_heat,0.0
1484,Y25,21,reg1,Final_heat,0.0
1485,Y25,22,reg1,Final_heat,0.0
1486,Y25,23,reg1,Final_heat,0.0
1487,Y25,24,reg1,Final_heat,0.0
1488,Y26,1,reg1,Final_heat,0.0
1489,Y26,2,reg1,Final_heat,0.0
1490,Y26,3,reg1,Final_heat,0.0
1491,Y26,4,reg1,Final_heat,0.0
1492,Y26,5,reg1,Final_heat,0.0
1493,Y26,6,reg1,Final_heat,0.0
1494,Y26,7,reg1,Final_heat,0.0
1495,Y26,8,reg1,Final_heat,0.0
1496,Y26,9,reg1,Final_heat,0.0
1497,Y26,10,reg1,Final_heat,0.0
1498,Y26,11,reg1,Final_heat,0.0
1499,Y26,12,reg1,Final_heat,0.0
1500,Y26,13,reg1,Final_heat,0.0
1501,Y26,14,reg1,Final_heat,0.0
1502,Y26,15,reg1,Final_heat,0.0
1503,Y26,16,reg1,Final_heat,0.0
1504,Y26,17,reg1,Final_heat,0.0
1505,Y26,18,reg1,Final_heat,0.0
1506,Y26,19,reg1,Final_heat,0.0
1507,Y26,20,reg1,Final_heat,0.0
1508,Y26,21,reg1,Final_heat,0.0
1509,Y26,22,reg1,Final_heat,0.0
1510,Y26,23,reg1,Final_heat,0.0
1511,Y26,24,reg1,Final_heat,0.0
1512,Y27,1,reg1,Final_heat,0.0
1513,Y27,2,reg1,Final_heat,0.0
1514,Y27,3,reg1,Final_heat,0.0
1515,Y27,4,reg1,Final_heat,0.0
1516,Y27,5,reg1,Final_heat,0.0
1517,Y27,6,reg1,Final_heat,0.0
1518,Y27,7,reg1,Final_heat,0.0
1519,Y27,8,reg1,Final_heat,0.0
1520,Y27,9,reg1,Final_heat,0.0
1521,Y27,10,reg1,Final_heat,0.0
1522,Y27,11,reg1,Final_heat,0.0
1523,Y27,12,reg1,Final_heat,0.0
1524,Y27,13,reg1,Final_heat,0.0
1525,Y27,14,reg1,Final_heat,0.0
1526,Y27,15,reg1,Final_heat,0.0
1527,Y27,16,reg1,Final_heat,0.0
1528,Y27,17,reg1,Final_heat,0.0
1529,Y27,18,reg1,Final_heat,0.0
1530,Y27,19,reg1,Final_heat,0.0
1531,Y27,20,reg1,Final_heat,0.0
1532,Y27,21,reg1,Final_heat,0.0
1533,Y27,22,reg1,Final_heat,0.0
1534,Y27,23,reg1,Final_heat,0.0
1535,Y27,24,reg1,Final_heat,0.0
1536,Y28,1,reg1,Final_heat,0.0
1537,Y28,2,reg1,Final_heat,0.0
1538,Y28,3,reg1,Final_heat,0.0
1539,Y28,4,reg1,Final_heat,0.0
1540,Y28,5,reg1,Final_heat,0.0
1541,Y28,6,reg1,Final_heat,0.0
1542,Y28,7,reg1,Final_heat,0.0
1543,Y28,8,reg1,Final_heat,0.0
1544,Y28,9,reg1,Final_heat,0.0
1545,Y28,10,reg1,Final_heat,0.0
1546,Y28,11,reg1,Final_heat,0.0
1547,Y28,12,reg1,Final_heat,0.0
1548,Y28,13,reg1,Final_heat,0.0
1549,Y28,14,reg1,Final_heat,0.0
1550,Y28,15,reg1,Final_heat,0.0
1551,Y28,16,reg1,Final_heat,0.0
1552,Y28,17,reg1,Final_heat,0.0
1553,Y28,18,reg1,Final_heat,0.0
1554,Y28,19,reg1,Final_heat,0.0
1555,Y28,20,reg1,Final_heat,0.0
1556,Y28,21,reg1,Final_heat,0.0
1557,Y28,22,reg1,Final_heat,0.0
1558,Y28,23,reg1,Final_heat,0.0
1559,Y28,24,reg1,Final_heat,0.0
1560,Y29,1,reg1,Final_heat,0.0
1561,Y29,2,reg1,Final_heat,0.0
1562,Y29,3,reg1,Final_heat,0.0
1563,Y29,4,reg1,Final_heat,0.0
1564,Y29,5,reg1,Final_heat,0.0
1565,Y29,6,reg1,Final_heat,0.0
1566,Y29,7,reg1,Final_heat,0.0
1567,Y29,8,reg1,Final_heat,0.0
1568,Y29,9,reg1,Final_heat,0.0
1569,Y29,10,reg1,Final_heat,0.0
1570,Y29,11,reg1,Final_heat,0.0
1571,Y29,12,reg1,Final_heat,0.0
1572,Y29,13,reg1,Final_heat,0.0
1573,Y29,14,reg1,Final_heat,0.0
1574,Y29,15,reg1,Final_heat,0.0
1575,Y29,16,reg1,Final_heat,0.0
1576,Y29,17,reg1,Final_heat,0.0
1577,Y29,18,reg1,Final_heat,0.0
1578,Y29,19,reg1,Final_heat,0.0
1579,Y29,20,reg1,Final_heat,0.0
1580,Y29,21,reg1,Final_heat,0.0
1581,Y29,22,reg1,Final_heat,0.0
1582,Y29,23,reg1,Final_heat,0.0
1583,Y29,24,reg1,Final_heat,0.0
1584,Y30,1,reg1,Final_heat,0.0
1585,Y30,2,reg1,Final_heat,0.0
1586,Y30,3,reg1,Final_heat,0.0
1587,Y30,4,reg1,Final_heat,0.0
1588,Y30,5,reg1,Final_heat,0.0
1589,Y30,6,reg1,Final_heat,0.0
1590,Y30,7,reg1,Final_heat,0.0
1591,Y30,8,reg1,Final_heat,0.0
1592,Y30,9,reg1,Final_heat,0.0
1593,Y30,10,reg1,Final_heat,0.0
1594,Y30,11,reg1,Final_heat,0.0
1595,Y30,12,reg1,Final_heat,0.0
1596,Y30,13,reg1,Final_heat,0.0
1597,Y30,14,reg1,Final_heat,0.0
1598,Y30,15,reg1,Final_heat,0.0
1599,Y30,16,reg1,Final_heat,0.0
1600,Y30,17,reg1,Final_heat,0.0
1601,Y30,18,reg1,Final_heat,0.0
1602,Y30,19,reg1,Final_heat,0.0
1603,Y30,20,reg1,Final_heat,0.0
1604,Y30,21,reg1,Final_heat,0.0
1605,Y30,22,reg1,Final_heat,0.0
1606,Y30,23,reg1,Final_heat,0.0
1607,Y30,24,reg1,Final_heat,0.0
1608,Y31,1,reg1,Final_heat,0.0
1609,Y31,2,reg1,Final_heat,0.0
1610,Y31,3,reg1,Final_heat,0.0
1611,Y31,4,reg1,Final_heat,0.0
1612,Y31,5,reg1,Final_heat,0.0
1613,Y31,6,reg1,Final_heat,0.0
1614,Y31,7,reg1,Final_heat,0.0
1615,Y31,8,reg1,Final_heat,0.0
1616,Y31,9,reg1,Final_heat,0.0
1617,Y31,10,reg1,Final_heat,0.0
1618,Y31,11,reg1,Final_heat,0.0
1619,Y31,12,reg1,Final_heat,0.0
1620,Y31,13,reg1,Final_heat,0.0
1621,Y31,14,reg1,Final_heat,0.0
1622,Y31,15,reg1,Final_heat,0.0
1623,Y31,16,reg1,Final_heat,0.0
1624,Y31,17,reg1,Final_heat,0.0
1625,Y31,18,reg1,Final_heat,0.0
1626,Y31,19,reg1,Final_heat,0.0
1627,Y31,20,reg1,Final_heat,0.0
1628,Y31,21,reg1,Final_heat,0.0
1629,Y31,22,reg1,Final_heat,0.0
1630,Y31,23,reg1,Final_heat,0.0
1631,Y31,24,reg1,Final_heat,0.0
1632,Y32,1,reg1,Final_heat,0.0
1633,Y32,2,reg1,Final_heat,0.0
1634,Y32,3,reg1,Final_heat,0.0
1635,Y32,4,reg1,Final_heat,0.0
1636,Y32,5,reg1,Final_heat,0.0
1637,Y32,6,reg1,Final_heat,0.0
1638,Y32,7,reg1,Final_heat,0.0
1639,Y32,8,reg1,Final_heat,0.0
1640,Y32,9,reg1,Final_heat,0.0
1641,Y32,10,reg1,Final_heat,0.0
1642,Y32,11,reg1,Final_heat,0.0
1643,Y32,12,reg1,Final_heat,0.0
1644,Y32,13,reg1,Final_heat,0.0
1645,Y32,14,reg1,Final_heat,0.0
1646,Y32,15,reg1,Final_heat,0.0
1647,Y32,16,reg1,Final_heat,0.0
1648,Y32,17,reg1,Final_heat,0.0
1649,Y32,18,reg1,Final_heat,0.0
1650,Y32,19,reg1,Final_heat,0.0
1651,Y32,20,reg1,Final_heat,0.0
1652,Y32,21,reg1,Final_heat,0.0
1653,Y32,22,reg1,Final_heat,0.0
1654,Y32,23,reg1,Final_heat,0.0
1655,Y32,24,reg1,Final_heat,0.0
1656,Y33,1,reg1,Final_heat,0.0
1657,Y33,2,reg1,Final_heat,0.0
1658,Y33,3,reg1,Final_heat,0.0
1659,Y33,4,reg1,Final_heat,0.0
1660,Y33,5,reg1,Final_heat,0.0
1661,Y33,6,reg1,Final_heat,0.0
1662,Y33,7,reg1,Final_heat,0.0
1663,Y33,8,reg1,Final_heat,0.0
1664,Y33,9,reg1,Final_heat,0.0
1665,Y33,10,reg1,Final_heat,0.0
1666,Y33,11,reg1,Final_heat,0.0
1667,Y33,12,reg1,Final_heat,0.0
1668,Y33,13,reg1,Final_heat,0.0
1669,Y33,14,reg1,Final_heat,0.0
1670,Y33,15,reg1,Final_heat,0.0
1671,Y33,16,reg1,Final_heat,0.0
1672,Y33,17,reg1,Final_heat,0.0
1673,Y33,18,reg1,Final_heat,0.0
1674,Y33,19,reg1,Final_heat,0.0
1675,Y33,20,reg1,Final_heat,0.0
1676,Y33,21,reg1,Final_heat,0.0
1677,Y33,22,reg1,Final_heat,0.0
1678,Y33,23,reg1,Final_heat,0.0
1679,Y33,24,reg1,Final_heat,0.0
1680,Y34,1,reg1,Final_heat,0.0
1681,Y34,2,reg1,Final_heat,0.0
1682,Y34,3,reg1,Final_heat,0.0
1683,Y34,4,reg1,Final_heat,0.0
1684,Y34,5,reg1,Final_heat,0.0
1685,Y34,6,reg1,Final_heat,0.0
1686,Y34,7,reg1,Final_heat,0.0
1687,Y34,8,reg1,Final_heat,0.0
1688,Y34,9,reg1,Final_heat,0.0
1689,Y34,10,reg1,Final_heat,0.0
1690,Y34,11,reg1,Final_heat,0.0
1691,Y34,12,reg1,Final_heat,0.0
1692,Y34,13,reg1,Final_heat,0.0
1693,Y34,14,reg1,Final_heat,0.0
1694,Y34,15,reg1,Final_heat,0.0
1695,Y34,16,reg1,Final_heat,0.0
1696,Y34,17,reg1,Final_heat,0.0
1697,Y34,18,reg1,Final_heat,0.0
1698,Y34,19,reg1,Final_heat,0.0
1699,Y34,20,reg1,Final_heat,0.0
1700,Y34,21,reg1,Final_heat,0.0
1701,Y34,22,reg1,Final_heat,0.0
1702,Y34,23,reg1,Final_heat,0.0
1703,Y34,24,reg1,Final_heat,0.0
1704,Y35,1,reg1,Final_heat,0.0
1705,Y35,2,reg1,Final_heat,0.0
1706,Y35,3,reg1,Final_heat,0.0
1707,Y35,4,reg1,Final_heat,0.0
1708,Y35,5,reg1,Final_heat,0.0
1709,Y35,6,reg1,Final_heat,0.0
1710,Y35,7,reg1,Final_heat,0.0
1711,Y35,8,reg1,Final_heat,0.0
1712,Y35,9,reg1,Final_heat,0.0
1713,Y35,10,reg1,Final_heat,0.0
1714,Y35,11,reg1,Final_heat,0.0
1715,Y35,12,reg1,Final_heat,0.0
1716,Y35,13,reg1,Final_heat,0.0
1717,Y35,14,reg1,Final_heat,0.0
1718,Y35,15,reg1,Final_heat,0.0
1719,Y35,16,reg1,Final_heat,0.0
1720,Y35,17,reg1,Final_heat,0.0
1721,Y35,18,reg1,Final_heat,0.0
1722,Y35,19,reg1,Final_heat,0.0
1723,Y35,20,reg1,Final_heat,0.0
1724,Y35,21,reg1,Final_heat,0.0
1725,Y35,22,reg1,Final_heat,0.0
1726,Y35,23,reg1,Final_heat,0.0
1727,Y35,24,reg1,Final_heat,0.0
1728,Y0,1,reg1,Hydrogen,0.0
1729,Y0,2,reg1,Hydrogen,0.0
1730,Y0,3,reg1,Hydrogen,0.0
1731,Y0,4,reg1,Hydrogen,0.0
1732,Y0,5,reg1,Hydrogen,0.0
1733,Y0,6,reg1,Hydrogen,0.0
1734,Y0,7,reg1,Hydrogen,0.0
1735,Y0,8,reg1,Hydrogen,0.0
1736,Y0,9,reg1,Hydrogen,0.0
1737,Y0,10,reg1,Hydrogen,0.0
1738,Y0,11,reg1,Hydrogen,0.0
1739,Y0,12,reg1,Hydrogen,0.0
1740,Y0,13,reg1,Hydrogen,0.0
1741,Y0,14,reg1,Hydrogen,0.0
1742,Y0,15,reg1,Hydrogen,0.0
1743,Y0,16,reg1,Hydrogen,0.0
1744,Y0,17,reg1,Hydrogen,0.0
1745,Y0,18,reg1,Hydrogen,0.0
1746,Y0,19,reg1,Hydrogen,0.0
1747,Y0,20,reg1,Hydrogen,0.0
1748,Y0,21,reg1,Hydrogen,0.0
1749,Y0,22,reg1,Hydrogen,0.0
1750,Y0,23,reg1,Hydrogen,0.0
1751,Y0,24,reg1,Hydrogen,0.0
1752,Y1,1,reg1,Hydrogen,0.0
1753,Y1,2,reg1,Hydrogen,0.0
1754,Y1,3,reg1,Hydrogen,0.0
1755,Y1,4,reg1,Hydrogen,0.0
1756,Y1,5,reg1,Hydrogen,0.0
1757,Y1,6,reg1,Hydrogen,0.0
1758,Y1,7,reg1,Hydrogen,0.0
1759,Y1,8,reg1,Hydrogen,0.0
1760,Y1,9,reg1,Hydrogen,0.0
1761,Y1,10,reg1,Hydrogen,0.0
1762,Y1,11,reg1,Hydrogen,0.0
1763,Y1,12,reg1,Hydrogen,0.0
1764,Y1,13,reg1,Hydrogen,0.0
1765,Y1,14,reg1,Hydrogen,0.0
1766,Y1,15,reg1,Hydrogen,0.0
1767,Y1,16,reg1,Hydrogen,0.0
1768,Y1,17,reg1,Hydrogen,0.0
1769,Y1,18,reg1,Hydrogen,0.0
1770,Y1,19,reg1,Hydrogen,0.0
1771,Y1,20,reg1,Hydrogen,0.0
1772,Y1,21,reg1,Hydrogen,0.0
1773,Y1,22,reg1,Hydrogen,0.0
1774,Y1,23,reg1,Hydrogen,0.0
1775,Y1,24,reg1,Hydrogen,0.0
1776,Y2,1,reg1,Hydrogen,0.0
1777,Y2,2,reg1,Hydrogen,0.0
1778,Y2,3,reg1,Hydrogen,0.0
1779,Y2,4,reg1,Hydrogen,0.0
1780,Y2,5,reg1,Hydrogen,0.0
1781,Y2,6,reg1,Hydrogen,0.0
1782,Y2,7,reg1,Hydrogen,0.0
1783,Y2,8,reg1,Hydrogen,0.0
1784,Y2,9,reg1,Hydrogen,0.0
1785,Y2,10,reg1,Hydrogen,0.0
1786,Y2,11,reg1,Hydrogen,0.0
1787,Y2,12,reg1,Hydrogen,0.0
1788,Y2,13,reg1,Hydrogen,0.0
1789,Y2,14,reg1,Hydrogen,0.0
1790,Y2,15,reg1,Hydrogen,0.0
1791,Y2,16,reg1,Hydrogen,0.0
1792,Y2,17,reg1,Hydrogen,0.0
1793,Y2,18,reg1,Hydrogen,0.0
1794,Y2,19,reg1,Hydrogen,0.0
1795,Y2,20,reg1,Hydrogen,0.0
1796,Y2,21,reg1,Hydrogen,0.0
1797,Y2,22,reg1,Hydrogen,0.0
1798,Y2,23,reg1,Hydrogen,0.0
1799,Y2,24,reg1,Hydrogen,0.0
1800,Y3,1,reg1,Hydrogen,0.0
1801,Y3,2,reg1,Hydrogen,0.0
1802,Y3,3,reg1,Hydrogen,0.0
1803,Y3,4,reg1,Hydrogen,0.0
1804,Y3,5,reg1,Hydrogen,0.0
1805,Y3,6,reg1,Hydrogen,0.0
1806,Y3,7,reg1,Hydrogen,0.0
1807,Y3,8,reg1,Hydrogen,0.0
1808,Y3,9,reg1,Hydrogen,0.0
1809,Y3,10,reg1,Hydrogen,0.0
1810,Y3,11,reg1,Hydrogen,0.0
1811,Y3,12,reg1,Hydrogen,0.0
1812,Y3,13,reg1,Hydrogen,0.0
1813,Y3,14,reg1,Hydrogen,0.0
1814,Y3,15,reg1,Hydrogen,0.0
1815,Y3,16,reg1,Hydrogen,0.0
1816,Y3,17,reg1,Hydrogen,0.0
1817,Y3,18,reg1,Hydrogen,0.0
1818,Y3,19,reg1,Hydrogen,0.0
1819,Y3,20,reg1,Hydrogen,0.0
1820,Y3,21,reg1,Hydrogen,0.0
1821,Y3,22,reg1,Hydrogen,0.0
1822,Y3,23,reg1,Hydrogen,0.0
1823,Y3,24,reg1,Hydrogen,0.0
1824,Y4,1,reg1,Hydrogen,0.0
1825,Y4,2,reg1,Hydrogen,0.0
1826,Y4,3,reg1,Hydrogen,0.0
1827,Y4,4,reg1,Hydrogen,0.0
1828,Y4,5,reg1,Hydrogen,0.0
1829,Y4,6,reg1,Hydrogen,0.0
1830,Y4,7,reg1,Hydrogen,0.0
1831,Y4,8,reg1,Hydrogen,0.0
1832,Y4,9,reg1,Hydrogen,0.0
1833,Y4,10,reg1,Hydrogen,0.0
1834,Y4,11,reg1,Hydrogen,0.0
1835,Y4,12,reg1,Hydrogen,0.0
1836,Y4,13,reg1,Hydrogen,0.0
1837,Y4,14,reg1,Hydrogen,0.0
1838,Y4,15,reg1,Hydrogen,0.0
1839,Y4,16,reg1,Hydrogen,0.0
1840,Y4,17,reg1,Hydrogen,0.0
1841,Y4,18,reg1,Hydrogen,0.0
1842,Y4,19,reg1,Hydrogen,0.0
1843,Y4,20,reg1,Hydrogen,0.0
1844,Y4,21,reg1,Hydrogen,0.0
1845,Y4,22,reg1,Hydrogen,0.0
1846,Y4,23,reg1,Hydrogen,0.0
1847,Y4,24,reg1,Hydrogen,0.0
1848,Y5,1,reg1,Hydrogen,0.0
1849,Y5,2,reg1,Hydrogen,0.0
1850,Y5,3,reg1,Hydrogen,0.0
1851,Y5,4,reg1,Hydrogen,0.0
1852,Y5,5,reg1,Hydrogen,0.0
1853,Y5,6,reg1,Hydrogen,0.0
1854,Y5,7,reg1,Hydrogen,0.0
1855,Y5,8,reg1,Hydrogen,0.0
1856,Y5,9,reg1,Hydrogen,0.0
1857,Y5,10,reg1,Hydrogen,0.0
1858,Y5,11,reg1,Hydrogen,0.0
1859,Y5,12,reg1,Hydrogen,0.0
1860,Y5,13,reg1,Hydrogen,0.0
1861,Y5,14,reg1,Hydrogen,0.0
1862,Y5,15,reg1,Hydrogen,0.0
1863,Y5,16,reg1,Hydrogen,0.0
1864,Y5,17,reg1,Hydrogen,0.0
1865,Y5,18,reg1,Hydrogen,0.0
1866,Y5,19,reg1,Hydrogen,0.0
1867,Y5,20,reg1,Hydrogen,0.0
1868,Y5,21,reg1,Hydrogen,0.0
1869,Y5,22,reg1,Hydrogen,0.0
1870,Y5,23,reg1,Hydrogen,0.0
1871,Y5,24,reg1,Hydrogen,0.0
1872,Y6,1,reg1,Hydrogen,0.0
1873,Y6,2,reg1,Hydrogen,0.0
1874,Y6,3,reg1,Hydrogen,0.0
1875,Y6,4,reg1,Hydrogen,0.0
1876,Y6,5,reg1,Hydrogen,0.0
1877,Y6,6,reg1,Hydrogen,0.0
1878,Y6,7,reg1,Hydrogen,0.0
1879,Y6,8,reg1,Hydrogen,0.0
1880,Y6,9,reg1,Hydrogen,0.0
1881,Y6,10,reg1,Hydrogen,0.0
1882,Y6,11,reg1,Hydrogen,0.0
1883,Y6,12,reg1,Hydrogen,0.0
1884,Y6,13,reg1,Hydrogen,0.0
1885,Y6,14,reg1,Hydrogen,0.0
1886,Y6,15,reg1,Hydrogen,0.0
1887,Y6,16,reg1,Hydrogen,0.0
1888,Y6,17,reg1,Hydrogen,0.0
1889,Y6,18,reg1,Hydrogen,0.0
1890,Y6,19,reg1,Hydrogen,0.0
1891,Y6,20,reg1,Hydrogen,0.0
1892,Y6,21,reg1,Hydrogen,0.0
1893,Y6,22,reg1,Hydrogen,0.0
1894,Y6,23,reg1,Hydrogen,0.0
1895,Y6,24,reg1,Hydrogen,0.0
1896,Y7,1,reg1,Hydrogen,0.0
1897,Y7,2,reg1,Hydrogen,0.0
1898,Y7,3,reg1,Hydrogen,0.0
1899,Y7,4,reg1,Hydrogen,0.0
1900,Y7,5,reg1,Hydrogen,0.0
1901,Y7,6,reg1,Hydrogen,0.0
1902,Y7,7,reg1,Hydrogen,0.0
1903,Y7,8,reg1,Hydrogen,0.0
1904,Y7,9,reg1,Hydrogen,0.0
1905,Y7,10,reg1,Hydrogen,0.0
1906,Y7,11,reg1,Hydrogen,0.0
1907,Y7,12,reg1,Hydrogen,0.0
1908,Y7,13,reg1,Hydrogen,0.0
1909,Y7,14,reg1,Hydrogen,0.0
1910,Y7,15,reg1,Hydrogen,0.0
1911,Y7,16,reg1,Hydrogen,0.0
1912,Y7,17,reg1,Hydrogen,0.0
1913,Y7,18,reg1,Hydrogen,0.0
1914,Y7,19,reg1,Hydrogen,0.0
1915,Y7,20,reg1,Hydrogen,0.0
1916,Y7,21,reg1,Hydrogen,0.0
1917,Y7,22,reg1,Hydrogen,0.0
1918,Y7,23,reg1,Hydrogen,0.0
1919,Y7,24,reg1,Hydrogen,0.0
1920,Y8,1,reg1,Hydrogen,0.0
1921,Y8,2,reg1,Hydrogen,0.0
1922,Y8,3,reg1,Hydrogen,0.0
1923,Y8,4,reg1,Hydrogen,0.0
1924,Y8,5,reg1,Hydrogen,0.0
1925,Y8,6,reg1,Hydrogen,0.0
1926,Y8,7,reg1,Hydrogen,0.0
1927,Y8,8,reg1,Hydrogen,0.0
1928,Y8,9,reg1,Hydrogen,0.0
1929,Y8,10,reg1,Hydrogen,0.0
1930,Y8,11,reg1,Hydrogen,0.0
1931,Y8,12,reg1,Hydrogen,0.0
1932,Y8,13,reg1,Hydrogen,0.0
1933,Y8,14,reg1,Hydrogen,0.0
1934,Y8,15,reg1,Hydrogen,0.0
1935,Y8,16,reg1,Hydrogen,0.0
1936,Y8,17,reg1,Hydrogen,0.0
1937,Y8,18,reg1,Hydrogen,0.0
1938,Y8,19,reg1,Hydrogen,0.0
1939,Y8,20,reg1,Hydrogen,0.0
1940,Y8,21,reg1,Hydrogen,0.0
1941,Y8,22,reg1,Hydrogen,0.0
1942,Y8,23,reg1,Hydrogen,0.0
1943,Y8,24,reg1,Hydrogen,0.0
1944,Y9,1,reg1,Hydrogen,0.0
1945,Y9,2,reg1,Hydrogen,0.0
1946,Y9,3,reg1,Hydrogen,0.0
1947,Y9,4,reg1,Hydrogen,0.0
1948,Y9,5,reg1,Hydrogen,0.0
1949,Y9,6,reg1,Hydrogen,0.0
1950,Y9,7,reg1,Hydrogen,0.0
1951,Y9,8,reg1,Hydrogen,0.0
1952,Y9,9,reg1,Hydrogen,0.0
1953,Y9,10,reg1,Hydrogen,0.0
1954,Y9,11,reg1,Hydrogen,0.0
1955,Y9,12,reg1,Hydrogen,0.0
1956,Y9,13,reg1,Hydrogen,0.0
1957,Y9,14,reg1,Hydrogen,0.0
1958,Y9,15,reg1,Hydrogen,0.0
1959,Y9,16,reg1,Hydrogen,0.0
1960,Y9,17,reg1,Hydrogen,0.0
1961,Y9,18,reg1,Hydrogen,0.0
1962,Y9,19,reg1,Hydrogen,0.0
1963,Y9,20,reg1,Hydrogen,0.0
1964,Y9,21,reg1,Hydrogen,0.0
1965,Y9,22,reg1,Hydrogen,0.0
1966,Y9,23,reg1,Hydrogen,0.0
1967,Y9,24,reg1,Hydrogen,0.0
1968,Y10,1,reg1,Hydrogen,0.0
1969,Y10,2,reg1,Hydrogen,0.0
1970,Y10,3,reg1,Hydrogen,0.0
1971,Y10,4,reg1,Hydrogen,0.0
1972,Y10,5,reg1,Hydrogen,0.0
1973,Y10,6,reg1,Hydrogen,0.0
1974,Y10,7,reg1,Hydrogen,0.0
1975,Y10,8,reg1,Hydrogen,0.0
1976,Y10,9,reg1,Hydrogen,0.0
1977,Y10,10,reg1,Hydrogen,0.0
1978,Y10,11,reg1,Hydrogen,0.0
1979,Y10,12,reg1,Hydrogen,0.0
1980,Y10,13,reg1,Hydrogen,0.0
1981,Y10,14,reg1,Hydrogen,0.0
1982,Y10,15,reg1,Hydrogen,0.0
1983,Y10,16,reg1,Hydrogen,0.0
1984,Y10,17,reg1,Hydrogen,0.0
1985,Y10,18,reg1,Hydrogen,0.0
1986,Y10,19,reg1,Hydrogen,0.0
1987,Y10,20,reg1,Hydrogen,0.0
1988,Y10,21,reg1,Hydrogen,0.0
1989,Y10,22,reg1,Hydrogen,0.0
1990,Y10,23,reg1,Hydrogen,0.0
1991,Y10,24,reg1,Hydrogen,0.0
1992,Y11,1,reg1,Hydrogen,0.0
1993,Y11,2,reg1,Hydrogen,0.0
1994,Y11,3,reg1,Hydrogen,0.0
1995,Y11,4,reg1,Hydrogen,0.0
1996,Y11,5,reg1,Hydrogen,0.0
1997,Y11,6,reg1,Hydrogen,0.0
1998,Y11,7,reg1,Hydrogen,0.0
1999,Y11,8,reg1,Hydrogen,0.0
2000,Y11,9,reg1,Hydrogen,0.0
2001,Y11,10,reg1,Hydrogen,0.0
2002,Y11,11,reg1,Hydrogen,0.0
2003,Y11,12,reg1,Hydrogen,0.0
2004,Y11,13,reg1,Hydrogen,0.0
2005,Y11,14,reg1,Hydrogen,0.0
2006,Y11,15,reg1,Hydrogen,0.0
2007,Y11,16,reg1,Hydrogen,0.0
2008,Y11,17,reg1,Hydrogen,0.0
2009,Y11,18,reg1,Hydrogen,0.0
2010,Y11,19,reg1,Hydrogen,0.0
2011,Y11,20,reg1,Hydrogen,0.0
2012,Y11,21,reg1,Hydrogen,0.0
2013,Y11,22,reg1,Hydrogen,0.0
2014,Y11,23,reg1,Hydrogen,0.0
2015,Y11,24,reg1,Hydrogen,0.0
2016,Y12,1,reg1,Hydrogen,0.0
2017,Y12,2,reg1,Hydrogen,0.0
2018,Y12,3,reg1,Hydrogen,0.0
2019,Y12,4,reg1,Hydrogen,0.0
2020,Y12,5,reg1,Hydrogen,0.0
2021,Y12,6,reg1,Hydrogen,0.0
2022,Y12,7,reg1,Hydrogen,0.0
2023,Y12,8,reg1,Hydrogen,0.0
2024,Y12,9,reg1,Hydrogen,0.0
2025,Y12,10,reg1,Hydrogen,0.0
2026,Y12,11,reg1,Hydrogen,0.0
2027,Y12,12,reg1,Hydrogen,0.0
2028,Y12,13,reg1,Hydrogen,0.0
2029,Y12,14,reg1,Hydrogen,0.0
2030,Y12,15,reg1,Hydrogen,0.0
2031,Y12,16,reg1,Hydrogen,0.0
2032,Y12,17,reg1,Hydrogen,0.0
2033,Y12,18,reg1,Hydrogen,0.0
2034,Y12,19,reg1,Hydrogen,0.0
2035,Y12,20,reg1,Hydrogen,0.0
2036,Y12,21,reg1,Hydrogen,0.0
2037,Y12,22,reg1,Hydrogen,0.0
2038,Y12,23,reg1,Hydrogen,0.0
2039,Y12,24,reg1,Hydrogen,0.0
2040,Y13,1,reg1,Hydrogen,0.0
2041,Y13,2,reg1,Hydrogen,0.0
2042,Y13,3,reg1,Hydrogen,0.0
2043,Y13,4,reg1,Hydrogen,0.0
2044,Y13,5,reg1,Hydrogen,0.0
2045,Y13,6,reg1,Hydrogen,0.0
2046,Y13,7,reg1,Hydrogen,0.0
2047,Y13,8,reg1,Hydrogen,0.0
2048,Y13,9,reg1,Hydrogen,0.0
2049,Y13,10,reg1,Hydrogen,0.0
2050,Y13,11,reg1,Hydrogen,0.0
2051,Y13,12,reg1,Hydrogen,0.0
2052,Y13,13,reg1,Hydrogen,0.0
2053,Y13,14,reg1,Hydrogen,0.0
2054,Y13,15,reg1,Hydrogen,0.0
2055,Y13,16,reg1,Hydrogen,0.0
2056,Y13,17,reg1,Hydrogen,0.0
2057,Y13,18,reg1,Hydrogen,0.0
2058,Y13,19,reg1,Hydrogen,0.0
2059,Y13,20,reg1,Hydrogen,0.0
2060,Y13,21,reg1,Hydrogen,0.0
2061,Y13,22,reg1,Hydrogen,0.0
2062,Y13,23,reg1,Hydrogen,0.0
2063,Y13,24,reg1,Hydrogen,0.0
2064,Y14,1,reg1,Hydrogen,0.0
2065,Y14,2,reg1,Hydrogen,0.0
2066,Y14,3,reg1,Hydrogen,0.0
2067,Y14,4,reg1,Hydrogen,0.0
2068,Y14,5,reg1,Hydrogen,0.0
2069,Y14,6,reg1,Hydrogen,0.0
2070,Y14,7,reg1,Hydrogen,0.0
2071,Y14,8,reg1,Hydrogen,0.0
2072,Y14,9,reg1,Hydrogen,0.0
2073,Y14,10,reg1,Hydrogen,0.0
2074,Y14,11,reg1,Hydrogen,0.0
2075,Y14,12,reg1,Hydrogen,0.0
2076,Y14,13,reg1,Hydrogen,0.0
2077,Y14,14,reg1,Hydrogen,0.0
2078,Y14,15,reg1,Hydrogen,0.0
2079,Y14,16,reg1,Hydrogen,0.0
2080,Y14,17,reg1,Hydrogen,0.0
2081,Y14,18,reg1,Hydrogen,0.0
2082,Y14,19,reg1,Hydrogen,0.0
2083,Y14,20,reg1,Hydrogen,0.0
2084,Y14,21,reg1,Hydrogen,0.0
2085,Y14,22,reg1,Hydrogen,0.0
2086,Y14,23,reg1,Hydrogen,0.0
2087,Y14,24,reg1,Hydrogen,0.0
2088,Y15,1,reg1,Hydrogen,0.0
2089,Y15,2,reg1,Hydrogen,0.0
2090,Y15,3,reg1,Hydrogen,0.0
2091,Y15,4,reg1,Hydrogen,0.0
2092,Y15,5,reg1,Hydrogen,0.0
2093,Y15,6,reg1,Hydrogen,0.0
2094,Y15,7,reg1,Hydrogen,0.0
2095,Y15,8,reg1,Hydrogen,0.0
2096,Y15,9,reg1,Hydrogen,0.0
2097,Y15,10,reg1,Hydrogen,0.0
2098,Y15,11,reg1,Hydrogen,0.0
2099,Y15,12,reg1,Hydrogen,0.0
2100,Y15,13,reg1,Hydrogen,0.0
2101,Y15,14,reg1,Hydrogen,0.0
2102,Y15,15,reg1,Hydrogen,0.0
2103,Y15,16,reg1,Hydrogen,0.0
2104,Y15,17,reg1,Hydrogen,0.0
2105,Y15,18,reg1,Hydrogen,0.0
2106,Y15,19,reg1,Hydrogen,0.0
2107,Y15,20,reg1,Hydrogen,0.0
2108,Y15,21,reg1,Hydrogen,0.0
2109,Y15,22,reg1,Hydrogen,0.0
2110,Y15,23,reg1,Hydrogen,0.0
2111,Y15,24,reg1,Hydrogen,0.0
2112,Y16,1,reg1,Hydrogen,0.0
2113,Y16,2,reg1,Hydrogen,0.0
2114,Y16,3,reg1,Hydrogen,0.0
2115,Y16,4,reg1,Hydrogen,0.0
2116,Y16,5,reg1,Hydrogen,0.0
2117,Y16,6,reg1,Hydrogen,0.0
2118,Y16,7,reg1,Hydrogen,0.0
2119,Y16,8,reg1,Hydrogen,0.0
2120,Y16,9,reg1,Hydrogen,0.0
2121,Y16,10,reg1,Hydrogen,0.0
2122,Y16,11,reg1,Hydrogen,0.0
2123,Y16,12,reg1,Hydrogen,0.0
2124,Y16,13,reg1,Hydrogen,0.0
2125,Y16,14,reg1,Hydrogen,0.0
2126,Y16,15,reg1,Hydrogen,0.0
2127,Y16,16,reg1,Hydrogen,0.0
2128,Y16,17,reg1,Hydrogen,0.0
2129,Y16,18,reg1,Hydrogen,0.0
2130,Y16,19,reg1,Hydrogen,0.0
2131,Y16,20,reg1,Hydrogen,0.0
2132,Y16,21,reg1,Hydrogen,0.0
2133,Y16,22,reg1,Hydrogen,0.0
2134,Y16,23,reg1,Hydrogen,0.0
2135,Y16,24,reg1,Hydrogen,0.0
2136,Y17,1,reg1,Hydrogen,0.0
2137,Y17,2,reg1,Hydrogen,0.0
2138,Y17,3,reg1,Hydrogen,0.0
2139,Y17,4,reg1,Hydrogen,0.0
2140,Y17,5,reg1,Hydrogen,0.0
2141,Y17,6,reg1,Hydrogen,0.0
2142,Y17,7,reg1,Hydrogen,0.0
2143,Y17,8,reg1,Hydrogen,0.0
2144,Y17,9,reg1,Hydrogen,0.0
2145,Y17,10,reg1,Hydrogen,0.0
2146,Y17,11,reg1,Hydrogen,0.0
2147,Y17,12,reg1,Hydrogen,0.0
2148,Y17,13,reg1,Hydrogen,0.0
2149,Y17,14,reg1,Hydrogen,0.0
2150,Y17,15,reg1,Hydrogen,0.0
2151,Y17,16,reg1,Hydrogen,0.0
2152,Y17,17,reg1,Hydrogen,0.0
2153,Y17,18,reg1,Hydrogen,0.0
2154,Y17,19,reg1,Hydrogen,0.0
2155,Y17,20,reg1,Hydrogen,0.0
2156,Y17,21,reg1,Hydrogen,0.0
2157,Y17,22,reg1,Hydrogen,0.0
2158,Y17,23,reg1,Hydrogen,0.0
2159,Y17,24,reg1,Hydrogen,0.0
2160,Y18,1,reg1,Hydrogen,0.0
2161,Y18,2,reg1,Hydrogen,0.0
2162,Y18,3,reg1,Hydrogen,0.0
2163,Y18,4,reg1,Hydrogen,0.0
2164,Y18,5,reg1,Hydrogen,0.0
2165,Y18,6,reg1,Hydrogen,0.0
2166,Y18,7,reg1,Hydrogen,0.0
2167,Y18,8,reg1,Hydrogen,0.0
2168,Y18,9,reg1,Hydrogen,0.0
2169,Y18,10,reg1,Hydrogen,0.0
2170,Y18,11,reg1,Hydrogen,0.0
2171,Y18,12,reg1,Hydrogen,0.0
2172,Y18,13,reg1,Hydrogen,0.0
2173,Y18,14,reg1,Hydrogen,0.0
2174,Y18,15,reg1,Hydrogen,0.0
2175,Y18,16,reg1,Hydrogen,0.0
2176,Y18,17,reg1,Hydrogen,0.0
2177,Y18,18,reg1,Hydrogen,0.0
2178,Y18,19,reg1,Hydrogen,0.0
2179,Y18,20,reg1,Hydrogen,0.0
2180,Y18,21,reg1,Hydrogen,0.0
2181,Y18,22,reg1,Hydrogen,0.0
2182,Y18,23,reg1,Hydrogen,0.0
2183,Y18,24,reg1,Hydrogen,0.0
2184,Y19,1,reg1,Hydrogen,0.0
2185,Y19,2,reg1,Hydrogen,0.0
2186,Y19,3,reg1,Hydrogen,0.0
2187,Y19,4,reg1,Hydrogen,0.0
2188,Y19,5,reg1,Hydrogen,0.0
2189,Y19,6,reg1,Hydrogen,0.0
2190,Y19,7,reg1,Hydrogen,0.0
2191,Y19,8,reg1,Hydrogen,0.0
2192,Y19,9,reg1,Hydrogen,0.0
2193,Y19,10,reg1,Hydrogen,0.0
2194,Y19,11,reg1,Hydrogen,0.0
2195,Y19,12,reg1,Hydrogen,0.0
2196,Y19,13,reg1,Hydrogen,0.0
2197,Y19,14,reg1,Hydrogen,0.0
2198,Y19,15,reg1,Hydrogen,0.0
2199,Y19,16,reg1,Hydrogen,0.0
2200,Y19,17,reg1,Hydrogen,0.0
2201,Y19,18,reg1,Hydrogen,0.0
2202,Y19,19,reg1,Hydrogen,0.0
2203,Y19,20,reg1,Hydrogen,0.0
2204,Y19,21,reg1,Hydrogen,0.0
2205,Y19,22,reg1,Hydrogen,0.0
2206,Y19,23,reg1,Hydrogen,0.0
2207,Y19,24,reg1,Hydrogen,0.0
2208,Y20,1,reg1,Hydrogen,0.0
2209,Y20,2,reg1,Hydrogen,0.0
2210,Y20,3,reg1,Hydrogen,0.0
2211,Y20,4,reg1,Hydrogen,0.0
2212,Y20,5,reg1,Hydrogen,0.0
2213,Y20,6,reg1,Hydrogen,0.0
2214,Y20,7,reg1,Hydrogen,0.0
2215,Y20,8,reg1,Hydrogen,0.0
2216,Y20,9,reg1,Hydrogen,0.0
2217,Y20,10,reg1,Hydrogen,0.0
2218,Y20,11,reg1,Hydrogen,0.0
2219,Y20,12,reg1,Hydrogen,0.0
2220,Y20,13,reg1,Hydrogen,0.0
2221,Y20,14,reg1,Hydrogen,0.0
2222,Y20,15,reg1,Hydrogen,0.0
2223,Y20,16,reg1,Hydrogen,0.0
2224,Y20,17,reg1,Hydrogen,0.0
2225,Y20,18,reg1,Hydrogen,0.0
2226,Y20,19,reg1,Hydrogen,0.0
2227,Y20,20,reg1,Hydrogen,0.0
2228,Y20,21,reg1,Hydrogen,0.0
2229,Y20,22,reg1,Hydrogen,0.0
2230,Y20,23,reg1,Hydrogen,0.0
2231,Y20,24,reg1,Hydrogen,0.0
2232,Y21,1,reg1,Hydrogen,0.0
2233,Y21,2,reg1,Hydrogen,0.0
2234,Y21,3,reg1,Hydrogen,0.0
2235,Y21,4,reg1,Hydrogen,0.0
2236,Y21,5,reg1,Hydrogen,0.0
2237,Y21,6,reg1,Hydrogen,0.0
2238,Y21,7,reg1,Hydrogen,0.0
2239,Y21,8,reg1,Hydrogen,0.0
2240,Y21,9,reg1,Hydrogen,0.0
2241,Y21,10,reg1,Hydrogen,0.0
2242,Y21,11,reg1,Hydrogen,0.0
2243,Y21,12,reg1,Hydrogen,0.0
2244,Y21,13,reg1,Hydrogen,0.0
2245,Y21,14,reg1,Hydrogen,0.0
2246,Y21,15,reg1,Hydrogen,0.0
2247,Y21,16,reg1,Hydrogen,0.0
2248,Y21,17,reg1,Hydrogen,0.0
2249,Y21,18,reg1,Hydrogen,0.0
2250,Y21,19,reg1,Hydrogen,0.0
2251,Y21,20,reg1,Hydrogen,0.0
2252,Y21,21,reg1,Hydrogen,0.0
2253,Y21,22,reg1,Hydrogen,0.0
2254,Y21,23,reg1,Hydrogen,0.0
2255,Y21,24,reg1,Hydrogen,0.0
2256,Y22,1,reg1,Hydrogen,0.0
2257,Y22,2,reg1,Hydrogen,0.0
2258,Y22,3,reg1,Hydrogen,0.0
2259,Y22,4,reg1,Hydrogen,0.0
2260,Y22,5,reg1,Hydrogen,0.0
2261,Y22,6,reg1,Hydrogen,0.0
2262,Y22,7,reg1,Hydrogen,0.0
2263,Y22,8,reg1,Hydrogen,0.0
2264,Y22,9,reg1,Hydrogen,0.0
2265,Y22,10,reg1,Hydrogen,0.0
2266,Y22,11,reg1,Hydrogen,0.0
2267,Y22,12,reg1,Hydrogen,0.0
2268,Y22,13,reg1,Hydrogen,0.0
2269,Y22,14,reg1,Hydrogen,0.0
2270,Y22,15,reg1,Hydrogen,0.0
2271,Y22,16,reg1,Hydrogen,0.0
2272,Y22,17,reg1,Hydrogen,0.0
2273,Y22,18,reg1,Hydrogen,0.0
2274,Y22,19,reg1,Hydrogen,0.0
2275,Y22,20,reg1,Hydrogen,0.0
2276,Y22,21,reg1,Hydrogen,0.0
2277,Y22,22,reg1,Hydrogen,0.0
2278,Y22,23,reg1,Hydrogen,0.0
2279,Y22,24,reg1,Hydrogen,0.0
2280,Y23,1,reg1,Hydrogen,0.0
2281,Y23,2,reg1,Hydrogen,0.0
2282,Y23,3,reg1,Hydrogen,0.0
2283,Y23,4,reg1,Hydrogen,0.0
2284,Y23,5,reg1,Hydrogen,0.0
2285,Y23,6,reg1,Hydrogen,0.0
2286,Y23,7,reg1,Hydrogen,0.0
2287,Y23,8,reg1,Hydrogen,0.0
2288,Y23,9,reg1,Hydrogen,0.0
2289,Y23,10,reg1,Hydrogen,0.0
2290,Y23,11,reg1,Hydrogen,0.0
2291,Y23,12,reg1,Hydrogen,0.0
2292,Y23,13,reg1,Hydrogen,0.0
2293,Y23,14,reg1,Hydrogen,0.0
2294,Y23,15,reg1,Hydrogen,0.0
2295,Y23,16,reg1,Hydrogen,0.0
2296,Y23,17,reg1,Hydrogen,0.0
2297,Y23,18,reg1,Hydrogen,0.0
2298,Y23,19,reg1,Hydrogen,0.0
2299,Y23,20,reg1,Hydrogen,0.0
2300,Y23,21,reg1,Hydrogen,0.0
2301,Y23,22,reg1,Hydrogen,0.0
2302,Y23,23,reg1,Hydrogen,0.0
2303,Y23,24,reg1,Hydrogen,0.0
2304,Y24,1,reg1,Hydrogen,0.0
2305,Y24,2,reg1,Hydrogen,0.0
2306,Y24,3,reg1,Hydrogen,0.0
2307,Y24,4,reg1,Hydrogen,0.0
2308,Y24,5,reg1,Hydrogen,0.0
2309,Y24,6,reg1,Hydrogen,0.0
2310,Y24,7,reg1,Hydrogen,0.0
2311,Y24,8,reg1,Hydrogen,0.0
2312,Y24,9,reg1,Hydrogen,0.0
2313,Y24,10,reg1,Hydrogen,0.0
2314,Y24,11,reg1,Hydrogen,0.0
2315,Y24,12,reg1,Hydrogen,0.0
2316,Y24,13,reg1,Hydrogen,0.0
2317,Y24,14,reg1,Hydrogen,0.0
2318,Y24,15,reg1,Hydrogen,0.0
2319,Y24,16,reg1,Hydrogen,0.0
2320,Y24,17,reg1,Hydrogen,0.0
2321,Y24,18,reg1,Hydrogen,0.0
2322,Y24,19,reg1,Hydrogen,0.0
2323,Y24,20,reg1,Hydrogen,0.0
2324,Y24,21,reg1,Hydrogen,0.0
2325,Y24,22,reg1,Hydrogen,0.0
2326,Y24,23,reg1,Hydrogen,0.0
2327,Y24,24,reg1,Hydrogen,0.0
2328,Y25,1,reg1,Hydrogen,0.0
2329,Y25,2,reg1,Hydrogen,0.0
2330,Y25,3,reg1,Hydrogen,0.0
2331,Y25,4,reg1,Hydrogen,0.0
2332,Y25,5,reg1,Hydrogen,0.0
2333,Y25,6,reg1,Hydrogen,0.0
2334,Y25,7,reg1,Hydrogen,0.0
2335,Y25,8,reg1,Hydrogen,0.0
2336,Y25,9,reg1,Hydrogen,0.0
2337,Y25,10,reg1,Hydrogen,0.0
2338,Y25,11,reg1,Hydrogen,0.0
2339,Y25,12,reg1,Hydrogen,0.0
2340,Y25,13,reg1,Hydrogen,0.0
2341,Y25,14,reg1,Hydrogen,0.0
2342,Y25,15,reg1,Hydrogen,0.0
2343,Y25,16,reg1,Hydrogen,0.0
2344,Y25,17,reg1,Hydrogen,0.0
2345,Y25,18,reg1,Hydrogen,0.0
2346,Y25,19,reg1,Hydrogen,0.0
2347,Y25,20,reg1,Hydrogen,0.0
2348,Y25,21,reg1,Hydrogen,0.0
2349,Y25,22,reg1,Hydrogen,0.0
2350,Y25,23,reg1,Hydrogen,0.0
2351,Y25,24,reg1,Hydrogen,0.0
2352,Y26,1,reg1,Hydrogen,0.0
2353,Y26,2,reg1,Hydrogen,0.0
2354,Y26,3,reg1,Hydrogen,0.0
2355,Y26,4,reg1,Hydrogen,0.0
2356,Y26,5,reg1,Hydrogen,0.0
2357,Y26,6,reg1,Hydrogen,0.0
2358,Y26,7,reg1,Hydrogen,0.0
2359,Y26,8,reg1,Hydrogen,0.0
2360,Y26,9,reg1,Hydrogen,0.0
2361,Y26,10,reg1,Hydrogen,0.0
2362,Y26,11,reg1,Hydrogen,0.0
2363,Y26,12,reg1,Hydrogen,0.0
2364,Y26,13,reg1,Hydrogen,0.0
2365,Y26,14,reg1,Hydrogen,0.0
2366,Y26,15,reg1,Hydrogen,0.0
2367,Y26,16,reg1,Hydrogen,0.0
2368,Y26,17,reg1,Hydrogen,0.0
2369,Y26,18,reg1,Hydrogen,0.0
2370,Y26,19,reg1,Hydrogen,0.0
2371,Y26,20,reg1,Hydrogen,0.0
2372,Y26,21,reg1,Hydrogen,0.0
2373,Y26,22,reg1,Hydrogen,0.0
2374,Y26,23,reg1,Hydrogen,0.0
2375,Y26,24,reg1,Hydrogen,0.0
2376,Y27,1,reg1,Hydrogen,0.0
2377,Y27,2,reg1,Hydrogen,0.0
2378,Y27,3,reg1,Hydrogen,0.0
2379,Y27,4,reg1,Hydrogen,0.0
2380,Y27,5,reg1,Hydrogen,0.0
2381,Y27,6,reg1,Hydrogen,0.0
2382,Y27,7,reg1,Hydrogen,0.0
2383,Y27,8,reg1,Hydrogen,0.0
2384,Y27,9,reg1,Hydrogen,0.0
2385,Y27,10,reg1,Hydrogen,0.0
2386,Y27,11,reg1,Hydrogen,0.0
2387,Y27,12,reg1,Hydrogen,0.0
2388,Y27,13,reg1,Hydrogen,0.0
2389,Y27,14,reg1,Hydrogen,0.0
2390,Y27,15,reg1,Hydrogen,0.0
2391,Y27,16,reg1,Hydrogen,0.0
2392,Y27,17,reg1,Hydrogen,0.0
2393,Y27,18,reg1,Hydrogen,0.0
2394,Y27,19,reg1,Hydrogen,0.0
2395,Y27,20,reg1,Hydrogen,0.0
2396,Y27,21,reg1,Hydrogen,0.0
2397,Y27,22,reg1,Hydrogen,0.0
2398,Y27,23,reg1,Hydrogen,0.0
2399,Y27,24,reg1,Hydrogen,0.0
2400,Y28,1,reg1,Hydrogen,0.0
2401,Y28,2,reg1,Hydrogen,0.0
2402,Y28,3,reg1,Hydrogen,0.0
2403,Y28,4,reg1,Hydrogen,0.0
2404,Y28,5,reg1,Hydrogen,0.0
2405,Y28,6,reg1,Hydrogen,0.0
2406,Y28,7,reg1,Hydrogen,0.0
2407,Y28,8,reg1,Hydrogen,0.0
2408,Y28,9,reg1,Hydrogen,0.0
2409,Y28,10,reg1,Hydrogen,0.0
2410,Y28,11,reg1,Hydrogen,0.0
2411,Y28,12,reg1,Hydrogen,0.0
2412,Y28,13,reg1,Hydrogen,0.0
2413,Y28,14,reg1,Hydrogen,0.0
2414,Y28,15,reg1,Hydrogen,0.0
2415,Y28,16,reg1,Hydrogen,0.0
2416,Y28,17,reg1,Hydrogen,0.0
2417,Y28,18,reg1,Hydrogen,0.0
2418,Y28,19,reg1,Hydrogen,0.0
2419,Y28,20,reg1,Hydrogen,0.0
2420,Y28,21,reg1,Hydrogen,0.0
2421,Y28,22,reg1,Hydrogen,0.0
2422,Y28,23,reg1,Hydrogen,0.0
2423,Y28,24,reg1,Hydrogen,0.0
2424,Y29,1,reg1,Hydrogen,0.0
2425,Y29,2,reg1,Hydrogen,0.0
2426,Y29,3,reg1,Hydrogen,0.0
2427,Y29,4,reg1,Hydrogen,0.0
2428,Y29,5,reg1,Hydrogen,0.0
2429,Y29,6,reg1,Hydrogen,0.0
2430,Y29,7,reg1,Hydrogen,0.0
2431,Y29,8,reg1,Hydrogen,0.0
2432,Y29,9,reg1,Hydrogen,0.0
2433,Y29,10,reg1,Hydrogen,0.0
2434,Y29,11,reg1,Hydrogen,0.0
2435,Y29,12,reg1,Hydrogen,0.0
2436,Y29,13,reg1,Hydrogen,0.0
2437,Y29,14,reg1,Hydrogen,0.0
2438,Y29,15,reg1,Hydrogen,0.0
2439,Y29,16,reg1,Hydrogen,0.0
2440,Y29,17,reg1,Hydrogen,0.0
2441,Y29,18,reg1,Hydrogen,0.0
2442,Y29,19,reg1,Hydrogen,0.0
2443,Y29,20,reg1,Hydrogen,0.0
2444,Y29,21,reg1,Hydrogen,0.0
2445,Y29,22,reg1,Hydrogen,0.0
2446,Y29,23,reg1,Hydrogen,0.0
2447,Y29,24,reg1,Hydrogen,0.0
2448,Y30,1,reg1,Hydrogen,0.0
2449,Y30,2,reg1,Hydrogen,0.0
2450,Y30,3,reg1,Hydrogen,0.0
2451,Y30,4,reg1,Hydrogen,0.0
2452,Y30,5,reg1,Hydrogen,0.0
2453,Y30,6,reg1,Hydrogen,0.0
2454,Y30,7,reg1,Hydrogen,0.0
2455,Y30,8,reg1,Hydrogen,0.0
2456,Y30,9,reg1,Hydrogen,0.0
2457,Y30,10,reg1,Hydrogen,0.0
2458,Y30,11,reg1,Hydrogen,0.0
2459,Y30,12,reg1,Hydrogen,0.0
2460,Y30,13,reg1,Hydrogen,0.0
2461,Y30,14,reg1,Hydrogen,0.0
2462,Y30,15,reg1,Hydrogen,0.0
2463,Y30,16,reg1,Hydrogen,0.0
2464,Y30,17,reg1,Hydrogen,0.0
2465,Y30,18,reg1,Hydrogen,0.0
2466,Y30,19,reg1,Hydrogen,0.0
2467,Y30,20,reg1,Hydrogen,0.0
2468,Y30,21,reg1,Hydrogen,0.0
2469,Y30,22,reg1,Hydrogen,0.0
2470,Y30,23,reg1,Hydrogen,0.0
2471,Y30,24,reg1,Hydrogen,0.0
2472,Y31,1,reg1,Hydrogen,0.0
2473,Y31,2,reg1,Hydrogen,0.0
2474,Y31,3,reg1,Hydrogen,0.0
2475,Y31,4,reg1,Hydrogen,0.0
2476,Y31,5,reg1,Hydrogen,0.0
2477,Y31,6,reg1,Hydrogen,0.0
2478,Y31,7,reg1,Hydrogen,0.0
2479,Y31,8,reg1,Hydrogen,0.0
2480,Y31,9,reg1,Hydrogen,0.0
2481,Y31,10,reg1,Hydrogen,0.0
2482,Y31,11,reg1,Hydrogen,0.0
2483,Y31,12,reg1,Hydrogen,0.0
2484,Y31,13,reg1,Hydrogen,0.0
2485,Y31,14,reg1,Hydrogen,0.0
2486,Y31,15,reg1,Hydrogen,0.0
2487,Y31,16,reg1,Hydrogen,0.0
2488,Y31,17,reg1,Hydrogen,0.0
2489,Y31,18,reg1,Hydrogen,0.0
2490,Y31,19,reg1,Hydrogen,0.0
2491,Y31,20,reg1,Hydrogen,0.0
2492,Y31,21,reg1,Hydrogen,0.0
2493,Y31,22,reg1,Hydrogen,0.0
2494,Y31,23,reg1,Hydrogen,0.0
2495,Y31,24,reg1,Hydrogen,0.0
2496,Y32,1,reg1,Hydrogen,0.0
2497,Y32,2,reg1,Hydrogen,0.0
2498,Y32,3,reg1,Hydrogen,0.0
2499,Y32,4,reg1,Hydrogen,0.0
2500,Y32,5,reg1,Hydrogen,0.0
2501,Y32,6,reg1,Hydrogen,0.0
2502,Y32,7,reg1,Hydrogen,0.0
2503,Y32,8,reg1,Hydrogen,0.0
2504,Y32,9,reg1,Hydrogen,0.0
2505,Y32,10,reg1,Hydrogen,0.0
2506,Y32,11,reg1,Hydrogen,0.0
2507,Y32,12,reg1,Hydrogen,0.0
2508,Y32,13,reg1,Hydrogen,0.0
2509,Y32,14,reg1,Hydrogen,0.0
2510,Y32,15,reg1,Hydrogen,0.0
2511,Y32,16,reg1,Hydrogen,0.0
2512,Y32,17,reg1,Hydrogen,0.0
2513,Y32,18,reg1,Hydrogen,0.0
2514,Y32,19,reg1,Hydrogen,0.0
2515,Y32,20,reg1,Hydrogen,0.0
2516,Y32,21,reg1,Hydrogen,0.0
2517,Y32,22,reg1,Hydrogen,0.0
2518,Y32,23,reg1,Hydrogen,0.0
2519,Y32,24,reg1,Hydrogen,0.0
2520,Y33,1,reg1,Hydrogen,0.0
2521,Y33,2,reg1,Hydrogen,0.0
2522,Y33,3,reg1,Hydrogen,0.0
2523,Y33,4,reg1,Hydrogen,0.0
2524,Y33,5,reg1,Hydrogen,0.0
2525,Y33,6,reg1,Hydrogen,0.0
2526,Y33,7,reg1,Hydrogen,0.0
2527,Y33,8,reg1,Hydrogen,0.0
2528,Y33,9,reg1,Hydrogen,0.0
2529,Y33,10,reg1,Hydrogen,0.0
2530,Y33,11,reg1,Hydrogen,0.0
2531,Y33,12,reg1,Hydrogen,0.0
2532,Y33,13,reg1,Hydrogen,0.0
2533,Y33,14,reg1,Hydrogen,0.0
2534,Y33,15,reg1,Hydrogen,0.0
2535,Y33,16,reg1,Hydrogen,0.0
2536,Y33,17,reg1,Hydrogen,0.0
2537,Y33,18,reg1,Hydrogen,0.0
2538,Y33,19,reg1,Hydrogen,0.0
2539,Y33,20,reg1,Hydrogen,0.0
2540,Y33,21,reg1,Hydrogen,0.0
2541,Y33,22,reg1,Hydrogen,0.0
2542,Y33,23,reg1,Hydrogen,0.0
2543,Y33,24,reg1,Hydrogen,0.0
2544,Y34,1,reg1,Hydrogen,0.0
2545,Y34,2,reg1,Hydrogen,0.0
2546,Y34,3,reg1,Hydrogen,0.0
2547,Y34,4,reg1,Hydrogen,0.0
2548,Y34,5,reg1,Hydrogen,0.0
2549,Y34,6,reg1,Hydrogen,0.0
2550,Y34,7,reg1,Hydrogen,0.0
2551,Y34,8,reg1,Hydrogen,0.0
2552,Y34,9,reg1,Hydrogen,0.0
2553,Y34,10,reg1,Hydrogen,0.0
2554,Y34,11,reg1,Hydrogen,0.0
2555,Y34,12,reg1,Hydrogen,0.0
2556,Y34,13,reg1,Hydrogen,0.0
2557,Y34,14,reg1,Hydrogen,0.0
2558,Y34,15,reg1,Hydrogen,0.0
2559,Y34,16,reg1,Hydrogen,0.0
2560,Y34,17,reg1,Hydrogen,0.0
2561,Y34,18,reg1,Hydrogen,0.0
2562,Y34,19,reg1,Hydrogen,0.0
2563,Y34,20,reg1,Hydrogen,0.0
2564,Y34,21,reg1,Hydrogen,0.0
2565,Y34,22,reg1,Hydrogen,0.0
2566,Y34,23,reg1,Hydrogen,0.0
2567,Y34,24,reg1,Hydrogen,0.0
2568,Y35,1,reg1,Hydrogen,0.0
2569,Y35,2,reg1,Hydrogen,0.0
2570,Y35,3,reg1,Hydrogen,0.0
2571,Y35,4,reg1,Hydrogen,0.0
2572,Y35,5,reg1,Hydrogen,0.0
2573,Y35,6,reg1,Hydrogen,0.0
2574,Y35,7,reg1,Hydrogen,0.0
2575,Y35,8,reg1,Hydrogen,0.0
2576,Y35,9,reg1,Hydrogen,0.0
2577,Y35,10,reg1,Hydrogen,0.0
2578,Y35,11,reg1,Hydrogen,0.0
2579,Y35,12,reg1,Hydrogen,0.0
2580,Y35,13,reg1,Hydrogen,0.0
2581,Y35,14,reg1,Hydrogen,0.0
2582,Y35,15,reg1,Hydrogen,0.0
2583,Y35,16,reg1,Hydrogen,0.0
2584,Y35,17,reg1,Hydrogen,0.0
2585,Y35,18,reg1,Hydrogen,0.0
2586,Y35,19,reg1,Hydrogen,0.0
2587,Y35,20,reg1,Hydrogen,0.0
2588,Y35,21,reg1,Hydrogen,0.0
2589,Y35,22,reg1,Hydrogen,0.0
2590,Y35,23,reg1,Hydrogen,0.0
2591,Y35,24,reg1,Hydrogen,0.0
