,Datetime,Region,Technology,Emission,Value
0,2025,reg1,NG_supply,CO2,0.0
1,2026,reg1,NG_supply,CO2,0.0
2,2027,reg1,NG_supply,CO2,0.0
3,2028,reg1,NG_supply,CO2,0.0
4,2029,reg1,NG_supply,CO2,0.0
5,2030,reg1,NG_supply,CO2,0.0
6,2031,reg1,NG_supply,CO2,0.0
7,2032,reg1,NG_supply,CO2,0.0
8,2033,reg1,NG_supply,CO2,0.0
9,2034,reg1,NG_supply,CO2,0.0
10,2035,reg1,NG_supply,CO2,0.0
11,2036,reg1,NG_supply,CO2,0.0
12,2037,reg1,NG_supply,CO2,0.0
13,2038,reg1,NG_supply,CO2,0.0
14,2039,reg1,NG_supply,CO2,0.0
15,2040,reg1,NG_supply,CO2,0.0
16,2041,reg1,NG_supply,CO2,0.0
17,2042,reg1,NG_supply,CO2,0.0
18,2043,reg1,NG_supply,CO2,0.0
19,2044,reg1,NG_supply,CO2,0.0
20,2045,reg1,NG_supply,CO2,0.0
21,2046,reg1,NG_supply,CO2,0.0
22,2047,reg1,NG_supply,CO2,0.0
23,2048,reg1,NG_supply,CO2,0.0
24,2049,reg1,NG_supply,CO2,0.0
25,2050,reg1,NG_supply,CO2,0.0
26,2051,reg1,NG_supply,CO2,0.0
27,2052,reg1,NG_supply,CO2,0.0
28,2053,reg1,NG_supply,CO2,0.0
29,2054,reg1,NG_supply,CO2,0.0
30,2055,reg1,NG_supply,CO2,0.0
31,2056,reg1,NG_supply,CO2,0.0
32,2057,reg1,NG_supply,CO2,0.0
33,2058,reg1,NG_supply,CO2,0.0
34,2059,reg1,NG_supply,CO2,0.0
35,2060,reg1,NG_supply,CO2,0.0
36,2025,reg1,SFF_supply,CO2,0.0
37,2026,reg1,SFF_supply,CO2,0.0
38,2027,reg1,SFF_supply,CO2,0.0
39,2028,reg1,SFF_supply,CO2,0.0
40,2029,reg1,SFF_supply,CO2,0.0
41,2030,reg1,SFF_supply,CO2,0.0
42,2031,reg1,SFF_supply,CO2,0.0
43,2032,reg1,SFF_supply,CO2,0.0
44,2033,reg1,SFF_supply,CO2,0.0
45,2034,reg1,SFF_supply,CO2,0.0
46,2035,reg1,SFF_supply,CO2,0.0
47,2036,reg1,SFF_supply,CO2,0.0
48,2037,reg1,SFF_supply,CO2,0.0
49,2038,reg1,SFF_supply,CO2,0.0
50,2039,reg1,SFF_supply,CO2,0.0
51,2040,reg1,SFF_supply,CO2,0.0
52,2041,reg1,SFF_supply,CO2,0.0
53,2042,reg1,SFF_supply,CO2,0.0
54,2043,reg1,SFF_supply,CO2,0.0
55,2044,reg1,SFF_supply,CO2,0.0
56,2045,reg1,SFF_supply,CO2,0.0
57,2046,reg1,SFF_supply,CO2,0.0
58,2047,reg1,SFF_supply,CO2,0.0
59,2048,reg1,SFF_supply,CO2,0.0
60,2049,reg1,SFF_supply,CO2,0.0
61,2050,reg1,SFF_supply,CO2,0.0
62,2051,reg1,SFF_supply,CO2,0.0
63,2052,reg1,SFF_supply,CO2,0.0
64,2053,reg1,SFF_supply,CO2,0.0
65,2054,reg1,SFF_supply,CO2,0.0
66,2055,reg1,SFF_supply,CO2,0.0
67,2056,reg1,SFF_supply,CO2,0.0
68,2057,reg1,SFF_supply,CO2,0.0
69,2058,reg1,SFF_supply,CO2,0.0
70,2059,reg1,SFF_supply,CO2,0.0
71,2060,reg1,SFF_supply,CO2,0.0
72,2025,reg1,OP_supply,CO2,0.0
73,2026,reg1,OP_supply,CO2,0.0
74,2027,reg1,OP_supply,CO2,0.0
75,2028,reg1,OP_supply,CO2,0.0
76,2029,reg1,OP_supply,CO2,0.0
77,2030,reg1,OP_supply,CO2,0.0
78,2031,reg1,OP_supply,CO2,0.0
79,2032,reg1,OP_supply,CO2,0.0
80,2033,reg1,OP_supply,CO2,0.0
81,2034,reg1,OP_supply,CO2,0.0
82,2035,reg1,OP_supply,CO2,0.0
83,2036,reg1,OP_supply,CO2,0.0
84,2037,reg1,OP_supply,CO2,0.0
85,2038,reg1,OP_supply,CO2,0.0
86,2039,reg1,OP_supply,CO2,0.0
87,2040,reg1,OP_supply,CO2,0.0
88,2041,reg1,OP_supply,CO2,0.0
89,2042,reg1,OP_supply,CO2,0.0
90,2043,reg1,OP_supply,CO2,0.0
91,2044,reg1,OP_supply,CO2,0.0
92,2045,reg1,OP_supply,CO2,0.0
93,2046,reg1,OP_supply,CO2,0.0
94,2047,reg1,OP_supply,CO2,0.0
95,2048,reg1,OP_supply,CO2,0.0
96,2049,reg1,OP_supply,CO2,0.0
97,2050,reg1,OP_supply,CO2,0.0
98,2051,reg1,OP_supply,CO2,0.0
99,2052,reg1,OP_supply,CO2,0.0
100,2053,reg1,OP_supply,CO2,0.0
101,2054,reg1,OP_supply,CO2,0.0
102,2055,reg1,OP_supply,CO2,0.0
103,2056,reg1,OP_supply,CO2,0.0
104,2057,reg1,OP_supply,CO2,0.0
105,2058,reg1,OP_supply,CO2,0.0
106,2059,reg1,OP_supply,CO2,0.0
107,2060,reg1,OP_supply,CO2,0.0
108,2025,reg1,BW_supply,CO2,0.0
109,2026,reg1,BW_supply,CO2,0.0
110,2027,reg1,BW_supply,CO2,0.0
111,2028,reg1,BW_supply,CO2,0.0
112,2029,reg1,BW_supply,CO2,0.0
113,2030,reg1,BW_supply,CO2,0.0
114,2031,reg1,BW_supply,CO2,0.0
115,2032,reg1,BW_supply,CO2,0.0
116,2033,reg1,BW_supply,CO2,0.0
117,2034,reg1,BW_supply,CO2,0.0
118,2035,reg1,BW_supply,CO2,0.0
119,2036,reg1,BW_supply,CO2,0.0
120,2037,reg1,BW_supply,CO2,0.0
121,2038,reg1,BW_supply,CO2,0.0
122,2039,reg1,BW_supply,CO2,0.0
123,2040,reg1,BW_supply,CO2,0.0
124,2041,reg1,BW_supply,CO2,0.0
125,2042,reg1,BW_supply,CO2,0.0
126,2043,reg1,BW_supply,CO2,0.0
127,2044,reg1,BW_supply,CO2,0.0
128,2045,reg1,BW_supply,CO2,0.0
129,2046,reg1,BW_supply,CO2,0.0
130,2047,reg1,BW_supply,CO2,0.0
131,2048,reg1,BW_supply,CO2,0.0
132,2049,reg1,BW_supply,CO2,0.0
133,2050,reg1,BW_supply,CO2,0.0
134,2051,reg1,BW_supply,CO2,0.0
135,2052,reg1,BW_supply,CO2,0.0
136,2053,reg1,BW_supply,CO2,0.0
137,2054,reg1,BW_supply,CO2,0.0
138,2055,reg1,BW_supply,CO2,0.0
139,2056,reg1,BW_supply,CO2,0.0
140,2057,reg1,BW_supply,CO2,0.0
141,2058,reg1,BW_supply,CO2,0.0
142,2059,reg1,BW_supply,CO2,0.0
143,2060,reg1,BW_supply,CO2,0.0
144,2025,reg1,BIO_supply,CO2,0.0
145,2026,reg1,BIO_supply,CO2,0.0
146,2027,reg1,BIO_supply,CO2,0.0
147,2028,reg1,BIO_supply,CO2,0.0
148,2029,reg1,BIO_supply,CO2,0.0
149,2030,reg1,BIO_supply,CO2,0.0
150,2031,reg1,BIO_supply,CO2,0.0
151,2032,reg1,BIO_supply,CO2,0.0
152,2033,reg1,BIO_supply,CO2,0.0
153,2034,reg1,BIO_supply,CO2,0.0
154,2035,reg1,BIO_supply,CO2,0.0
155,2036,reg1,BIO_supply,CO2,0.0
156,2037,reg1,BIO_supply,CO2,0.0
157,2038,reg1,BIO_supply,CO2,0.0
158,2039,reg1,BIO_supply,CO2,0.0
159,2040,reg1,BIO_supply,CO2,0.0
160,2041,reg1,BIO_supply,CO2,0.0
161,2042,reg1,BIO_supply,CO2,0.0
162,2043,reg1,BIO_supply,CO2,0.0
163,2044,reg1,BIO_supply,CO2,0.0
164,2045,reg1,BIO_supply,CO2,0.0
165,2046,reg1,BIO_supply,CO2,0.0
166,2047,reg1,BIO_supply,CO2,0.0
167,2048,reg1,BIO_supply,CO2,0.0
168,2049,reg1,BIO_supply,CO2,0.0
169,2050,reg1,BIO_supply,CO2,0.0
170,2051,reg1,BIO_supply,CO2,0.0
171,2052,reg1,BIO_supply,CO2,0.0
172,2053,reg1,BIO_supply,CO2,0.0
173,2054,reg1,BIO_supply,CO2,0.0
174,2055,reg1,BIO_supply,CO2,0.0
175,2056,reg1,BIO_supply,CO2,0.0
176,2057,reg1,BIO_supply,CO2,0.0
177,2058,reg1,BIO_supply,CO2,0.0
178,2059,reg1,BIO_supply,CO2,0.0
179,2060,reg1,BIO_supply,CO2,0.0
180,2025,reg1,Biogas_supply,CO2,0.0
181,2026,reg1,Biogas_supply,CO2,0.0
182,2027,reg1,Biogas_supply,CO2,0.0
183,2028,reg1,Biogas_supply,CO2,0.0
184,2029,reg1,Biogas_supply,CO2,0.0
185,2030,reg1,Biogas_supply,CO2,0.0
186,2031,reg1,Biogas_supply,CO2,0.0
187,2032,reg1,Biogas_supply,CO2,0.0
188,2033,reg1,Biogas_supply,CO2,0.0
189,2034,reg1,Biogas_supply,CO2,0.0
190,2035,reg1,Biogas_supply,CO2,0.0
191,2036,reg1,Biogas_supply,CO2,0.0
192,2037,reg1,Biogas_supply,CO2,0.0
193,2038,reg1,Biogas_supply,CO2,0.0
194,2039,reg1,Biogas_supply,CO2,0.0
195,2040,reg1,Biogas_supply,CO2,0.0
196,2041,reg1,Biogas_supply,CO2,0.0
197,2042,reg1,Biogas_supply,CO2,0.0
198,2043,reg1,Biogas_supply,CO2,0.0
199,2044,reg1,Biogas_supply,CO2,0.0
200,2045,reg1,Biogas_supply,CO2,0.0
201,2046,reg1,Biogas_supply,CO2,0.0
202,2047,reg1,Biogas_supply,CO2,0.0
203,2048,reg1,Biogas_supply,CO2,0.0
204,2049,reg1,Biogas_supply,CO2,0.0
205,2050,reg1,Biogas_supply,CO2,0.0
206,2051,reg1,Biogas_supply,CO2,0.0
207,2052,reg1,Biogas_supply,CO2,0.0
208,2053,reg1,Biogas_supply,CO2,0.0
209,2054,reg1,Biogas_supply,CO2,0.0
210,2055,reg1,Biogas_supply,CO2,0.0
211,2056,reg1,Biogas_supply,CO2,0.0
212,2057,reg1,Biogas_supply,CO2,0.0
213,2058,reg1,Biogas_supply,CO2,0.0
214,2059,reg1,Biogas_supply,CO2,0.0
215,2060,reg1,Biogas_supply,CO2,0.0
216,2025,reg1,Waste_supply,CO2,0.0
217,2026,reg1,Waste_supply,CO2,0.0
218,2027,reg1,Waste_supply,CO2,0.0
219,2028,reg1,Waste_supply,CO2,0.0
220,2029,reg1,Waste_supply,CO2,0.0
221,2030,reg1,Waste_supply,CO2,0.0
222,2031,reg1,Waste_supply,CO2,0.0
223,2032,reg1,Waste_supply,CO2,0.0
224,2033,reg1,Waste_supply,CO2,0.0
225,2034,reg1,Waste_supply,CO2,0.0
226,2035,reg1,Waste_supply,CO2,0.0
227,2036,reg1,Waste_supply,CO2,0.0
228,2037,reg1,Waste_supply,CO2,0.0
229,2038,reg1,Waste_supply,CO2,0.0
230,2039,reg1,Waste_supply,CO2,0.0
231,2040,reg1,Waste_supply,CO2,0.0
232,2041,reg1,Waste_supply,CO2,0.0
233,2042,reg1,Waste_supply,CO2,0.0
234,2043,reg1,Waste_supply,CO2,0.0
235,2044,reg1,Waste_supply,CO2,0.0
236,2045,reg1,Waste_supply,CO2,0.0
237,2046,reg1,Waste_supply,CO2,0.0
238,2047,reg1,Waste_supply,CO2,0.0
239,2048,reg1,Waste_supply,CO2,0.0
240,2049,reg1,Waste_supply,CO2,0.0
241,2050,reg1,Waste_supply,CO2,0.0
242,2051,reg1,Waste_supply,CO2,0.0
243,2052,reg1,Waste_supply,CO2,0.0
244,2053,reg1,Waste_supply,CO2,0.0
245,2054,reg1,Waste_supply,CO2,0.0
246,2055,reg1,Waste_supply,CO2,0.0
247,2056,reg1,Waste_supply,CO2,0.0
248,2057,reg1,Waste_supply,CO2,0.0
249,2058,reg1,Waste_supply,CO2,0.0
250,2059,reg1,Waste_supply,CO2,0.0
251,2060,reg1,Waste_supply,CO2,0.0
252,2025,reg1,Geo_PP,CO2,0.0
253,2026,reg1,Geo_PP,CO2,0.0
254,2027,reg1,Geo_PP,CO2,0.0
255,2028,reg1,Geo_PP,CO2,0.0
256,2029,reg1,Geo_PP,CO2,0.0
257,2030,reg1,Geo_PP,CO2,0.0
258,2031,reg1,Geo_PP,CO2,0.0
259,2032,reg1,Geo_PP,CO2,0.0
260,2033,reg1,Geo_PP,CO2,0.0
261,2034,reg1,Geo_PP,CO2,0.0
262,2035,reg1,Geo_PP,CO2,0.0
263,2036,reg1,Geo_PP,CO2,0.0
264,2037,reg1,Geo_PP,CO2,0.0
265,2038,reg1,Geo_PP,CO2,0.0
266,2039,reg1,Geo_PP,CO2,0.0
267,2040,reg1,Geo_PP,CO2,0.0
268,2041,reg1,Geo_PP,CO2,0.0
269,2042,reg1,Geo_PP,CO2,0.0
270,2043,reg1,Geo_PP,CO2,0.0
271,2044,reg1,Geo_PP,CO2,0.0
272,2045,reg1,Geo_PP,CO2,0.0
273,2046,reg1,Geo_PP,CO2,0.0
274,2047,reg1,Geo_PP,CO2,0.0
275,2048,reg1,Geo_PP,CO2,0.0
276,2049,reg1,Geo_PP,CO2,0.0
277,2050,reg1,Geo_PP,CO2,0.0
278,2051,reg1,Geo_PP,CO2,0.0
279,2052,reg1,Geo_PP,CO2,0.0
280,2053,reg1,Geo_PP,CO2,0.0
281,2054,reg1,Geo_PP,CO2,0.0
282,2055,reg1,Geo_PP,CO2,0.0
283,2056,reg1,Geo_PP,CO2,0.0
284,2057,reg1,Geo_PP,CO2,0.0
285,2058,reg1,Geo_PP,CO2,0.0
286,2059,reg1,Geo_PP,CO2,0.0
287,2060,reg1,Geo_PP,CO2,0.0
288,2025,reg1,Solar_PV_PP,CO2,0.0
289,2026,reg1,Solar_PV_PP,CO2,0.0
290,2027,reg1,Solar_PV_PP,CO2,0.0
291,2028,reg1,Solar_PV_PP,CO2,0.0
292,2029,reg1,Solar_PV_PP,CO2,0.0
293,2030,reg1,Solar_PV_PP,CO2,0.0
294,2031,reg1,Solar_PV_PP,CO2,0.0
295,2032,reg1,Solar_PV_PP,CO2,0.0
296,2033,reg1,Solar_PV_PP,CO2,0.0
297,2034,reg1,Solar_PV_PP,CO2,0.0
298,2035,reg1,Solar_PV_PP,CO2,0.0
299,2036,reg1,Solar_PV_PP,CO2,0.0
300,2037,reg1,Solar_PV_PP,CO2,0.0
301,2038,reg1,Solar_PV_PP,CO2,0.0
302,2039,reg1,Solar_PV_PP,CO2,0.0
303,2040,reg1,Solar_PV_PP,CO2,0.0
304,2041,reg1,Solar_PV_PP,CO2,0.0
305,2042,reg1,Solar_PV_PP,CO2,0.0
306,2043,reg1,Solar_PV_PP,CO2,0.0
307,2044,reg1,Solar_PV_PP,CO2,0.0
308,2045,reg1,Solar_PV_PP,CO2,0.0
309,2046,reg1,Solar_PV_PP,CO2,0.0
310,2047,reg1,Solar_PV_PP,CO2,0.0
311,2048,reg1,Solar_PV_PP,CO2,0.0
312,2049,reg1,Solar_PV_PP,CO2,0.0
313,2050,reg1,Solar_PV_PP,CO2,0.0
314,2051,reg1,Solar_PV_PP,CO2,0.0
315,2052,reg1,Solar_PV_PP,CO2,0.0
316,2053,reg1,Solar_PV_PP,CO2,0.0
317,2054,reg1,Solar_PV_PP,CO2,0.0
318,2055,reg1,Solar_PV_PP,CO2,0.0
319,2056,reg1,Solar_PV_PP,CO2,0.0
320,2057,reg1,Solar_PV_PP,CO2,0.0
321,2058,reg1,Solar_PV_PP,CO2,0.0
322,2059,reg1,Solar_PV_PP,CO2,0.0
323,2060,reg1,Solar_PV_PP,CO2,0.0
324,2025,reg1,Wind_On-Shore_PP,CO2,0.0
325,2026,reg1,Wind_On-Shore_PP,CO2,0.0
326,2027,reg1,Wind_On-Shore_PP,CO2,0.0
327,2028,reg1,Wind_On-Shore_PP,CO2,0.0
328,2029,reg1,Wind_On-Shore_PP,CO2,0.0
329,2030,reg1,Wind_On-Shore_PP,CO2,0.0
330,2031,reg1,Wind_On-Shore_PP,CO2,0.0
331,2032,reg1,Wind_On-Shore_PP,CO2,0.0
332,2033,reg1,Wind_On-Shore_PP,CO2,0.0
333,2034,reg1,Wind_On-Shore_PP,CO2,0.0
334,2035,reg1,Wind_On-Shore_PP,CO2,0.0
335,2036,reg1,Wind_On-Shore_PP,CO2,0.0
336,2037,reg1,Wind_On-Shore_PP,CO2,0.0
337,2038,reg1,Wind_On-Shore_PP,CO2,0.0
338,2039,reg1,Wind_On-Shore_PP,CO2,0.0
339,2040,reg1,Wind_On-Shore_PP,CO2,0.0
340,2041,reg1,Wind_On-Shore_PP,CO2,0.0
341,2042,reg1,Wind_On-Shore_PP,CO2,0.0
342,2043,reg1,Wind_On-Shore_PP,CO2,0.0
343,2044,reg1,Wind_On-Shore_PP,CO2,0.0
344,2045,reg1,Wind_On-Shore_PP,CO2,0.0
345,2046,reg1,Wind_On-Shore_PP,CO2,0.0
346,2047,reg1,Wind_On-Shore_PP,CO2,0.0
347,2048,reg1,Wind_On-Shore_PP,CO2,0.0
348,2049,reg1,Wind_On-Shore_PP,CO2,0.0
349,2050,reg1,Wind_On-Shore_PP,CO2,0.0
350,2051,reg1,Wind_On-Shore_PP,CO2,0.0
351,2052,reg1,Wind_On-Shore_PP,CO2,0.0
352,2053,reg1,Wind_On-Shore_PP,CO2,0.0
353,2054,reg1,Wind_On-Shore_PP,CO2,0.0
354,2055,reg1,Wind_On-Shore_PP,CO2,0.0
355,2056,reg1,Wind_On-Shore_PP,CO2,0.0
356,2057,reg1,Wind_On-Shore_PP,CO2,0.0
357,2058,reg1,Wind_On-Shore_PP,CO2,0.0
358,2059,reg1,Wind_On-Shore_PP,CO2,0.0
359,2060,reg1,Wind_On-Shore_PP,CO2,0.0
360,2025,reg1,Wind_Off-Shore_PP,CO2,0.0
361,2026,reg1,Wind_Off-Shore_PP,CO2,0.0
362,2027,reg1,Wind_Off-Shore_PP,CO2,0.0
363,2028,reg1,Wind_Off-Shore_PP,CO2,0.0
364,2029,reg1,Wind_Off-Shore_PP,CO2,0.0
365,2030,reg1,Wind_Off-Shore_PP,CO2,0.0
366,2031,reg1,Wind_Off-Shore_PP,CO2,0.0
367,2032,reg1,Wind_Off-Shore_PP,CO2,0.0
368,2033,reg1,Wind_Off-Shore_PP,CO2,0.0
369,2034,reg1,Wind_Off-Shore_PP,CO2,0.0
370,2035,reg1,Wind_Off-Shore_PP,CO2,0.0
371,2036,reg1,Wind_Off-Shore_PP,CO2,0.0
372,2037,reg1,Wind_Off-Shore_PP,CO2,0.0
373,2038,reg1,Wind_Off-Shore_PP,CO2,0.0
374,2039,reg1,Wind_Off-Shore_PP,CO2,0.0
375,2040,reg1,Wind_Off-Shore_PP,CO2,0.0
376,2041,reg1,Wind_Off-Shore_PP,CO2,0.0
377,2042,reg1,Wind_Off-Shore_PP,CO2,0.0
378,2043,reg1,Wind_Off-Shore_PP,CO2,0.0
379,2044,reg1,Wind_Off-Shore_PP,CO2,0.0
380,2045,reg1,Wind_Off-Shore_PP,CO2,0.0
381,2046,reg1,Wind_Off-Shore_PP,CO2,0.0
382,2047,reg1,Wind_Off-Shore_PP,CO2,0.0
383,2048,reg1,Wind_Off-Shore_PP,CO2,0.0
384,2049,reg1,Wind_Off-Shore_PP,CO2,0.0
385,2050,reg1,Wind_Off-Shore_PP,CO2,0.0
386,2051,reg1,Wind_Off-Shore_PP,CO2,0.0
387,2052,reg1,Wind_Off-Shore_PP,CO2,0.0
388,2053,reg1,Wind_Off-Shore_PP,CO2,0.0
389,2054,reg1,Wind_Off-Shore_PP,CO2,0.0
390,2055,reg1,Wind_Off-Shore_PP,CO2,0.0
391,2056,reg1,Wind_Off-Shore_PP,CO2,0.0
392,2057,reg1,Wind_Off-Shore_PP,CO2,0.0
393,2058,reg1,Wind_Off-Shore_PP,CO2,0.0
394,2059,reg1,Wind_Off-Shore_PP,CO2,0.0
395,2060,reg1,Wind_Off-Shore_PP,CO2,0.0
396,2025,reg1,Hydro_PP,CO2,0.0
397,2026,reg1,Hydro_PP,CO2,0.0
398,2027,reg1,Hydro_PP,CO2,0.0
399,2028,reg1,Hydro_PP,CO2,0.0
400,2029,reg1,Hydro_PP,CO2,0.0
401,2030,reg1,Hydro_PP,CO2,0.0
402,2031,reg1,Hydro_PP,CO2,0.0
403,2032,reg1,Hydro_PP,CO2,0.0
404,2033,reg1,Hydro_PP,CO2,0.0
405,2034,reg1,Hydro_PP,CO2,0.0
406,2035,reg1,Hydro_PP,CO2,0.0
407,2036,reg1,Hydro_PP,CO2,0.0
408,2037,reg1,Hydro_PP,CO2,0.0
409,2038,reg1,Hydro_PP,CO2,0.0
410,2039,reg1,Hydro_PP,CO2,0.0
411,2040,reg1,Hydro_PP,CO2,0.0
412,2041,reg1,Hydro_PP,CO2,0.0
413,2042,reg1,Hydro_PP,CO2,0.0
414,2043,reg1,Hydro_PP,CO2,0.0
415,2044,reg1,Hydro_PP,CO2,0.0
416,2045,reg1,Hydro_PP,CO2,0.0
417,2046,reg1,Hydro_PP,CO2,0.0
418,2047,reg1,Hydro_PP,CO2,0.0
419,2048,reg1,Hydro_PP,CO2,0.0
420,2049,reg1,Hydro_PP,CO2,0.0
421,2050,reg1,Hydro_PP,CO2,0.0
422,2051,reg1,Hydro_PP,CO2,0.0
423,2052,reg1,Hydro_PP,CO2,0.0
424,2053,reg1,Hydro_PP,CO2,0.0
425,2054,reg1,Hydro_PP,CO2,0.0
426,2055,reg1,Hydro_PP,CO2,0.0
427,2056,reg1,Hydro_PP,CO2,0.0
428,2057,reg1,Hydro_PP,CO2,0.0
429,2058,reg1,Hydro_PP,CO2,0.0
430,2059,reg1,Hydro_PP,CO2,0.0
431,2060,reg1,Hydro_PP,CO2,0.0
432,2025,reg1,UO2_supply ,CO2,0.0
433,2026,reg1,UO2_supply ,CO2,0.0
434,2027,reg1,UO2_supply ,CO2,0.0
435,2028,reg1,UO2_supply ,CO2,0.0
436,2029,reg1,UO2_supply ,CO2,0.0
437,2030,reg1,UO2_supply ,CO2,0.0
438,2031,reg1,UO2_supply ,CO2,0.0
439,2032,reg1,UO2_supply ,CO2,0.0
440,2033,reg1,UO2_supply ,CO2,0.0
441,2034,reg1,UO2_supply ,CO2,0.0
442,2035,reg1,UO2_supply ,CO2,0.0
443,2036,reg1,UO2_supply ,CO2,0.0
444,2037,reg1,UO2_supply ,CO2,0.0
445,2038,reg1,UO2_supply ,CO2,0.0
446,2039,reg1,UO2_supply ,CO2,0.0
447,2040,reg1,UO2_supply ,CO2,0.0
448,2041,reg1,UO2_supply ,CO2,0.0
449,2042,reg1,UO2_supply ,CO2,0.0
450,2043,reg1,UO2_supply ,CO2,0.0
451,2044,reg1,UO2_supply ,CO2,0.0
452,2045,reg1,UO2_supply ,CO2,0.0
453,2046,reg1,UO2_supply ,CO2,0.0
454,2047,reg1,UO2_supply ,CO2,0.0
455,2048,reg1,UO2_supply ,CO2,0.0
456,2049,reg1,UO2_supply ,CO2,0.0
457,2050,reg1,UO2_supply ,CO2,0.0
458,2051,reg1,UO2_supply ,CO2,0.0
459,2052,reg1,UO2_supply ,CO2,0.0
460,2053,reg1,UO2_supply ,CO2,0.0
461,2054,reg1,UO2_supply ,CO2,0.0
462,2055,reg1,UO2_supply ,CO2,0.0
463,2056,reg1,UO2_supply ,CO2,0.0
464,2057,reg1,UO2_supply ,CO2,0.0
465,2058,reg1,UO2_supply ,CO2,0.0
466,2059,reg1,UO2_supply ,CO2,0.0
467,2060,reg1,UO2_supply ,CO2,0.0
468,2025,reg1,Electricity_net_imports,CO2,0.0
469,2026,reg1,Electricity_net_imports,CO2,0.0
470,2027,reg1,Electricity_net_imports,CO2,0.0
471,2028,reg1,Electricity_net_imports,CO2,0.0
472,2029,reg1,Electricity_net_imports,CO2,0.0
473,2030,reg1,Electricity_net_imports,CO2,0.0
474,2031,reg1,Electricity_net_imports,CO2,0.0
475,2032,reg1,Electricity_net_imports,CO2,0.0
476,2033,reg1,Electricity_net_imports,CO2,0.0
477,2034,reg1,Electricity_net_imports,CO2,0.0
478,2035,reg1,Electricity_net_imports,CO2,0.0
479,2036,reg1,Electricity_net_imports,CO2,0.0
480,2037,reg1,Electricity_net_imports,CO2,0.0
481,2038,reg1,Electricity_net_imports,CO2,0.0
482,2039,reg1,Electricity_net_imports,CO2,0.0
483,2040,reg1,Electricity_net_imports,CO2,0.0
484,2041,reg1,Electricity_net_imports,CO2,0.0
485,2042,reg1,Electricity_net_imports,CO2,0.0
486,2043,reg1,Electricity_net_imports,CO2,0.0
487,2044,reg1,Electricity_net_imports,CO2,0.0
488,2045,reg1,Electricity_net_imports,CO2,0.0
489,2046,reg1,Electricity_net_imports,CO2,0.0
490,2047,reg1,Electricity_net_imports,CO2,0.0
491,2048,reg1,Electricity_net_imports,CO2,0.0
492,2049,reg1,Electricity_net_imports,CO2,0.0
493,2050,reg1,Electricity_net_imports,CO2,0.0
494,2051,reg1,Electricity_net_imports,CO2,0.0
495,2052,reg1,Electricity_net_imports,CO2,0.0
496,2053,reg1,Electricity_net_imports,CO2,0.0
497,2054,reg1,Electricity_net_imports,CO2,0.0
498,2055,reg1,Electricity_net_imports,CO2,0.0
499,2056,reg1,Electricity_net_imports,CO2,0.0
500,2057,reg1,Electricity_net_imports,CO2,0.0
501,2058,reg1,Electricity_net_imports,CO2,0.0
502,2059,reg1,Electricity_net_imports,CO2,0.0
503,2060,reg1,Electricity_net_imports,CO2,0.0
504,2025,reg1,Geo_HP,CO2,0.0
505,2026,reg1,Geo_HP,CO2,0.0
506,2027,reg1,Geo_HP,CO2,0.0
507,2028,reg1,Geo_HP,CO2,0.0
508,2029,reg1,Geo_HP,CO2,0.0
509,2030,reg1,Geo_HP,CO2,0.0
510,2031,reg1,Geo_HP,CO2,0.0
511,2032,reg1,Geo_HP,CO2,0.0
512,2033,reg1,Geo_HP,CO2,0.0
513,2034,reg1,Geo_HP,CO2,0.0
514,2035,reg1,Geo_HP,CO2,0.0
515,2036,reg1,Geo_HP,CO2,0.0
516,2037,reg1,Geo_HP,CO2,0.0
517,2038,reg1,Geo_HP,CO2,0.0
518,2039,reg1,Geo_HP,CO2,0.0
519,2040,reg1,Geo_HP,CO2,0.0
520,2041,reg1,Geo_HP,CO2,0.0
521,2042,reg1,Geo_HP,CO2,0.0
522,2043,reg1,Geo_HP,CO2,0.0
523,2044,reg1,Geo_HP,CO2,0.0
524,2045,reg1,Geo_HP,CO2,0.0
525,2046,reg1,Geo_HP,CO2,0.0
526,2047,reg1,Geo_HP,CO2,0.0
527,2048,reg1,Geo_HP,CO2,0.0
528,2049,reg1,Geo_HP,CO2,0.0
529,2050,reg1,Geo_HP,CO2,0.0
530,2051,reg1,Geo_HP,CO2,0.0
531,2052,reg1,Geo_HP,CO2,0.0
532,2053,reg1,Geo_HP,CO2,0.0
533,2054,reg1,Geo_HP,CO2,0.0
534,2055,reg1,Geo_HP,CO2,0.0
535,2056,reg1,Geo_HP,CO2,0.0
536,2057,reg1,Geo_HP,CO2,0.0
537,2058,reg1,Geo_HP,CO2,0.0
538,2059,reg1,Geo_HP,CO2,0.0
539,2060,reg1,Geo_HP,CO2,0.0
540,2025,reg1,HTHP,CO2,0.0
541,2026,reg1,HTHP,CO2,0.0
542,2027,reg1,HTHP,CO2,0.0
543,2028,reg1,HTHP,CO2,0.0
544,2029,reg1,HTHP,CO2,0.0
545,2030,reg1,HTHP,CO2,0.0
546,2031,reg1,HTHP,CO2,0.0
547,2032,reg1,HTHP,CO2,0.0
548,2033,reg1,HTHP,CO2,0.0
549,2034,reg1,HTHP,CO2,0.0
550,2035,reg1,HTHP,CO2,0.0
551,2036,reg1,HTHP,CO2,0.0
552,2037,reg1,HTHP,CO2,0.0
553,2038,reg1,HTHP,CO2,0.0
554,2039,reg1,HTHP,CO2,0.0
555,2040,reg1,HTHP,CO2,0.0
556,2041,reg1,HTHP,CO2,0.0
557,2042,reg1,HTHP,CO2,0.0
558,2043,reg1,HTHP,CO2,0.0
559,2044,reg1,HTHP,CO2,0.0
560,2045,reg1,HTHP,CO2,0.0
561,2046,reg1,HTHP,CO2,0.0
562,2047,reg1,HTHP,CO2,0.0
563,2048,reg1,HTHP,CO2,0.0
564,2049,reg1,HTHP,CO2,0.0
565,2050,reg1,HTHP,CO2,0.0
566,2051,reg1,HTHP,CO2,0.0
567,2052,reg1,HTHP,CO2,0.0
568,2053,reg1,HTHP,CO2,0.0
569,2054,reg1,HTHP,CO2,0.0
570,2055,reg1,HTHP,CO2,0.0
571,2056,reg1,HTHP,CO2,0.0
572,2057,reg1,HTHP,CO2,0.0
573,2058,reg1,HTHP,CO2,0.0
574,2059,reg1,HTHP,CO2,0.0
575,2060,reg1,HTHP,CO2,0.0
576,2025,reg1,SMR,CO2,0.0
577,2026,reg1,SMR,CO2,421536.7569859195
578,2027,reg1,SMR,CO2,832473.9861532666
579,2028,reg1,SMR,CO2,1232811.8384606275
580,2029,reg1,SMR,CO2,1622553.7272884082
581,2030,reg1,SMR,CO2,2001816.3302379672
582,2031,reg1,SMR,CO2,2052214.8896507695
583,2032,reg1,SMR,CO2,2101472.4510218906
584,2033,reg1,SMR,CO2,2149589.014351328
585,2034,reg1,SMR,CO2,2196565.158388946
586,2035,reg1,SMR,CO2,2242407.6510696113
587,2036,reg1,SMR,CO2,2287108.9484142023
588,2037,reg1,SMR,CO2,2330669.0504225735
589,2038,reg1,SMR,CO2,2373087.957094957
590,2039,reg1,SMR,CO2,2377788.4379209355
591,2040,reg1,SMR,CO2,2411057.3289830447
592,2041,reg1,SMR,CO2,2360527.6344898273
593,2042,reg1,SMR,CO2,2303021.767858916
594,2043,reg1,SMR,CO2,2239099.4348234306
595,2044,reg1,SMR,CO2,2181183.7029995653
596,2045,reg1,SMR,CO2,2123267.9711757
597,2046,reg1,SMR,CO2,2065352.2393518344
598,2047,reg1,SMR,CO2,2007436.5075279695
599,2048,reg1,SMR,CO2,1949520.7757041038
600,2049,reg1,SMR,CO2,1885747.5165758508
601,2050,reg1,SMR,CO2,1827831.7847563736
602,2051,reg1,SMR,CO2,1827831.7847563736
603,2052,reg1,SMR,CO2,1833689.3120563738
604,2053,reg1,SMR,CO2,1833689.3120563738
605,2054,reg1,SMR,CO2,1833689.3120563738
606,2055,reg1,SMR,CO2,1833689.3120563738
607,2056,reg1,SMR,CO2,1839546.8393563738
608,2057,reg1,SMR,CO2,1835650.7171709735
609,2058,reg1,SMR,CO2,1835650.7171706888
610,2059,reg1,SMR,CO2,1875485.0094230708
611,2060,reg1,SMR,CO2,1875485.0094233467
612,2025,reg1,SMR_CCS,CO2,0.0
613,2026,reg1,SMR_CCS,CO2,0.0
614,2027,reg1,SMR_CCS,CO2,0.0
615,2028,reg1,SMR_CCS,CO2,0.0
616,2029,reg1,SMR_CCS,CO2,0.0
617,2030,reg1,SMR_CCS,CO2,0.0
618,2031,reg1,SMR_CCS,CO2,0.0
619,2032,reg1,SMR_CCS,CO2,0.0
620,2033,reg1,SMR_CCS,CO2,0.0
621,2034,reg1,SMR_CCS,CO2,0.0
622,2035,reg1,SMR_CCS,CO2,0.0
623,2036,reg1,SMR_CCS,CO2,0.0
624,2037,reg1,SMR_CCS,CO2,0.0
625,2038,reg1,SMR_CCS,CO2,0.0
626,2039,reg1,SMR_CCS,CO2,0.0
627,2040,reg1,SMR_CCS,CO2,0.0
628,2041,reg1,SMR_CCS,CO2,0.0
629,2042,reg1,SMR_CCS,CO2,0.0
630,2043,reg1,SMR_CCS,CO2,0.0
631,2044,reg1,SMR_CCS,CO2,0.0
632,2045,reg1,SMR_CCS,CO2,0.0
633,2046,reg1,SMR_CCS,CO2,0.0
634,2047,reg1,SMR_CCS,CO2,0.0
635,2048,reg1,SMR_CCS,CO2,0.0
636,2049,reg1,SMR_CCS,CO2,0.0
637,2050,reg1,SMR_CCS,CO2,0.0
638,2051,reg1,SMR_CCS,CO2,0.0
639,2052,reg1,SMR_CCS,CO2,0.0
640,2053,reg1,SMR_CCS,CO2,0.0
641,2054,reg1,SMR_CCS,CO2,0.0
642,2055,reg1,SMR_CCS,CO2,0.0
643,2056,reg1,SMR_CCS,CO2,0.0
644,2057,reg1,SMR_CCS,CO2,0.0
645,2058,reg1,SMR_CCS,CO2,0.0
646,2059,reg1,SMR_CCS,CO2,0.0
647,2060,reg1,SMR_CCS,CO2,0.0
648,2025,reg1,Electrolysis_PEM,CO2,0.0
649,2026,reg1,Electrolysis_PEM,CO2,0.0
650,2027,reg1,Electrolysis_PEM,CO2,0.0
651,2028,reg1,Electrolysis_PEM,CO2,0.0
652,2029,reg1,Electrolysis_PEM,CO2,0.0
653,2030,reg1,Electrolysis_PEM,CO2,0.0
654,2031,reg1,Electrolysis_PEM,CO2,0.0
655,2032,reg1,Electrolysis_PEM,CO2,0.0
656,2033,reg1,Electrolysis_PEM,CO2,0.0
657,2034,reg1,Electrolysis_PEM,CO2,0.0
658,2035,reg1,Electrolysis_PEM,CO2,0.0
659,2036,reg1,Electrolysis_PEM,CO2,0.0
660,2037,reg1,Electrolysis_PEM,CO2,0.0
661,2038,reg1,Electrolysis_PEM,CO2,0.0
662,2039,reg1,Electrolysis_PEM,CO2,0.0
663,2040,reg1,Electrolysis_PEM,CO2,0.0
664,2041,reg1,Electrolysis_PEM,CO2,0.0
665,2042,reg1,Electrolysis_PEM,CO2,0.0
666,2043,reg1,Electrolysis_PEM,CO2,0.0
667,2044,reg1,Electrolysis_PEM,CO2,0.0
668,2045,reg1,Electrolysis_PEM,CO2,0.0
669,2046,reg1,Electrolysis_PEM,CO2,0.0
670,2047,reg1,Electrolysis_PEM,CO2,0.0
671,2048,reg1,Electrolysis_PEM,CO2,0.0
672,2049,reg1,Electrolysis_PEM,CO2,0.0
673,2050,reg1,Electrolysis_PEM,CO2,0.0
674,2051,reg1,Electrolysis_PEM,CO2,0.0
675,2052,reg1,Electrolysis_PEM,CO2,0.0
676,2053,reg1,Electrolysis_PEM,CO2,0.0
677,2054,reg1,Electrolysis_PEM,CO2,0.0
678,2055,reg1,Electrolysis_PEM,CO2,0.0
679,2056,reg1,Electrolysis_PEM,CO2,0.0
680,2057,reg1,Electrolysis_PEM,CO2,0.0
681,2058,reg1,Electrolysis_PEM,CO2,0.0
682,2059,reg1,Electrolysis_PEM,CO2,0.0
683,2060,reg1,Electrolysis_PEM,CO2,0.0
684,2025,reg1,SFF_PP,CO2,3214611.432444669
685,2026,reg1,SFF_PP,CO2,2429360.86753781
686,2027,reg1,SFF_PP,CO2,1426283.9472971964
687,2028,reg1,SFF_PP,CO2,1291823.2341282135
688,2029,reg1,SFF_PP,CO2,1149294.8781690921
689,2030,reg1,SFF_PP,CO2,0.0
690,2031,reg1,SFF_PP,CO2,0.0
691,2032,reg1,SFF_PP,CO2,0.0
692,2033,reg1,SFF_PP,CO2,0.0
693,2034,reg1,SFF_PP,CO2,0.0
694,2035,reg1,SFF_PP,CO2,0.0
695,2036,reg1,SFF_PP,CO2,0.0
696,2037,reg1,SFF_PP,CO2,0.0
697,2038,reg1,SFF_PP,CO2,0.0
698,2039,reg1,SFF_PP,CO2,0.0
699,2040,reg1,SFF_PP,CO2,0.0
700,2041,reg1,SFF_PP,CO2,0.0
701,2042,reg1,SFF_PP,CO2,0.0
702,2043,reg1,SFF_PP,CO2,0.0
703,2044,reg1,SFF_PP,CO2,0.0
704,2045,reg1,SFF_PP,CO2,0.0
705,2046,reg1,SFF_PP,CO2,0.0
706,2047,reg1,SFF_PP,CO2,0.0
707,2048,reg1,SFF_PP,CO2,0.0
708,2049,reg1,SFF_PP,CO2,0.0
709,2050,reg1,SFF_PP,CO2,0.0
710,2051,reg1,SFF_PP,CO2,0.0
711,2052,reg1,SFF_PP,CO2,0.0
712,2053,reg1,SFF_PP,CO2,0.0
713,2054,reg1,SFF_PP,CO2,0.0
714,2055,reg1,SFF_PP,CO2,0.0
715,2056,reg1,SFF_PP,CO2,0.0
716,2057,reg1,SFF_PP,CO2,0.0
717,2058,reg1,SFF_PP,CO2,0.0
718,2059,reg1,SFF_PP,CO2,0.0
719,2060,reg1,SFF_PP,CO2,0.0
720,2025,reg1,Nuc_SMR_PP,CO2,0.0
721,2026,reg1,Nuc_SMR_PP,CO2,0.0
722,2027,reg1,Nuc_SMR_PP,CO2,0.0
723,2028,reg1,Nuc_SMR_PP,CO2,0.0
724,2029,reg1,Nuc_SMR_PP,CO2,0.0
725,2030,reg1,Nuc_SMR_PP,CO2,0.0
726,2031,reg1,Nuc_SMR_PP,CO2,0.0
727,2032,reg1,Nuc_SMR_PP,CO2,0.0
728,2033,reg1,Nuc_SMR_PP,CO2,0.0
729,2034,reg1,Nuc_SMR_PP,CO2,0.0
730,2035,reg1,Nuc_SMR_PP,CO2,0.0
731,2036,reg1,Nuc_SMR_PP,CO2,0.0
732,2037,reg1,Nuc_SMR_PP,CO2,0.0
733,2038,reg1,Nuc_SMR_PP,CO2,0.0
734,2039,reg1,Nuc_SMR_PP,CO2,0.0
735,2040,reg1,Nuc_SMR_PP,CO2,0.0
736,2041,reg1,Nuc_SMR_PP,CO2,0.0
737,2042,reg1,Nuc_SMR_PP,CO2,0.0
738,2043,reg1,Nuc_SMR_PP,CO2,0.0
739,2044,reg1,Nuc_SMR_PP,CO2,0.0
740,2045,reg1,Nuc_SMR_PP,CO2,0.0
741,2046,reg1,Nuc_SMR_PP,CO2,0.0
742,2047,reg1,Nuc_SMR_PP,CO2,0.0
743,2048,reg1,Nuc_SMR_PP,CO2,0.0
744,2049,reg1,Nuc_SMR_PP,CO2,0.0
745,2050,reg1,Nuc_SMR_PP,CO2,0.0
746,2051,reg1,Nuc_SMR_PP,CO2,0.0
747,2052,reg1,Nuc_SMR_PP,CO2,0.0
748,2053,reg1,Nuc_SMR_PP,CO2,0.0
749,2054,reg1,Nuc_SMR_PP,CO2,0.0
750,2055,reg1,Nuc_SMR_PP,CO2,0.0
751,2056,reg1,Nuc_SMR_PP,CO2,0.0
752,2057,reg1,Nuc_SMR_PP,CO2,0.0
753,2058,reg1,Nuc_SMR_PP,CO2,0.0
754,2059,reg1,Nuc_SMR_PP,CO2,0.0
755,2060,reg1,Nuc_SMR_PP,CO2,0.0
756,2025,reg1,Nuc_G3+_PP,CO2,0.0
757,2026,reg1,Nuc_G3+_PP,CO2,0.0
758,2027,reg1,Nuc_G3+_PP,CO2,0.0
759,2028,reg1,Nuc_G3+_PP,CO2,0.0
760,2029,reg1,Nuc_G3+_PP,CO2,0.0
761,2030,reg1,Nuc_G3+_PP,CO2,0.0
762,2031,reg1,Nuc_G3+_PP,CO2,0.0
763,2032,reg1,Nuc_G3+_PP,CO2,0.0
764,2033,reg1,Nuc_G3+_PP,CO2,0.0
765,2034,reg1,Nuc_G3+_PP,CO2,0.0
766,2035,reg1,Nuc_G3+_PP,CO2,0.0
767,2036,reg1,Nuc_G3+_PP,CO2,0.0
768,2037,reg1,Nuc_G3+_PP,CO2,0.0
769,2038,reg1,Nuc_G3+_PP,CO2,0.0
770,2039,reg1,Nuc_G3+_PP,CO2,0.0
771,2040,reg1,Nuc_G3+_PP,CO2,0.0
772,2041,reg1,Nuc_G3+_PP,CO2,0.0
773,2042,reg1,Nuc_G3+_PP,CO2,0.0
774,2043,reg1,Nuc_G3+_PP,CO2,0.0
775,2044,reg1,Nuc_G3+_PP,CO2,0.0
776,2045,reg1,Nuc_G3+_PP,CO2,0.0
777,2046,reg1,Nuc_G3+_PP,CO2,0.0
778,2047,reg1,Nuc_G3+_PP,CO2,0.0
779,2048,reg1,Nuc_G3+_PP,CO2,0.0
780,2049,reg1,Nuc_G3+_PP,CO2,0.0
781,2050,reg1,Nuc_G3+_PP,CO2,0.0
782,2051,reg1,Nuc_G3+_PP,CO2,0.0
783,2052,reg1,Nuc_G3+_PP,CO2,0.0
784,2053,reg1,Nuc_G3+_PP,CO2,0.0
785,2054,reg1,Nuc_G3+_PP,CO2,0.0
786,2055,reg1,Nuc_G3+_PP,CO2,0.0
787,2056,reg1,Nuc_G3+_PP,CO2,0.0
788,2057,reg1,Nuc_G3+_PP,CO2,0.0
789,2058,reg1,Nuc_G3+_PP,CO2,0.0
790,2059,reg1,Nuc_G3+_PP,CO2,0.0
791,2060,reg1,Nuc_G3+_PP,CO2,0.0
792,2025,reg1,Nuc_SMR_CHP,CO2,0.0
793,2026,reg1,Nuc_SMR_CHP,CO2,0.0
794,2027,reg1,Nuc_SMR_CHP,CO2,0.0
795,2028,reg1,Nuc_SMR_CHP,CO2,0.0
796,2029,reg1,Nuc_SMR_CHP,CO2,0.0
797,2030,reg1,Nuc_SMR_CHP,CO2,0.0
798,2031,reg1,Nuc_SMR_CHP,CO2,0.0
799,2032,reg1,Nuc_SMR_CHP,CO2,0.0
800,2033,reg1,Nuc_SMR_CHP,CO2,0.0
801,2034,reg1,Nuc_SMR_CHP,CO2,0.0
802,2035,reg1,Nuc_SMR_CHP,CO2,0.0
803,2036,reg1,Nuc_SMR_CHP,CO2,0.0
804,2037,reg1,Nuc_SMR_CHP,CO2,0.0
805,2038,reg1,Nuc_SMR_CHP,CO2,0.0
806,2039,reg1,Nuc_SMR_CHP,CO2,0.0
807,2040,reg1,Nuc_SMR_CHP,CO2,0.0
808,2041,reg1,Nuc_SMR_CHP,CO2,0.0
809,2042,reg1,Nuc_SMR_CHP,CO2,0.0
810,2043,reg1,Nuc_SMR_CHP,CO2,0.0
811,2044,reg1,Nuc_SMR_CHP,CO2,0.0
812,2045,reg1,Nuc_SMR_CHP,CO2,0.0
813,2046,reg1,Nuc_SMR_CHP,CO2,0.0
814,2047,reg1,Nuc_SMR_CHP,CO2,0.0
815,2048,reg1,Nuc_SMR_CHP,CO2,0.0
816,2049,reg1,Nuc_SMR_CHP,CO2,0.0
817,2050,reg1,Nuc_SMR_CHP,CO2,0.0
818,2051,reg1,Nuc_SMR_CHP,CO2,0.0
819,2052,reg1,Nuc_SMR_CHP,CO2,0.0
820,2053,reg1,Nuc_SMR_CHP,CO2,0.0
821,2054,reg1,Nuc_SMR_CHP,CO2,0.0
822,2055,reg1,Nuc_SMR_CHP,CO2,0.0
823,2056,reg1,Nuc_SMR_CHP,CO2,0.0
824,2057,reg1,Nuc_SMR_CHP,CO2,0.0
825,2058,reg1,Nuc_SMR_CHP,CO2,0.0
826,2059,reg1,Nuc_SMR_CHP,CO2,0.0
827,2060,reg1,Nuc_SMR_CHP,CO2,0.0
828,2025,reg1,Nuc_SMR_Power-CHP,CO2,0.0
829,2026,reg1,Nuc_SMR_Power-CHP,CO2,0.0
830,2027,reg1,Nuc_SMR_Power-CHP,CO2,0.0
831,2028,reg1,Nuc_SMR_Power-CHP,CO2,0.0
832,2029,reg1,Nuc_SMR_Power-CHP,CO2,0.0
833,2030,reg1,Nuc_SMR_Power-CHP,CO2,0.0
834,2031,reg1,Nuc_SMR_Power-CHP,CO2,0.0
835,2032,reg1,Nuc_SMR_Power-CHP,CO2,0.0
836,2033,reg1,Nuc_SMR_Power-CHP,CO2,0.0
837,2034,reg1,Nuc_SMR_Power-CHP,CO2,0.0
838,2035,reg1,Nuc_SMR_Power-CHP,CO2,0.0
839,2036,reg1,Nuc_SMR_Power-CHP,CO2,0.0
840,2037,reg1,Nuc_SMR_Power-CHP,CO2,0.0
841,2038,reg1,Nuc_SMR_Power-CHP,CO2,0.0
842,2039,reg1,Nuc_SMR_Power-CHP,CO2,0.0
843,2040,reg1,Nuc_SMR_Power-CHP,CO2,0.0
844,2041,reg1,Nuc_SMR_Power-CHP,CO2,0.0
845,2042,reg1,Nuc_SMR_Power-CHP,CO2,0.0
846,2043,reg1,Nuc_SMR_Power-CHP,CO2,0.0
847,2044,reg1,Nuc_SMR_Power-CHP,CO2,0.0
848,2045,reg1,Nuc_SMR_Power-CHP,CO2,0.0
849,2046,reg1,Nuc_SMR_Power-CHP,CO2,0.0
850,2047,reg1,Nuc_SMR_Power-CHP,CO2,0.0
851,2048,reg1,Nuc_SMR_Power-CHP,CO2,0.0
852,2049,reg1,Nuc_SMR_Power-CHP,CO2,0.0
853,2050,reg1,Nuc_SMR_Power-CHP,CO2,0.0
854,2051,reg1,Nuc_SMR_Power-CHP,CO2,0.0
855,2052,reg1,Nuc_SMR_Power-CHP,CO2,0.0
856,2053,reg1,Nuc_SMR_Power-CHP,CO2,0.0
857,2054,reg1,Nuc_SMR_Power-CHP,CO2,0.0
858,2055,reg1,Nuc_SMR_Power-CHP,CO2,0.0
859,2056,reg1,Nuc_SMR_Power-CHP,CO2,0.0
860,2057,reg1,Nuc_SMR_Power-CHP,CO2,0.0
861,2058,reg1,Nuc_SMR_Power-CHP,CO2,0.0
862,2059,reg1,Nuc_SMR_Power-CHP,CO2,0.0
863,2060,reg1,Nuc_SMR_Power-CHP,CO2,0.0
864,2025,reg1,Nuc_SMR_Heat-CHP,CO2,0.0
865,2026,reg1,Nuc_SMR_Heat-CHP,CO2,0.0
866,2027,reg1,Nuc_SMR_Heat-CHP,CO2,0.0
867,2028,reg1,Nuc_SMR_Heat-CHP,CO2,0.0
868,2029,reg1,Nuc_SMR_Heat-CHP,CO2,0.0
869,2030,reg1,Nuc_SMR_Heat-CHP,CO2,0.0
870,2031,reg1,Nuc_SMR_Heat-CHP,CO2,0.0
871,2032,reg1,Nuc_SMR_Heat-CHP,CO2,0.0
872,2033,reg1,Nuc_SMR_Heat-CHP,CO2,0.0
873,2034,reg1,Nuc_SMR_Heat-CHP,CO2,0.0
874,2035,reg1,Nuc_SMR_Heat-CHP,CO2,0.0
875,2036,reg1,Nuc_SMR_Heat-CHP,CO2,0.0
876,2037,reg1,Nuc_SMR_Heat-CHP,CO2,0.0
877,2038,reg1,Nuc_SMR_Heat-CHP,CO2,0.0
878,2039,reg1,Nuc_SMR_Heat-CHP,CO2,0.0
879,2040,reg1,Nuc_SMR_Heat-CHP,CO2,0.0
880,2041,reg1,Nuc_SMR_Heat-CHP,CO2,0.0
881,2042,reg1,Nuc_SMR_Heat-CHP,CO2,0.0
882,2043,reg1,Nuc_SMR_Heat-CHP,CO2,0.0
883,2044,reg1,Nuc_SMR_Heat-CHP,CO2,0.0
884,2045,reg1,Nuc_SMR_Heat-CHP,CO2,0.0
885,2046,reg1,Nuc_SMR_Heat-CHP,CO2,0.0
886,2047,reg1,Nuc_SMR_Heat-CHP,CO2,0.0
887,2048,reg1,Nuc_SMR_Heat-CHP,CO2,0.0
888,2049,reg1,Nuc_SMR_Heat-CHP,CO2,0.0
889,2050,reg1,Nuc_SMR_Heat-CHP,CO2,0.0
890,2051,reg1,Nuc_SMR_Heat-CHP,CO2,0.0
891,2052,reg1,Nuc_SMR_Heat-CHP,CO2,0.0
892,2053,reg1,Nuc_SMR_Heat-CHP,CO2,0.0
893,2054,reg1,Nuc_SMR_Heat-CHP,CO2,0.0
894,2055,reg1,Nuc_SMR_Heat-CHP,CO2,0.0
895,2056,reg1,Nuc_SMR_Heat-CHP,CO2,0.0
896,2057,reg1,Nuc_SMR_Heat-CHP,CO2,0.0
897,2058,reg1,Nuc_SMR_Heat-CHP,CO2,0.0
898,2059,reg1,Nuc_SMR_Heat-CHP,CO2,0.0
899,2060,reg1,Nuc_SMR_Heat-CHP,CO2,0.0
900,2025,reg1,Nuc_SMR-H2_CHP,CO2,0.0
901,2026,reg1,Nuc_SMR-H2_CHP,CO2,0.0
902,2027,reg1,Nuc_SMR-H2_CHP,CO2,0.0
903,2028,reg1,Nuc_SMR-H2_CHP,CO2,0.0
904,2029,reg1,Nuc_SMR-H2_CHP,CO2,0.0
905,2030,reg1,Nuc_SMR-H2_CHP,CO2,0.0
906,2031,reg1,Nuc_SMR-H2_CHP,CO2,0.0
907,2032,reg1,Nuc_SMR-H2_CHP,CO2,0.0
908,2033,reg1,Nuc_SMR-H2_CHP,CO2,0.0
909,2034,reg1,Nuc_SMR-H2_CHP,CO2,0.0
910,2035,reg1,Nuc_SMR-H2_CHP,CO2,0.0
911,2036,reg1,Nuc_SMR-H2_CHP,CO2,0.0
912,2037,reg1,Nuc_SMR-H2_CHP,CO2,0.0
913,2038,reg1,Nuc_SMR-H2_CHP,CO2,0.0
914,2039,reg1,Nuc_SMR-H2_CHP,CO2,0.0
915,2040,reg1,Nuc_SMR-H2_CHP,CO2,0.0
916,2041,reg1,Nuc_SMR-H2_CHP,CO2,0.0
917,2042,reg1,Nuc_SMR-H2_CHP,CO2,0.0
918,2043,reg1,Nuc_SMR-H2_CHP,CO2,0.0
919,2044,reg1,Nuc_SMR-H2_CHP,CO2,0.0
920,2045,reg1,Nuc_SMR-H2_CHP,CO2,0.0
921,2046,reg1,Nuc_SMR-H2_CHP,CO2,0.0
922,2047,reg1,Nuc_SMR-H2_CHP,CO2,0.0
923,2048,reg1,Nuc_SMR-H2_CHP,CO2,0.0
924,2049,reg1,Nuc_SMR-H2_CHP,CO2,0.0
925,2050,reg1,Nuc_SMR-H2_CHP,CO2,0.0
926,2051,reg1,Nuc_SMR-H2_CHP,CO2,0.0
927,2052,reg1,Nuc_SMR-H2_CHP,CO2,0.0
928,2053,reg1,Nuc_SMR-H2_CHP,CO2,0.0
929,2054,reg1,Nuc_SMR-H2_CHP,CO2,0.0
930,2055,reg1,Nuc_SMR-H2_CHP,CO2,0.0
931,2056,reg1,Nuc_SMR-H2_CHP,CO2,0.0
932,2057,reg1,Nuc_SMR-H2_CHP,CO2,0.0
933,2058,reg1,Nuc_SMR-H2_CHP,CO2,0.0
934,2059,reg1,Nuc_SMR-H2_CHP,CO2,0.0
935,2060,reg1,Nuc_SMR-H2_CHP,CO2,0.0
936,2025,reg1,Nuc_SMR-H2_Power-CHP,CO2,0.0
937,2026,reg1,Nuc_SMR-H2_Power-CHP,CO2,0.0
938,2027,reg1,Nuc_SMR-H2_Power-CHP,CO2,0.0
939,2028,reg1,Nuc_SMR-H2_Power-CHP,CO2,0.0
940,2029,reg1,Nuc_SMR-H2_Power-CHP,CO2,0.0
941,2030,reg1,Nuc_SMR-H2_Power-CHP,CO2,0.0
942,2031,reg1,Nuc_SMR-H2_Power-CHP,CO2,0.0
943,2032,reg1,Nuc_SMR-H2_Power-CHP,CO2,0.0
944,2033,reg1,Nuc_SMR-H2_Power-CHP,CO2,0.0
945,2034,reg1,Nuc_SMR-H2_Power-CHP,CO2,0.0
946,2035,reg1,Nuc_SMR-H2_Power-CHP,CO2,0.0
947,2036,reg1,Nuc_SMR-H2_Power-CHP,CO2,0.0
948,2037,reg1,Nuc_SMR-H2_Power-CHP,CO2,0.0
949,2038,reg1,Nuc_SMR-H2_Power-CHP,CO2,0.0
950,2039,reg1,Nuc_SMR-H2_Power-CHP,CO2,0.0
951,2040,reg1,Nuc_SMR-H2_Power-CHP,CO2,0.0
952,2041,reg1,Nuc_SMR-H2_Power-CHP,CO2,0.0
953,2042,reg1,Nuc_SMR-H2_Power-CHP,CO2,0.0
954,2043,reg1,Nuc_SMR-H2_Power-CHP,CO2,0.0
955,2044,reg1,Nuc_SMR-H2_Power-CHP,CO2,0.0
956,2045,reg1,Nuc_SMR-H2_Power-CHP,CO2,0.0
957,2046,reg1,Nuc_SMR-H2_Power-CHP,CO2,0.0
958,2047,reg1,Nuc_SMR-H2_Power-CHP,CO2,0.0
959,2048,reg1,Nuc_SMR-H2_Power-CHP,CO2,0.0
960,2049,reg1,Nuc_SMR-H2_Power-CHP,CO2,0.0
961,2050,reg1,Nuc_SMR-H2_Power-CHP,CO2,0.0
962,2051,reg1,Nuc_SMR-H2_Power-CHP,CO2,0.0
963,2052,reg1,Nuc_SMR-H2_Power-CHP,CO2,0.0
964,2053,reg1,Nuc_SMR-H2_Power-CHP,CO2,0.0
965,2054,reg1,Nuc_SMR-H2_Power-CHP,CO2,0.0
966,2055,reg1,Nuc_SMR-H2_Power-CHP,CO2,0.0
967,2056,reg1,Nuc_SMR-H2_Power-CHP,CO2,0.0
968,2057,reg1,Nuc_SMR-H2_Power-CHP,CO2,0.0
969,2058,reg1,Nuc_SMR-H2_Power-CHP,CO2,0.0
970,2059,reg1,Nuc_SMR-H2_Power-CHP,CO2,0.0
971,2060,reg1,Nuc_SMR-H2_Power-CHP,CO2,0.0
972,2025,reg1,Nuc_SMR-H2_Heat-CHP,CO2,0.0
973,2026,reg1,Nuc_SMR-H2_Heat-CHP,CO2,0.0
974,2027,reg1,Nuc_SMR-H2_Heat-CHP,CO2,0.0
975,2028,reg1,Nuc_SMR-H2_Heat-CHP,CO2,0.0
976,2029,reg1,Nuc_SMR-H2_Heat-CHP,CO2,0.0
977,2030,reg1,Nuc_SMR-H2_Heat-CHP,CO2,0.0
978,2031,reg1,Nuc_SMR-H2_Heat-CHP,CO2,0.0
979,2032,reg1,Nuc_SMR-H2_Heat-CHP,CO2,0.0
980,2033,reg1,Nuc_SMR-H2_Heat-CHP,CO2,0.0
981,2034,reg1,Nuc_SMR-H2_Heat-CHP,CO2,0.0
982,2035,reg1,Nuc_SMR-H2_Heat-CHP,CO2,0.0
983,2036,reg1,Nuc_SMR-H2_Heat-CHP,CO2,0.0
984,2037,reg1,Nuc_SMR-H2_Heat-CHP,CO2,0.0
985,2038,reg1,Nuc_SMR-H2_Heat-CHP,CO2,0.0
986,2039,reg1,Nuc_SMR-H2_Heat-CHP,CO2,0.0
987,2040,reg1,Nuc_SMR-H2_Heat-CHP,CO2,0.0
988,2041,reg1,Nuc_SMR-H2_Heat-CHP,CO2,0.0
989,2042,reg1,Nuc_SMR-H2_Heat-CHP,CO2,0.0
990,2043,reg1,Nuc_SMR-H2_Heat-CHP,CO2,0.0
991,2044,reg1,Nuc_SMR-H2_Heat-CHP,CO2,0.0
992,2045,reg1,Nuc_SMR-H2_Heat-CHP,CO2,0.0
993,2046,reg1,Nuc_SMR-H2_Heat-CHP,CO2,0.0
994,2047,reg1,Nuc_SMR-H2_Heat-CHP,CO2,0.0
995,2048,reg1,Nuc_SMR-H2_Heat-CHP,CO2,0.0
996,2049,reg1,Nuc_SMR-H2_Heat-CHP,CO2,0.0
997,2050,reg1,Nuc_SMR-H2_Heat-CHP,CO2,0.0
998,2051,reg1,Nuc_SMR-H2_Heat-CHP,CO2,0.0
999,2052,reg1,Nuc_SMR-H2_Heat-CHP,CO2,0.0
1000,2053,reg1,Nuc_SMR-H2_Heat-CHP,CO2,0.0
1001,2054,reg1,Nuc_SMR-H2_Heat-CHP,CO2,0.0
1002,2055,reg1,Nuc_SMR-H2_Heat-CHP,CO2,0.0
1003,2056,reg1,Nuc_SMR-H2_Heat-CHP,CO2,0.0
1004,2057,reg1,Nuc_SMR-H2_Heat-CHP,CO2,0.0
1005,2058,reg1,Nuc_SMR-H2_Heat-CHP,CO2,0.0
1006,2059,reg1,Nuc_SMR-H2_Heat-CHP,CO2,0.0
1007,2060,reg1,Nuc_SMR-H2_Heat-CHP,CO2,0.0
1008,2025,reg1,NGCC-CCS_CHP,CO2,0.0
1009,2026,reg1,NGCC-CCS_CHP,CO2,0.0
1010,2027,reg1,NGCC-CCS_CHP,CO2,0.0
1011,2028,reg1,NGCC-CCS_CHP,CO2,0.0
1012,2029,reg1,NGCC-CCS_CHP,CO2,0.0
1013,2030,reg1,NGCC-CCS_CHP,CO2,0.0
1014,2031,reg1,NGCC-CCS_CHP,CO2,0.0
1015,2032,reg1,NGCC-CCS_CHP,CO2,0.0
1016,2033,reg1,NGCC-CCS_CHP,CO2,0.0
1017,2034,reg1,NGCC-CCS_CHP,CO2,0.0
1018,2035,reg1,NGCC-CCS_CHP,CO2,0.0
1019,2036,reg1,NGCC-CCS_CHP,CO2,0.0
1020,2037,reg1,NGCC-CCS_CHP,CO2,0.0
1021,2038,reg1,NGCC-CCS_CHP,CO2,0.0
1022,2039,reg1,NGCC-CCS_CHP,CO2,0.0
1023,2040,reg1,NGCC-CCS_CHP,CO2,0.0
1024,2041,reg1,NGCC-CCS_CHP,CO2,0.0
1025,2042,reg1,NGCC-CCS_CHP,CO2,0.0
1026,2043,reg1,NGCC-CCS_CHP,CO2,0.0
1027,2044,reg1,NGCC-CCS_CHP,CO2,0.0
1028,2045,reg1,NGCC-CCS_CHP,CO2,0.0
1029,2046,reg1,NGCC-CCS_CHP,CO2,0.0
1030,2047,reg1,NGCC-CCS_CHP,CO2,0.0
1031,2048,reg1,NGCC-CCS_CHP,CO2,0.0
1032,2049,reg1,NGCC-CCS_CHP,CO2,0.0
1033,2050,reg1,NGCC-CCS_CHP,CO2,0.0
1034,2051,reg1,NGCC-CCS_CHP,CO2,0.0
1035,2052,reg1,NGCC-CCS_CHP,CO2,0.0
1036,2053,reg1,NGCC-CCS_CHP,CO2,0.0
1037,2054,reg1,NGCC-CCS_CHP,CO2,0.0
1038,2055,reg1,NGCC-CCS_CHP,CO2,0.0
1039,2056,reg1,NGCC-CCS_CHP,CO2,0.0
1040,2057,reg1,NGCC-CCS_CHP,CO2,0.0
1041,2058,reg1,NGCC-CCS_CHP,CO2,0.0
1042,2059,reg1,NGCC-CCS_CHP,CO2,0.0
1043,2060,reg1,NGCC-CCS_CHP,CO2,0.0
1044,2025,reg1,NGCC-CCS_Power-CHP,CO2,0.0
1045,2026,reg1,NGCC-CCS_Power-CHP,CO2,0.0
1046,2027,reg1,NGCC-CCS_Power-CHP,CO2,0.0
1047,2028,reg1,NGCC-CCS_Power-CHP,CO2,0.0
1048,2029,reg1,NGCC-CCS_Power-CHP,CO2,0.0
1049,2030,reg1,NGCC-CCS_Power-CHP,CO2,0.0
1050,2031,reg1,NGCC-CCS_Power-CHP,CO2,0.0
1051,2032,reg1,NGCC-CCS_Power-CHP,CO2,0.0
1052,2033,reg1,NGCC-CCS_Power-CHP,CO2,0.0
1053,2034,reg1,NGCC-CCS_Power-CHP,CO2,0.0
1054,2035,reg1,NGCC-CCS_Power-CHP,CO2,0.0
1055,2036,reg1,NGCC-CCS_Power-CHP,CO2,0.0
1056,2037,reg1,NGCC-CCS_Power-CHP,CO2,0.0
1057,2038,reg1,NGCC-CCS_Power-CHP,CO2,0.0
1058,2039,reg1,NGCC-CCS_Power-CHP,CO2,0.0
1059,2040,reg1,NGCC-CCS_Power-CHP,CO2,0.0
1060,2041,reg1,NGCC-CCS_Power-CHP,CO2,0.0
1061,2042,reg1,NGCC-CCS_Power-CHP,CO2,0.0
1062,2043,reg1,NGCC-CCS_Power-CHP,CO2,0.0
1063,2044,reg1,NGCC-CCS_Power-CHP,CO2,0.0
1064,2045,reg1,NGCC-CCS_Power-CHP,CO2,0.0
1065,2046,reg1,NGCC-CCS_Power-CHP,CO2,0.0
1066,2047,reg1,NGCC-CCS_Power-CHP,CO2,0.0
1067,2048,reg1,NGCC-CCS_Power-CHP,CO2,0.0
1068,2049,reg1,NGCC-CCS_Power-CHP,CO2,0.0
1069,2050,reg1,NGCC-CCS_Power-CHP,CO2,0.0
1070,2051,reg1,NGCC-CCS_Power-CHP,CO2,0.0
1071,2052,reg1,NGCC-CCS_Power-CHP,CO2,0.0
1072,2053,reg1,NGCC-CCS_Power-CHP,CO2,0.0
1073,2054,reg1,NGCC-CCS_Power-CHP,CO2,0.0
1074,2055,reg1,NGCC-CCS_Power-CHP,CO2,0.0
1075,2056,reg1,NGCC-CCS_Power-CHP,CO2,0.0
1076,2057,reg1,NGCC-CCS_Power-CHP,CO2,0.0
1077,2058,reg1,NGCC-CCS_Power-CHP,CO2,0.0
1078,2059,reg1,NGCC-CCS_Power-CHP,CO2,0.0
1079,2060,reg1,NGCC-CCS_Power-CHP,CO2,0.0
1080,2025,reg1,NGCC-CCS_Heat-CHP,CO2,0.0
1081,2026,reg1,NGCC-CCS_Heat-CHP,CO2,0.0
1082,2027,reg1,NGCC-CCS_Heat-CHP,CO2,0.0
1083,2028,reg1,NGCC-CCS_Heat-CHP,CO2,0.0
1084,2029,reg1,NGCC-CCS_Heat-CHP,CO2,0.0
1085,2030,reg1,NGCC-CCS_Heat-CHP,CO2,0.0
1086,2031,reg1,NGCC-CCS_Heat-CHP,CO2,0.0
1087,2032,reg1,NGCC-CCS_Heat-CHP,CO2,0.0
1088,2033,reg1,NGCC-CCS_Heat-CHP,CO2,0.0
1089,2034,reg1,NGCC-CCS_Heat-CHP,CO2,0.0
1090,2035,reg1,NGCC-CCS_Heat-CHP,CO2,0.0
1091,2036,reg1,NGCC-CCS_Heat-CHP,CO2,0.0
1092,2037,reg1,NGCC-CCS_Heat-CHP,CO2,0.0
1093,2038,reg1,NGCC-CCS_Heat-CHP,CO2,0.0
1094,2039,reg1,NGCC-CCS_Heat-CHP,CO2,0.0
1095,2040,reg1,NGCC-CCS_Heat-CHP,CO2,0.0
1096,2041,reg1,NGCC-CCS_Heat-CHP,CO2,0.0
1097,2042,reg1,NGCC-CCS_Heat-CHP,CO2,0.0
1098,2043,reg1,NGCC-CCS_Heat-CHP,CO2,0.0
1099,2044,reg1,NGCC-CCS_Heat-CHP,CO2,0.0
1100,2045,reg1,NGCC-CCS_Heat-CHP,CO2,0.0
1101,2046,reg1,NGCC-CCS_Heat-CHP,CO2,0.0
1102,2047,reg1,NGCC-CCS_Heat-CHP,CO2,0.0
1103,2048,reg1,NGCC-CCS_Heat-CHP,CO2,0.0
1104,2049,reg1,NGCC-CCS_Heat-CHP,CO2,0.0
1105,2050,reg1,NGCC-CCS_Heat-CHP,CO2,0.0
1106,2051,reg1,NGCC-CCS_Heat-CHP,CO2,0.0
1107,2052,reg1,NGCC-CCS_Heat-CHP,CO2,0.0
1108,2053,reg1,NGCC-CCS_Heat-CHP,CO2,0.0
1109,2054,reg1,NGCC-CCS_Heat-CHP,CO2,0.0
1110,2055,reg1,NGCC-CCS_Heat-CHP,CO2,0.0
1111,2056,reg1,NGCC-CCS_Heat-CHP,CO2,0.0
1112,2057,reg1,NGCC-CCS_Heat-CHP,CO2,0.0
1113,2058,reg1,NGCC-CCS_Heat-CHP,CO2,0.0
1114,2059,reg1,NGCC-CCS_Heat-CHP,CO2,0.0
1115,2060,reg1,NGCC-CCS_Heat-CHP,CO2,0.0
1116,2025,reg1,NG_PP,CO2,16922286.9765215
1117,2026,reg1,NG_PP,CO2,16300947.177125616
1118,2027,reg1,NG_PP,CO2,12250206.961115837
1119,2028,reg1,NG_PP,CO2,9698803.992545405
1120,2029,reg1,NG_PP,CO2,8108058.610096805
1121,2030,reg1,NG_PP,CO2,6984122.280980932
1122,2031,reg1,NG_PP,CO2,5860927.198507997
1123,2032,reg1,NG_PP,CO2,5563854.413315912
1124,2033,reg1,NG_PP,CO2,5296935.874543231
1125,2034,reg1,NG_PP,CO2,5254721.628901262
1126,2035,reg1,NG_PP,CO2,5283898.563595808
1127,2036,reg1,NG_PP,CO2,5890200.49627604
1128,2037,reg1,NG_PP,CO2,6489682.56968522
1129,2038,reg1,NG_PP,CO2,7264490.435266284
1130,2039,reg1,NG_PP,CO2,7729135.634942138
1131,2040,reg1,NG_PP,CO2,7892920.326801961
1132,2041,reg1,NG_PP,CO2,11055418.348860804
1133,2042,reg1,NG_PP,CO2,12624769.739835069
1134,2043,reg1,NG_PP,CO2,11363050.698901132
1135,2044,reg1,NG_PP,CO2,12025305.98207109
1136,2045,reg1,NG_PP,CO2,11908222.811081495
1137,2046,reg1,NG_PP,CO2,11135649.499661256
1138,2047,reg1,NG_PP,CO2,11355270.478751633
1139,2048,reg1,NG_PP,CO2,11474761.889348201
1140,2049,reg1,NG_PP,CO2,9710242.108247682
1141,2050,reg1,NG_PP,CO2,7632320.398141847
1142,2051,reg1,NG_PP,CO2,7647983.514203649
1143,2052,reg1,NG_PP,CO2,6605093.774473958
1144,2053,reg1,NG_PP,CO2,5028539.631838216
1145,2054,reg1,NG_PP,CO2,2619000.4840216925
1146,2055,reg1,NG_PP,CO2,1258573.0143958458
1147,2056,reg1,NG_PP,CO2,2077696.404553527
1148,2057,reg1,NG_PP,CO2,2400614.4312168052
1149,2058,reg1,NG_PP,CO2,4678590.971098716
1150,2059,reg1,NG_PP,CO2,7135549.778977723
1151,2060,reg1,NG_PP,CO2,9605655.230706919
1152,2025,reg1,NG_PP_CCS,CO2,0.0
1153,2026,reg1,NG_PP_CCS,CO2,0.0
1154,2027,reg1,NG_PP_CCS,CO2,0.0
1155,2028,reg1,NG_PP_CCS,CO2,0.0
1156,2029,reg1,NG_PP_CCS,CO2,0.0
1157,2030,reg1,NG_PP_CCS,CO2,0.0
1158,2031,reg1,NG_PP_CCS,CO2,0.0
1159,2032,reg1,NG_PP_CCS,CO2,0.0
1160,2033,reg1,NG_PP_CCS,CO2,0.0
1161,2034,reg1,NG_PP_CCS,CO2,0.0
1162,2035,reg1,NG_PP_CCS,CO2,0.0
1163,2036,reg1,NG_PP_CCS,CO2,0.0
1164,2037,reg1,NG_PP_CCS,CO2,0.0
1165,2038,reg1,NG_PP_CCS,CO2,0.0
1166,2039,reg1,NG_PP_CCS,CO2,0.0
1167,2040,reg1,NG_PP_CCS,CO2,0.0
1168,2041,reg1,NG_PP_CCS,CO2,0.0
1169,2042,reg1,NG_PP_CCS,CO2,0.0
1170,2043,reg1,NG_PP_CCS,CO2,0.0
1171,2044,reg1,NG_PP_CCS,CO2,0.0
1172,2045,reg1,NG_PP_CCS,CO2,0.0
1173,2046,reg1,NG_PP_CCS,CO2,0.0
1174,2047,reg1,NG_PP_CCS,CO2,0.0
1175,2048,reg1,NG_PP_CCS,CO2,0.0
1176,2049,reg1,NG_PP_CCS,CO2,0.0
1177,2050,reg1,NG_PP_CCS,CO2,0.0
1178,2051,reg1,NG_PP_CCS,CO2,0.0
1179,2052,reg1,NG_PP_CCS,CO2,0.0
1180,2053,reg1,NG_PP_CCS,CO2,0.0
1181,2054,reg1,NG_PP_CCS,CO2,0.0
1182,2055,reg1,NG_PP_CCS,CO2,0.0
1183,2056,reg1,NG_PP_CCS,CO2,0.0
1184,2057,reg1,NG_PP_CCS,CO2,0.0
1185,2058,reg1,NG_PP_CCS,CO2,0.0
1186,2059,reg1,NG_PP_CCS,CO2,0.0
1187,2060,reg1,NG_PP_CCS,CO2,0.0
1188,2025,reg1,Electrolysis_HTSE,CO2,0.0
1189,2026,reg1,Electrolysis_HTSE,CO2,0.0
1190,2027,reg1,Electrolysis_HTSE,CO2,0.0
1191,2028,reg1,Electrolysis_HTSE,CO2,0.0
1192,2029,reg1,Electrolysis_HTSE,CO2,0.0
1193,2030,reg1,Electrolysis_HTSE,CO2,0.0
1194,2031,reg1,Electrolysis_HTSE,CO2,0.0
1195,2032,reg1,Electrolysis_HTSE,CO2,0.0
1196,2033,reg1,Electrolysis_HTSE,CO2,0.0
1197,2034,reg1,Electrolysis_HTSE,CO2,0.0
1198,2035,reg1,Electrolysis_HTSE,CO2,0.0
1199,2036,reg1,Electrolysis_HTSE,CO2,0.0
1200,2037,reg1,Electrolysis_HTSE,CO2,0.0
1201,2038,reg1,Electrolysis_HTSE,CO2,0.0
1202,2039,reg1,Electrolysis_HTSE,CO2,0.0
1203,2040,reg1,Electrolysis_HTSE,CO2,0.0
1204,2041,reg1,Electrolysis_HTSE,CO2,0.0
1205,2042,reg1,Electrolysis_HTSE,CO2,0.0
1206,2043,reg1,Electrolysis_HTSE,CO2,0.0
1207,2044,reg1,Electrolysis_HTSE,CO2,0.0
1208,2045,reg1,Electrolysis_HTSE,CO2,0.0
1209,2046,reg1,Electrolysis_HTSE,CO2,0.0
1210,2047,reg1,Electrolysis_HTSE,CO2,0.0
1211,2048,reg1,Electrolysis_HTSE,CO2,0.0
1212,2049,reg1,Electrolysis_HTSE,CO2,0.0
1213,2050,reg1,Electrolysis_HTSE,CO2,0.0
1214,2051,reg1,Electrolysis_HTSE,CO2,0.0
1215,2052,reg1,Electrolysis_HTSE,CO2,0.0
1216,2053,reg1,Electrolysis_HTSE,CO2,0.0
1217,2054,reg1,Electrolysis_HTSE,CO2,0.0
1218,2055,reg1,Electrolysis_HTSE,CO2,0.0
1219,2056,reg1,Electrolysis_HTSE,CO2,0.0
1220,2057,reg1,Electrolysis_HTSE,CO2,0.0
1221,2058,reg1,Electrolysis_HTSE,CO2,0.0
1222,2059,reg1,Electrolysis_HTSE,CO2,0.0
1223,2060,reg1,Electrolysis_HTSE,CO2,0.0
1224,2025,reg1,NG_CHP_P,CO2,38065709.53073921
1225,2026,reg1,NG_CHP_P,CO2,39724486.483546324
1226,2027,reg1,NG_CHP_P,CO2,41306632.195977114
1227,2028,reg1,NG_CHP_P,CO2,42065210.67340333
1228,2029,reg1,NG_CHP_P,CO2,40507240.78020554
1229,2030,reg1,NG_CHP_P,CO2,38949270.88700774
1230,2031,reg1,NG_CHP_P,CO2,37391300.99380993
1231,2032,reg1,NG_CHP_P,CO2,34619884.89185861
1232,2033,reg1,NG_CHP_P,CO2,32033660.181113772
1233,2034,reg1,NG_CHP_P,CO2,29556499.429234166
1234,2035,reg1,NG_CHP_P,CO2,27536309.134383906
1235,2036,reg1,NG_CHP_P,CO2,26138038.608825058
1236,2037,reg1,NG_CHP_P,CO2,25184726.299948756
1237,2038,reg1,NG_CHP_P,CO2,23824578.44754347
1238,2039,reg1,NG_CHP_P,CO2,22179093.858789027
1239,2040,reg1,NG_CHP_P,CO2,20780312.047403496
1240,2041,reg1,NG_CHP_P,CO2,19312355.99224698
1241,2042,reg1,NG_CHP_P,CO2,19306441.77035932
1242,2043,reg1,NG_CHP_P,CO2,20051310.04511001
1243,2044,reg1,NG_CHP_P,CO2,18955910.887291767
1244,2045,reg1,NG_CHP_P,CO2,18499308.903596293
1245,2046,reg1,NG_CHP_P,CO2,18441223.321248762
1246,2047,reg1,NG_CHP_P,CO2,18323505.468503576
1247,2048,reg1,NG_CHP_P,CO2,17918549.95971244
1248,2049,reg1,NG_CHP_P,CO2,18100104.346811276
1249,2050,reg1,NG_CHP_P,CO2,18346619.129129004
1250,2051,reg1,NG_CHP_P,CO2,18365487.962191977
1251,2052,reg1,NG_CHP_P,CO2,19842249.84146215
1252,2053,reg1,NG_CHP_P,CO2,22589414.492406122
1253,2054,reg1,NG_CHP_P,CO2,25633117.900362577
1254,2055,reg1,NG_CHP_P,CO2,28021580.798532907
1255,2056,reg1,NG_CHP_P,CO2,28498836.2814254
1256,2057,reg1,NG_CHP_P,CO2,30203552.568458393
1257,2058,reg1,NG_CHP_P,CO2,30652016.725418728
1258,2059,reg1,NG_CHP_P,CO2,31095984.645210084
1259,2060,reg1,NG_CHP_P,CO2,31602680.707191333
1260,2025,reg1,BIO_CHP_P,CO2,0.0
1261,2026,reg1,BIO_CHP_P,CO2,0.0
1262,2027,reg1,BIO_CHP_P,CO2,0.0
1263,2028,reg1,BIO_CHP_P,CO2,0.0
1264,2029,reg1,BIO_CHP_P,CO2,0.0
1265,2030,reg1,BIO_CHP_P,CO2,0.0
1266,2031,reg1,BIO_CHP_P,CO2,0.0
1267,2032,reg1,BIO_CHP_P,CO2,0.0
1268,2033,reg1,BIO_CHP_P,CO2,0.0
1269,2034,reg1,BIO_CHP_P,CO2,0.0
1270,2035,reg1,BIO_CHP_P,CO2,0.0
1271,2036,reg1,BIO_CHP_P,CO2,0.0
1272,2037,reg1,BIO_CHP_P,CO2,0.0
1273,2038,reg1,BIO_CHP_P,CO2,0.0
1274,2039,reg1,BIO_CHP_P,CO2,0.0
1275,2040,reg1,BIO_CHP_P,CO2,0.0
1276,2041,reg1,BIO_CHP_P,CO2,0.0
1277,2042,reg1,BIO_CHP_P,CO2,0.0
1278,2043,reg1,BIO_CHP_P,CO2,0.0
1279,2044,reg1,BIO_CHP_P,CO2,0.0
1280,2045,reg1,BIO_CHP_P,CO2,0.0
1281,2046,reg1,BIO_CHP_P,CO2,0.0
1282,2047,reg1,BIO_CHP_P,CO2,0.0
1283,2048,reg1,BIO_CHP_P,CO2,0.0
1284,2049,reg1,BIO_CHP_P,CO2,0.0
1285,2050,reg1,BIO_CHP_P,CO2,0.0
1286,2051,reg1,BIO_CHP_P,CO2,0.0
1287,2052,reg1,BIO_CHP_P,CO2,0.0
1288,2053,reg1,BIO_CHP_P,CO2,0.0
1289,2054,reg1,BIO_CHP_P,CO2,0.0
1290,2055,reg1,BIO_CHP_P,CO2,0.0
1291,2056,reg1,BIO_CHP_P,CO2,0.0
1292,2057,reg1,BIO_CHP_P,CO2,0.0
1293,2058,reg1,BIO_CHP_P,CO2,0.0
1294,2059,reg1,BIO_CHP_P,CO2,0.0
1295,2060,reg1,BIO_CHP_P,CO2,0.0
1296,2025,reg1,Biogas_CHP_P,CO2,0.0
1297,2026,reg1,Biogas_CHP_P,CO2,0.0
1298,2027,reg1,Biogas_CHP_P,CO2,0.0
1299,2028,reg1,Biogas_CHP_P,CO2,0.0
1300,2029,reg1,Biogas_CHP_P,CO2,0.0
1301,2030,reg1,Biogas_CHP_P,CO2,0.0
1302,2031,reg1,Biogas_CHP_P,CO2,0.0
1303,2032,reg1,Biogas_CHP_P,CO2,0.0
1304,2033,reg1,Biogas_CHP_P,CO2,0.0
1305,2034,reg1,Biogas_CHP_P,CO2,0.0
1306,2035,reg1,Biogas_CHP_P,CO2,0.0
1307,2036,reg1,Biogas_CHP_P,CO2,0.0
1308,2037,reg1,Biogas_CHP_P,CO2,0.0
1309,2038,reg1,Biogas_CHP_P,CO2,0.0
1310,2039,reg1,Biogas_CHP_P,CO2,0.0
1311,2040,reg1,Biogas_CHP_P,CO2,0.0
1312,2041,reg1,Biogas_CHP_P,CO2,0.0
1313,2042,reg1,Biogas_CHP_P,CO2,0.0
1314,2043,reg1,Biogas_CHP_P,CO2,0.0
1315,2044,reg1,Biogas_CHP_P,CO2,0.0
1316,2045,reg1,Biogas_CHP_P,CO2,0.0
1317,2046,reg1,Biogas_CHP_P,CO2,0.0
1318,2047,reg1,Biogas_CHP_P,CO2,0.0
1319,2048,reg1,Biogas_CHP_P,CO2,0.0
1320,2049,reg1,Biogas_CHP_P,CO2,0.0
1321,2050,reg1,Biogas_CHP_P,CO2,0.0
1322,2051,reg1,Biogas_CHP_P,CO2,0.0
1323,2052,reg1,Biogas_CHP_P,CO2,0.0
1324,2053,reg1,Biogas_CHP_P,CO2,0.0
1325,2054,reg1,Biogas_CHP_P,CO2,0.0
1326,2055,reg1,Biogas_CHP_P,CO2,0.0
1327,2056,reg1,Biogas_CHP_P,CO2,0.0
1328,2057,reg1,Biogas_CHP_P,CO2,0.0
1329,2058,reg1,Biogas_CHP_P,CO2,0.0
1330,2059,reg1,Biogas_CHP_P,CO2,0.0
1331,2060,reg1,Biogas_CHP_P,CO2,0.0
1332,2025,reg1,WtE_CHP_P,CO2,0.0
1333,2026,reg1,WtE_CHP_P,CO2,0.0
1334,2027,reg1,WtE_CHP_P,CO2,0.0
1335,2028,reg1,WtE_CHP_P,CO2,0.0
1336,2029,reg1,WtE_CHP_P,CO2,0.0
1337,2030,reg1,WtE_CHP_P,CO2,255334.5002417966
1338,2031,reg1,WtE_CHP_P,CO2,510669.0004835932
1339,2032,reg1,WtE_CHP_P,CO2,766003.5007253896
1340,2033,reg1,WtE_CHP_P,CO2,1021338.000967186
1341,2034,reg1,WtE_CHP_P,CO2,1276672.5012089827
1342,2035,reg1,WtE_CHP_P,CO2,1532007.001450778
1343,2036,reg1,WtE_CHP_P,CO2,1787341.501692575
1344,2037,reg1,WtE_CHP_P,CO2,2042676.0019343693
1345,2038,reg1,WtE_CHP_P,CO2,2298010.502176167
1346,2039,reg1,WtE_CHP_P,CO2,2553345.002417964
1347,2040,reg1,WtE_CHP_P,CO2,2808679.5026597623
1348,2041,reg1,WtE_CHP_P,CO2,2808679.502659763
1349,2042,reg1,WtE_CHP_P,CO2,2808679.5026597623
1350,2043,reg1,WtE_CHP_P,CO2,2808679.5026597623
1351,2044,reg1,WtE_CHP_P,CO2,2808679.502659763
1352,2045,reg1,WtE_CHP_P,CO2,2808679.502659763
1353,2046,reg1,WtE_CHP_P,CO2,2808679.5026597637
1354,2047,reg1,WtE_CHP_P,CO2,2808679.5026597623
1355,2048,reg1,WtE_CHP_P,CO2,2808679.5026597623
1356,2049,reg1,WtE_CHP_P,CO2,2808679.502659763
1357,2050,reg1,WtE_CHP_P,CO2,2808679.502659763
1358,2051,reg1,WtE_CHP_P,CO2,2808679.502659763
1359,2052,reg1,WtE_CHP_P,CO2,2808679.502659763
1360,2053,reg1,WtE_CHP_P,CO2,2808679.5026597613
1361,2054,reg1,WtE_CHP_P,CO2,2808679.5026597623
1362,2055,reg1,WtE_CHP_P,CO2,2808679.502659763
1363,2056,reg1,WtE_CHP_P,CO2,2808679.502659763
1364,2057,reg1,WtE_CHP_P,CO2,2808679.502659763
1365,2058,reg1,WtE_CHP_P,CO2,2808679.5026597623
1366,2059,reg1,WtE_CHP_P,CO2,2808679.502659763
1367,2060,reg1,WtE_CHP_P,CO2,2553345.0024179653
1368,2025,reg1,WtE-CCS_CHP_P,CO2,0.0
1369,2026,reg1,WtE-CCS_CHP_P,CO2,0.0
1370,2027,reg1,WtE-CCS_CHP_P,CO2,0.0
1371,2028,reg1,WtE-CCS_CHP_P,CO2,0.0
1372,2029,reg1,WtE-CCS_CHP_P,CO2,0.0
1373,2030,reg1,WtE-CCS_CHP_P,CO2,25533.450024179656
1374,2031,reg1,WtE-CCS_CHP_P,CO2,25533.450024179656
1375,2032,reg1,WtE-CCS_CHP_P,CO2,25533.450024179656
1376,2033,reg1,WtE-CCS_CHP_P,CO2,25533.450024179656
1377,2034,reg1,WtE-CCS_CHP_P,CO2,25533.450024179656
1378,2035,reg1,WtE-CCS_CHP_P,CO2,25533.450024179656
1379,2036,reg1,WtE-CCS_CHP_P,CO2,25533.450024179656
1380,2037,reg1,WtE-CCS_CHP_P,CO2,25533.450024179656
1381,2038,reg1,WtE-CCS_CHP_P,CO2,25533.450024179656
1382,2039,reg1,WtE-CCS_CHP_P,CO2,25533.450024179656
1383,2040,reg1,WtE-CCS_CHP_P,CO2,18281.58137477648
1384,2041,reg1,WtE-CCS_CHP_P,CO2,18281.581374776546
1385,2042,reg1,WtE-CCS_CHP_P,CO2,18281.58137477653
1386,2043,reg1,WtE-CCS_CHP_P,CO2,18281.58137477653
1387,2044,reg1,WtE-CCS_CHP_P,CO2,18281.58137477672
1388,2045,reg1,WtE-CCS_CHP_P,CO2,18281.581374776684
1389,2046,reg1,WtE-CCS_CHP_P,CO2,18281.581374776535
1390,2047,reg1,WtE-CCS_CHP_P,CO2,18281.581374776597
1391,2048,reg1,WtE-CCS_CHP_P,CO2,18281.581374776462
1392,2049,reg1,WtE-CCS_CHP_P,CO2,18281.581374776626
1393,2050,reg1,WtE-CCS_CHP_P,CO2,18281.581374776375
1394,2051,reg1,WtE-CCS_CHP_P,CO2,18281.58137477664
1395,2052,reg1,WtE-CCS_CHP_P,CO2,18281.581374776546
1396,2053,reg1,WtE-CCS_CHP_P,CO2,18281.581374776764
1397,2054,reg1,WtE-CCS_CHP_P,CO2,18281.581374776757
1398,2055,reg1,WtE-CCS_CHP_P,CO2,18281.58137477641
1399,2056,reg1,WtE-CCS_CHP_P,CO2,18281.58137477637
1400,2057,reg1,WtE-CCS_CHP_P,CO2,18281.581374776553
1401,2058,reg1,WtE-CCS_CHP_P,CO2,18281.581374776546
1402,2059,reg1,WtE-CCS_CHP_P,CO2,18281.581374776488
1403,2060,reg1,WtE-CCS_CHP_P,CO2,25533.450024179656
1404,2025,reg1,SOFC_CHP_P,CO2,0.0
1405,2026,reg1,SOFC_CHP_P,CO2,0.0
1406,2027,reg1,SOFC_CHP_P,CO2,0.0
1407,2028,reg1,SOFC_CHP_P,CO2,0.0
1408,2029,reg1,SOFC_CHP_P,CO2,0.0
1409,2030,reg1,SOFC_CHP_P,CO2,0.0
1410,2031,reg1,SOFC_CHP_P,CO2,0.0
1411,2032,reg1,SOFC_CHP_P,CO2,0.0
1412,2033,reg1,SOFC_CHP_P,CO2,0.0
1413,2034,reg1,SOFC_CHP_P,CO2,0.0
1414,2035,reg1,SOFC_CHP_P,CO2,0.0
1415,2036,reg1,SOFC_CHP_P,CO2,0.0
1416,2037,reg1,SOFC_CHP_P,CO2,0.0
1417,2038,reg1,SOFC_CHP_P,CO2,0.0
1418,2039,reg1,SOFC_CHP_P,CO2,0.0
1419,2040,reg1,SOFC_CHP_P,CO2,0.0
1420,2041,reg1,SOFC_CHP_P,CO2,0.0
1421,2042,reg1,SOFC_CHP_P,CO2,0.0
1422,2043,reg1,SOFC_CHP_P,CO2,0.0
1423,2044,reg1,SOFC_CHP_P,CO2,0.0
1424,2045,reg1,SOFC_CHP_P,CO2,0.0
1425,2046,reg1,SOFC_CHP_P,CO2,0.0
1426,2047,reg1,SOFC_CHP_P,CO2,0.0
1427,2048,reg1,SOFC_CHP_P,CO2,0.0
1428,2049,reg1,SOFC_CHP_P,CO2,0.0
1429,2050,reg1,SOFC_CHP_P,CO2,0.0
1430,2051,reg1,SOFC_CHP_P,CO2,0.0
1431,2052,reg1,SOFC_CHP_P,CO2,0.0
1432,2053,reg1,SOFC_CHP_P,CO2,0.0
1433,2054,reg1,SOFC_CHP_P,CO2,0.0
1434,2055,reg1,SOFC_CHP_P,CO2,0.0
1435,2056,reg1,SOFC_CHP_P,CO2,0.0
1436,2057,reg1,SOFC_CHP_P,CO2,0.0
1437,2058,reg1,SOFC_CHP_P,CO2,0.0
1438,2059,reg1,SOFC_CHP_P,CO2,0.0
1439,2060,reg1,SOFC_CHP_P,CO2,0.0
1440,2025,reg1,Oil_CHP,CO2,10588710.611219047
1441,2026,reg1,Oil_CHP,CO2,10235753.590845086
1442,2027,reg1,Oil_CHP,CO2,9882796.57047111
1443,2028,reg1,Oil_CHP,CO2,9529839.550097147
1444,2029,reg1,Oil_CHP,CO2,9176882.529723173
1445,2030,reg1,Oil_CHP,CO2,8823925.509349206
1446,2031,reg1,Oil_CHP,CO2,8470968.488975232
1447,2032,reg1,Oil_CHP,CO2,8118011.468601269
1448,2033,reg1,Oil_CHP,CO2,7765054.448227299
1449,2034,reg1,Oil_CHP,CO2,7412097.427853344
1450,2035,reg1,Oil_CHP,CO2,7059140.407479367
1451,2036,reg1,Oil_CHP,CO2,6706183.387105396
1452,2037,reg1,Oil_CHP,CO2,6353226.366731427
1453,2038,reg1,Oil_CHP,CO2,6000269.346357463
1454,2039,reg1,Oil_CHP,CO2,5647312.3259834945
1455,2040,reg1,Oil_CHP,CO2,5294355.305609523
1456,2041,reg1,Oil_CHP,CO2,4941398.285235561
1457,2042,reg1,Oil_CHP,CO2,4588441.26486159
1458,2043,reg1,Oil_CHP,CO2,4235484.244487623
1459,2044,reg1,Oil_CHP,CO2,3882527.2241136506
1460,2045,reg1,Oil_CHP,CO2,3529570.2037396845
1461,2046,reg1,Oil_CHP,CO2,3176613.1833657185
1462,2047,reg1,Oil_CHP,CO2,2823656.162991746
1463,2048,reg1,Oil_CHP,CO2,2470699.142617781
1464,2049,reg1,Oil_CHP,CO2,2117742.1222438114
1465,2050,reg1,Oil_CHP,CO2,1764785.1018698423
1466,2051,reg1,Oil_CHP,CO2,1411828.081495873
1467,2052,reg1,Oil_CHP,CO2,1058871.0611219052
1468,2053,reg1,Oil_CHP,CO2,705914.0407479373
1469,2054,reg1,Oil_CHP,CO2,352957.0203739679
1470,2055,reg1,Oil_CHP,CO2,0.0
1471,2056,reg1,Oil_CHP,CO2,0.0
1472,2057,reg1,Oil_CHP,CO2,0.0
1473,2058,reg1,Oil_CHP,CO2,0.0
1474,2059,reg1,Oil_CHP,CO2,0.0
1475,2060,reg1,Oil_CHP,CO2,0.0
1476,2025,reg1,BW_CHP_P,CO2,4732026.1336797755
1477,2026,reg1,BW_CHP_P,CO2,4542745.088332584
1478,2027,reg1,BW_CHP_P,CO2,4353464.042985393
1479,2028,reg1,BW_CHP_P,CO2,4164182.9976382023
1480,2029,reg1,BW_CHP_P,CO2,3974901.9522910113
1481,2030,reg1,BW_CHP_P,CO2,3785620.9069438195
1482,2031,reg1,BW_CHP_P,CO2,3596339.8615966286
1483,2032,reg1,BW_CHP_P,CO2,3407058.816249436
1484,2033,reg1,BW_CHP_P,CO2,3217777.7709022444
1485,2034,reg1,BW_CHP_P,CO2,3028496.7255550544
1486,2035,reg1,BW_CHP_P,CO2,2839215.6802078625
1487,2036,reg1,BW_CHP_P,CO2,2563003.0184246446
1488,2037,reg1,BW_CHP_P,CO2,2143031.501640395
1489,2038,reg1,BW_CHP_P,CO2,1915875.0286423452
1490,2039,reg1,BW_CHP_P,CO2,1735076.2490159157
1491,2040,reg1,BW_CHP_P,CO2,1577342.044559923
1492,2041,reg1,BW_CHP_P,CO2,1419607.8401039308
1493,2042,reg1,BW_CHP_P,CO2,1261873.6356479384
1494,2043,reg1,BW_CHP_P,CO2,1104139.4311919457
1495,2044,reg1,BW_CHP_P,CO2,893827.1585839558
1496,2045,reg1,BW_CHP_P,CO2,744855.9654866296
1497,2046,reg1,BW_CHP_P,CO2,595884.7723893034
1498,2047,reg1,BW_CHP_P,CO2,446913.5792919772
1499,2048,reg1,BW_CHP_P,CO2,297942.3861946509
1500,2049,reg1,BW_CHP_P,CO2,147218.5908255914
1501,2050,reg1,BW_CHP_P,CO2,0.0
1502,2051,reg1,BW_CHP_P,CO2,0.0
1503,2052,reg1,BW_CHP_P,CO2,0.0
1504,2053,reg1,BW_CHP_P,CO2,0.0
1505,2054,reg1,BW_CHP_P,CO2,0.0
1506,2055,reg1,BW_CHP_P,CO2,0.0
1507,2056,reg1,BW_CHP_P,CO2,0.0
1508,2057,reg1,BW_CHP_P,CO2,0.0
1509,2058,reg1,BW_CHP_P,CO2,0.0
1510,2059,reg1,BW_CHP_P,CO2,0.0
1511,2060,reg1,BW_CHP_P,CO2,0.0
