,Datetime,Region,Technology,Tech category,Value
0,2025,reg1,NG_supply,Supply,0.0
1,2026,reg1,NG_supply,Supply,0.0
2,2027,reg1,NG_supply,Supply,0.0
3,2028,reg1,NG_supply,Supply,0.0
4,2029,reg1,NG_supply,Supply,0.0
5,2030,reg1,NG_supply,Supply,0.0
6,2031,reg1,NG_supply,Supply,0.0
7,2032,reg1,NG_supply,Supply,0.0
8,2033,reg1,NG_supply,Supply,0.0
9,2034,reg1,NG_supply,Supply,0.0
10,2035,reg1,NG_supply,Supply,0.0
11,2036,reg1,NG_supply,Supply,0.0
12,2037,reg1,NG_supply,Supply,0.0
13,2038,reg1,NG_supply,Supply,0.0
14,2039,reg1,NG_supply,Supply,0.0
15,2040,reg1,NG_supply,Supply,0.0
16,2041,reg1,NG_supply,Supply,0.0
17,2042,reg1,NG_supply,Supply,0.0
18,2043,reg1,NG_supply,Supply,0.0
19,2044,reg1,NG_supply,Supply,0.0
20,2045,reg1,NG_supply,Supply,0.0
21,2046,reg1,NG_supply,Supply,0.0
22,2047,reg1,NG_supply,Supply,0.0
23,2048,reg1,NG_supply,Supply,0.0
24,2049,reg1,NG_supply,Supply,0.0
25,2050,reg1,NG_supply,Supply,0.0
26,2051,reg1,NG_supply,Supply,0.0
27,2052,reg1,NG_supply,Supply,0.0
28,2053,reg1,NG_supply,Supply,0.0
29,2054,reg1,NG_supply,Supply,0.0
30,2055,reg1,NG_supply,Supply,0.0
31,2056,reg1,NG_supply,Supply,0.0
32,2057,reg1,NG_supply,Supply,0.0
33,2058,reg1,NG_supply,Supply,0.0
34,2059,reg1,NG_supply,Supply,0.0
35,2060,reg1,NG_supply,Supply,0.0
36,2025,reg1,SFF_supply,Supply,0.0
37,2026,reg1,SFF_supply,Supply,0.0
38,2027,reg1,SFF_supply,Supply,0.0
39,2028,reg1,SFF_supply,Supply,0.0
40,2029,reg1,SFF_supply,Supply,0.0
41,2030,reg1,SFF_supply,Supply,0.0
42,2031,reg1,SFF_supply,Supply,0.0
43,2032,reg1,SFF_supply,Supply,0.0
44,2033,reg1,SFF_supply,Supply,0.0
45,2034,reg1,SFF_supply,Supply,0.0
46,2035,reg1,SFF_supply,Supply,0.0
47,2036,reg1,SFF_supply,Supply,0.0
48,2037,reg1,SFF_supply,Supply,0.0
49,2038,reg1,SFF_supply,Supply,0.0
50,2039,reg1,SFF_supply,Supply,0.0
51,2040,reg1,SFF_supply,Supply,0.0
52,2041,reg1,SFF_supply,Supply,0.0
53,2042,reg1,SFF_supply,Supply,0.0
54,2043,reg1,SFF_supply,Supply,0.0
55,2044,reg1,SFF_supply,Supply,0.0
56,2045,reg1,SFF_supply,Supply,0.0
57,2046,reg1,SFF_supply,Supply,0.0
58,2047,reg1,SFF_supply,Supply,0.0
59,2048,reg1,SFF_supply,Supply,0.0
60,2049,reg1,SFF_supply,Supply,0.0
61,2050,reg1,SFF_supply,Supply,0.0
62,2051,reg1,SFF_supply,Supply,0.0
63,2052,reg1,SFF_supply,Supply,0.0
64,2053,reg1,SFF_supply,Supply,0.0
65,2054,reg1,SFF_supply,Supply,0.0
66,2055,reg1,SFF_supply,Supply,0.0
67,2056,reg1,SFF_supply,Supply,0.0
68,2057,reg1,SFF_supply,Supply,0.0
69,2058,reg1,SFF_supply,Supply,0.0
70,2059,reg1,SFF_supply,Supply,0.0
71,2060,reg1,SFF_supply,Supply,0.0
72,2025,reg1,OP_supply,Supply,0.0
73,2026,reg1,OP_supply,Supply,0.0
74,2027,reg1,OP_supply,Supply,0.0
75,2028,reg1,OP_supply,Supply,0.0
76,2029,reg1,OP_supply,Supply,0.0
77,2030,reg1,OP_supply,Supply,0.0
78,2031,reg1,OP_supply,Supply,0.0
79,2032,reg1,OP_supply,Supply,0.0
80,2033,reg1,OP_supply,Supply,0.0
81,2034,reg1,OP_supply,Supply,0.0
82,2035,reg1,OP_supply,Supply,0.0
83,2036,reg1,OP_supply,Supply,0.0
84,2037,reg1,OP_supply,Supply,0.0
85,2038,reg1,OP_supply,Supply,0.0
86,2039,reg1,OP_supply,Supply,0.0
87,2040,reg1,OP_supply,Supply,0.0
88,2041,reg1,OP_supply,Supply,0.0
89,2042,reg1,OP_supply,Supply,0.0
90,2043,reg1,OP_supply,Supply,0.0
91,2044,reg1,OP_supply,Supply,0.0
92,2045,reg1,OP_supply,Supply,0.0
93,2046,reg1,OP_supply,Supply,0.0
94,2047,reg1,OP_supply,Supply,0.0
95,2048,reg1,OP_supply,Supply,0.0
96,2049,reg1,OP_supply,Supply,0.0
97,2050,reg1,OP_supply,Supply,0.0
98,2051,reg1,OP_supply,Supply,0.0
99,2052,reg1,OP_supply,Supply,0.0
100,2053,reg1,OP_supply,Supply,0.0
101,2054,reg1,OP_supply,Supply,0.0
102,2055,reg1,OP_supply,Supply,0.0
103,2056,reg1,OP_supply,Supply,0.0
104,2057,reg1,OP_supply,Supply,0.0
105,2058,reg1,OP_supply,Supply,0.0
106,2059,reg1,OP_supply,Supply,0.0
107,2060,reg1,OP_supply,Supply,0.0
108,2025,reg1,BW_supply,Supply,0.0
109,2026,reg1,BW_supply,Supply,0.0
110,2027,reg1,BW_supply,Supply,0.0
111,2028,reg1,BW_supply,Supply,0.0
112,2029,reg1,BW_supply,Supply,0.0
113,2030,reg1,BW_supply,Supply,0.0
114,2031,reg1,BW_supply,Supply,0.0
115,2032,reg1,BW_supply,Supply,0.0
116,2033,reg1,BW_supply,Supply,0.0
117,2034,reg1,BW_supply,Supply,0.0
118,2035,reg1,BW_supply,Supply,0.0
119,2036,reg1,BW_supply,Supply,0.0
120,2037,reg1,BW_supply,Supply,0.0
121,2038,reg1,BW_supply,Supply,0.0
122,2039,reg1,BW_supply,Supply,0.0
123,2040,reg1,BW_supply,Supply,0.0
124,2041,reg1,BW_supply,Supply,0.0
125,2042,reg1,BW_supply,Supply,0.0
126,2043,reg1,BW_supply,Supply,0.0
127,2044,reg1,BW_supply,Supply,0.0
128,2045,reg1,BW_supply,Supply,0.0
129,2046,reg1,BW_supply,Supply,0.0
130,2047,reg1,BW_supply,Supply,0.0
131,2048,reg1,BW_supply,Supply,0.0
132,2049,reg1,BW_supply,Supply,0.0
133,2050,reg1,BW_supply,Supply,0.0
134,2051,reg1,BW_supply,Supply,0.0
135,2052,reg1,BW_supply,Supply,0.0
136,2053,reg1,BW_supply,Supply,0.0
137,2054,reg1,BW_supply,Supply,0.0
138,2055,reg1,BW_supply,Supply,0.0
139,2056,reg1,BW_supply,Supply,0.0
140,2057,reg1,BW_supply,Supply,0.0
141,2058,reg1,BW_supply,Supply,0.0
142,2059,reg1,BW_supply,Supply,0.0
143,2060,reg1,BW_supply,Supply,0.0
144,2025,reg1,BIO_supply,Supply,0.0
145,2026,reg1,BIO_supply,Supply,0.0
146,2027,reg1,BIO_supply,Supply,0.0
147,2028,reg1,BIO_supply,Supply,0.0
148,2029,reg1,BIO_supply,Supply,0.0
149,2030,reg1,BIO_supply,Supply,0.0
150,2031,reg1,BIO_supply,Supply,0.0
151,2032,reg1,BIO_supply,Supply,0.0
152,2033,reg1,BIO_supply,Supply,0.0
153,2034,reg1,BIO_supply,Supply,0.0
154,2035,reg1,BIO_supply,Supply,0.0
155,2036,reg1,BIO_supply,Supply,0.0
156,2037,reg1,BIO_supply,Supply,0.0
157,2038,reg1,BIO_supply,Supply,0.0
158,2039,reg1,BIO_supply,Supply,0.0
159,2040,reg1,BIO_supply,Supply,0.0
160,2041,reg1,BIO_supply,Supply,0.0
161,2042,reg1,BIO_supply,Supply,0.0
162,2043,reg1,BIO_supply,Supply,0.0
163,2044,reg1,BIO_supply,Supply,0.0
164,2045,reg1,BIO_supply,Supply,0.0
165,2046,reg1,BIO_supply,Supply,0.0
166,2047,reg1,BIO_supply,Supply,0.0
167,2048,reg1,BIO_supply,Supply,0.0
168,2049,reg1,BIO_supply,Supply,0.0
169,2050,reg1,BIO_supply,Supply,0.0
170,2051,reg1,BIO_supply,Supply,0.0
171,2052,reg1,BIO_supply,Supply,0.0
172,2053,reg1,BIO_supply,Supply,0.0
173,2054,reg1,BIO_supply,Supply,0.0
174,2055,reg1,BIO_supply,Supply,0.0
175,2056,reg1,BIO_supply,Supply,0.0
176,2057,reg1,BIO_supply,Supply,0.0
177,2058,reg1,BIO_supply,Supply,0.0
178,2059,reg1,BIO_supply,Supply,0.0
179,2060,reg1,BIO_supply,Supply,0.0
180,2025,reg1,Biogas_supply,Supply,0.0
181,2026,reg1,Biogas_supply,Supply,0.0
182,2027,reg1,Biogas_supply,Supply,0.0
183,2028,reg1,Biogas_supply,Supply,0.0
184,2029,reg1,Biogas_supply,Supply,0.0
185,2030,reg1,Biogas_supply,Supply,0.0
186,2031,reg1,Biogas_supply,Supply,0.0
187,2032,reg1,Biogas_supply,Supply,0.0
188,2033,reg1,Biogas_supply,Supply,0.0
189,2034,reg1,Biogas_supply,Supply,0.0
190,2035,reg1,Biogas_supply,Supply,0.0
191,2036,reg1,Biogas_supply,Supply,0.0
192,2037,reg1,Biogas_supply,Supply,0.0
193,2038,reg1,Biogas_supply,Supply,0.0
194,2039,reg1,Biogas_supply,Supply,0.0
195,2040,reg1,Biogas_supply,Supply,0.0
196,2041,reg1,Biogas_supply,Supply,0.0
197,2042,reg1,Biogas_supply,Supply,0.0
198,2043,reg1,Biogas_supply,Supply,0.0
199,2044,reg1,Biogas_supply,Supply,0.0
200,2045,reg1,Biogas_supply,Supply,0.0
201,2046,reg1,Biogas_supply,Supply,0.0
202,2047,reg1,Biogas_supply,Supply,0.0
203,2048,reg1,Biogas_supply,Supply,0.0
204,2049,reg1,Biogas_supply,Supply,0.0
205,2050,reg1,Biogas_supply,Supply,0.0
206,2051,reg1,Biogas_supply,Supply,0.0
207,2052,reg1,Biogas_supply,Supply,0.0
208,2053,reg1,Biogas_supply,Supply,0.0
209,2054,reg1,Biogas_supply,Supply,0.0
210,2055,reg1,Biogas_supply,Supply,0.0
211,2056,reg1,Biogas_supply,Supply,0.0
212,2057,reg1,Biogas_supply,Supply,0.0
213,2058,reg1,Biogas_supply,Supply,0.0
214,2059,reg1,Biogas_supply,Supply,0.0
215,2060,reg1,Biogas_supply,Supply,0.0
216,2025,reg1,Waste_supply,Supply,0.0
217,2026,reg1,Waste_supply,Supply,0.0
218,2027,reg1,Waste_supply,Supply,0.0
219,2028,reg1,Waste_supply,Supply,0.0
220,2029,reg1,Waste_supply,Supply,0.0
221,2030,reg1,Waste_supply,Supply,0.0
222,2031,reg1,Waste_supply,Supply,0.0
223,2032,reg1,Waste_supply,Supply,0.0
224,2033,reg1,Waste_supply,Supply,0.0
225,2034,reg1,Waste_supply,Supply,0.0
226,2035,reg1,Waste_supply,Supply,0.0
227,2036,reg1,Waste_supply,Supply,0.0
228,2037,reg1,Waste_supply,Supply,0.0
229,2038,reg1,Waste_supply,Supply,0.0
230,2039,reg1,Waste_supply,Supply,0.0
231,2040,reg1,Waste_supply,Supply,0.0
232,2041,reg1,Waste_supply,Supply,0.0
233,2042,reg1,Waste_supply,Supply,0.0
234,2043,reg1,Waste_supply,Supply,0.0
235,2044,reg1,Waste_supply,Supply,0.0
236,2045,reg1,Waste_supply,Supply,0.0
237,2046,reg1,Waste_supply,Supply,0.0
238,2047,reg1,Waste_supply,Supply,0.0
239,2048,reg1,Waste_supply,Supply,0.0
240,2049,reg1,Waste_supply,Supply,0.0
241,2050,reg1,Waste_supply,Supply,0.0
242,2051,reg1,Waste_supply,Supply,0.0
243,2052,reg1,Waste_supply,Supply,0.0
244,2053,reg1,Waste_supply,Supply,0.0
245,2054,reg1,Waste_supply,Supply,0.0
246,2055,reg1,Waste_supply,Supply,0.0
247,2056,reg1,Waste_supply,Supply,0.0
248,2057,reg1,Waste_supply,Supply,0.0
249,2058,reg1,Waste_supply,Supply,0.0
250,2059,reg1,Waste_supply,Supply,0.0
251,2060,reg1,Waste_supply,Supply,0.0
252,2025,reg1,Geo_PP,Supply,0.0
253,2026,reg1,Geo_PP,Supply,0.0
254,2027,reg1,Geo_PP,Supply,0.0
255,2028,reg1,Geo_PP,Supply,0.05144966666666673
256,2029,reg1,Geo_PP,Supply,0.051449999999999996
257,2030,reg1,Geo_PP,Supply,0.051449999999999996
258,2031,reg1,Geo_PP,Supply,0.051449999999999996
259,2032,reg1,Geo_PP,Supply,0.051449999999999996
260,2033,reg1,Geo_PP,Supply,0.051449999999999996
261,2034,reg1,Geo_PP,Supply,0.051449999999999996
262,2035,reg1,Geo_PP,Supply,0.051449999999999996
263,2036,reg1,Geo_PP,Supply,0.051449999999999996
264,2037,reg1,Geo_PP,Supply,0.051449999999999996
265,2038,reg1,Geo_PP,Supply,0.051449999999999996
266,2039,reg1,Geo_PP,Supply,0.051449999999999996
267,2040,reg1,Geo_PP,Supply,0.051449999999999996
268,2041,reg1,Geo_PP,Supply,0.051497000000000015
269,2042,reg1,Geo_PP,Supply,0.0
270,2043,reg1,Geo_PP,Supply,0.0
271,2044,reg1,Geo_PP,Supply,0.0
272,2045,reg1,Geo_PP,Supply,0.0
273,2046,reg1,Geo_PP,Supply,0.0
274,2047,reg1,Geo_PP,Supply,0.0
275,2048,reg1,Geo_PP,Supply,0.0
276,2049,reg1,Geo_PP,Supply,0.0
277,2050,reg1,Geo_PP,Supply,0.0
278,2051,reg1,Geo_PP,Supply,0.0
279,2052,reg1,Geo_PP,Supply,0.0
280,2053,reg1,Geo_PP,Supply,0.0
281,2054,reg1,Geo_PP,Supply,0.1
282,2055,reg1,Geo_PP,Supply,0.054349666666667074
283,2056,reg1,Geo_PP,Supply,0.0
284,2057,reg1,Geo_PP,Supply,0.0
285,2058,reg1,Geo_PP,Supply,0.0
286,2059,reg1,Geo_PP,Supply,0.0
287,2060,reg1,Geo_PP,Supply,0.0
288,2025,reg1,Solar_PV_PP,Supply,0.0
289,2026,reg1,Solar_PV_PP,Supply,9.9
290,2027,reg1,Solar_PV_PP,Supply,9.9
291,2028,reg1,Solar_PV_PP,Supply,9.9
292,2029,reg1,Solar_PV_PP,Supply,9.9
293,2030,reg1,Solar_PV_PP,Supply,9.9
294,2031,reg1,Solar_PV_PP,Supply,9.9
295,2032,reg1,Solar_PV_PP,Supply,9.9
296,2033,reg1,Solar_PV_PP,Supply,9.9
297,2034,reg1,Solar_PV_PP,Supply,9.9
298,2035,reg1,Solar_PV_PP,Supply,9.9
299,2036,reg1,Solar_PV_PP,Supply,9.9
300,2037,reg1,Solar_PV_PP,Supply,9.9
301,2038,reg1,Solar_PV_PP,Supply,9.9
302,2039,reg1,Solar_PV_PP,Supply,9.9
303,2040,reg1,Solar_PV_PP,Supply,9.9
304,2041,reg1,Solar_PV_PP,Supply,9.9
305,2042,reg1,Solar_PV_PP,Supply,9.9
306,2043,reg1,Solar_PV_PP,Supply,9.9
307,2044,reg1,Solar_PV_PP,Supply,9.9
308,2045,reg1,Solar_PV_PP,Supply,9.9
309,2046,reg1,Solar_PV_PP,Supply,9.9
310,2047,reg1,Solar_PV_PP,Supply,9.9
311,2048,reg1,Solar_PV_PP,Supply,9.9
312,2049,reg1,Solar_PV_PP,Supply,9.9
313,2050,reg1,Solar_PV_PP,Supply,9.9
314,2051,reg1,Solar_PV_PP,Supply,0.0
315,2052,reg1,Solar_PV_PP,Supply,0.0
316,2053,reg1,Solar_PV_PP,Supply,0.0
317,2054,reg1,Solar_PV_PP,Supply,0.0
318,2055,reg1,Solar_PV_PP,Supply,0.0
319,2056,reg1,Solar_PV_PP,Supply,0.0
320,2057,reg1,Solar_PV_PP,Supply,0.0
321,2058,reg1,Solar_PV_PP,Supply,0.0
322,2059,reg1,Solar_PV_PP,Supply,0.0
323,2060,reg1,Solar_PV_PP,Supply,4.115025990292158
324,2025,reg1,Wind_On-Shore_PP,Supply,0.0
325,2026,reg1,Wind_On-Shore_PP,Supply,2.5
326,2027,reg1,Wind_On-Shore_PP,Supply,2.5
327,2028,reg1,Wind_On-Shore_PP,Supply,2.5
328,2029,reg1,Wind_On-Shore_PP,Supply,2.5
329,2030,reg1,Wind_On-Shore_PP,Supply,2.5
330,2031,reg1,Wind_On-Shore_PP,Supply,2.5
331,2032,reg1,Wind_On-Shore_PP,Supply,2.5
332,2033,reg1,Wind_On-Shore_PP,Supply,2.5
333,2034,reg1,Wind_On-Shore_PP,Supply,2.5
334,2035,reg1,Wind_On-Shore_PP,Supply,2.5
335,2036,reg1,Wind_On-Shore_PP,Supply,2.5
336,2037,reg1,Wind_On-Shore_PP,Supply,2.5
337,2038,reg1,Wind_On-Shore_PP,Supply,2.5
338,2039,reg1,Wind_On-Shore_PP,Supply,2.5
339,2040,reg1,Wind_On-Shore_PP,Supply,2.5
340,2041,reg1,Wind_On-Shore_PP,Supply,2.5
341,2042,reg1,Wind_On-Shore_PP,Supply,2.5
342,2043,reg1,Wind_On-Shore_PP,Supply,2.5
343,2044,reg1,Wind_On-Shore_PP,Supply,2.5
344,2045,reg1,Wind_On-Shore_PP,Supply,2.5
345,2046,reg1,Wind_On-Shore_PP,Supply,2.5
346,2047,reg1,Wind_On-Shore_PP,Supply,2.5
347,2048,reg1,Wind_On-Shore_PP,Supply,2.5
348,2049,reg1,Wind_On-Shore_PP,Supply,2.5
349,2050,reg1,Wind_On-Shore_PP,Supply,2.5
350,2051,reg1,Wind_On-Shore_PP,Supply,2.5
351,2052,reg1,Wind_On-Shore_PP,Supply,2.5
352,2053,reg1,Wind_On-Shore_PP,Supply,2.5
353,2054,reg1,Wind_On-Shore_PP,Supply,2.5
354,2055,reg1,Wind_On-Shore_PP,Supply,2.5
355,2056,reg1,Wind_On-Shore_PP,Supply,2.5
356,2057,reg1,Wind_On-Shore_PP,Supply,2.5
357,2058,reg1,Wind_On-Shore_PP,Supply,2.5
358,2059,reg1,Wind_On-Shore_PP,Supply,2.5
359,2060,reg1,Wind_On-Shore_PP,Supply,2.5
360,2025,reg1,Wind_Off-Shore_PP,Supply,0.0
361,2026,reg1,Wind_Off-Shore_PP,Supply,0.0
362,2027,reg1,Wind_Off-Shore_PP,Supply,0.0
363,2028,reg1,Wind_Off-Shore_PP,Supply,0.0
364,2029,reg1,Wind_Off-Shore_PP,Supply,0.0
365,2030,reg1,Wind_Off-Shore_PP,Supply,0.0
366,2031,reg1,Wind_Off-Shore_PP,Supply,0.0
367,2032,reg1,Wind_Off-Shore_PP,Supply,0.0
368,2033,reg1,Wind_Off-Shore_PP,Supply,0.0
369,2034,reg1,Wind_Off-Shore_PP,Supply,0.0
370,2035,reg1,Wind_Off-Shore_PP,Supply,0.0
371,2036,reg1,Wind_Off-Shore_PP,Supply,0.0
372,2037,reg1,Wind_Off-Shore_PP,Supply,0.0
373,2038,reg1,Wind_Off-Shore_PP,Supply,0.0
374,2039,reg1,Wind_Off-Shore_PP,Supply,0.0
375,2040,reg1,Wind_Off-Shore_PP,Supply,0.0
376,2041,reg1,Wind_Off-Shore_PP,Supply,0.0
377,2042,reg1,Wind_Off-Shore_PP,Supply,0.0
378,2043,reg1,Wind_Off-Shore_PP,Supply,0.0
379,2044,reg1,Wind_Off-Shore_PP,Supply,0.0
380,2045,reg1,Wind_Off-Shore_PP,Supply,0.0
381,2046,reg1,Wind_Off-Shore_PP,Supply,0.0
382,2047,reg1,Wind_Off-Shore_PP,Supply,0.0
383,2048,reg1,Wind_Off-Shore_PP,Supply,0.0
384,2049,reg1,Wind_Off-Shore_PP,Supply,0.0
385,2050,reg1,Wind_Off-Shore_PP,Supply,0.0
386,2051,reg1,Wind_Off-Shore_PP,Supply,0.0
387,2052,reg1,Wind_Off-Shore_PP,Supply,0.0
388,2053,reg1,Wind_Off-Shore_PP,Supply,0.0
389,2054,reg1,Wind_Off-Shore_PP,Supply,0.0
390,2055,reg1,Wind_Off-Shore_PP,Supply,0.0
391,2056,reg1,Wind_Off-Shore_PP,Supply,0.0
392,2057,reg1,Wind_Off-Shore_PP,Supply,0.0
393,2058,reg1,Wind_Off-Shore_PP,Supply,0.0
394,2059,reg1,Wind_Off-Shore_PP,Supply,0.0
395,2060,reg1,Wind_Off-Shore_PP,Supply,0.0
396,2025,reg1,Hydro_PP,Supply,0.0
397,2026,reg1,Hydro_PP,Supply,0.0
398,2027,reg1,Hydro_PP,Supply,0.0
399,2028,reg1,Hydro_PP,Supply,0.0
400,2029,reg1,Hydro_PP,Supply,0.0
401,2030,reg1,Hydro_PP,Supply,0.0
402,2031,reg1,Hydro_PP,Supply,0.39016999999999946
403,2032,reg1,Hydro_PP,Supply,0.39016999999999946
404,2033,reg1,Hydro_PP,Supply,0.39016999999999946
405,2034,reg1,Hydro_PP,Supply,0.39016999999999946
406,2035,reg1,Hydro_PP,Supply,0.39016999999999946
407,2036,reg1,Hydro_PP,Supply,0.39016999999999946
408,2037,reg1,Hydro_PP,Supply,0.39016999999999946
409,2038,reg1,Hydro_PP,Supply,0.39016999999999946
410,2039,reg1,Hydro_PP,Supply,0.39016999999999946
411,2040,reg1,Hydro_PP,Supply,0.39016999999999946
412,2041,reg1,Hydro_PP,Supply,0.39016999999999946
413,2042,reg1,Hydro_PP,Supply,0.39016999999999946
414,2043,reg1,Hydro_PP,Supply,0.39016999999999946
415,2044,reg1,Hydro_PP,Supply,0.39016999999999946
416,2045,reg1,Hydro_PP,Supply,0.39016999999999946
417,2046,reg1,Hydro_PP,Supply,0.39016999999999946
418,2047,reg1,Hydro_PP,Supply,0.39016999999999946
419,2048,reg1,Hydro_PP,Supply,0.39016999999999946
420,2049,reg1,Hydro_PP,Supply,0.39016999999999946
421,2050,reg1,Hydro_PP,Supply,0.39016999999999946
422,2051,reg1,Hydro_PP,Supply,0.39017000000000124
423,2052,reg1,Hydro_PP,Supply,0.39016999999999946
424,2053,reg1,Hydro_PP,Supply,0.39016999999999946
425,2054,reg1,Hydro_PP,Supply,0.39017000000000124
426,2055,reg1,Hydro_PP,Supply,0.39017000000000124
427,2056,reg1,Hydro_PP,Supply,0.39016999999999946
428,2057,reg1,Hydro_PP,Supply,0.39016999999999946
429,2058,reg1,Hydro_PP,Supply,0.39017000000000124
430,2059,reg1,Hydro_PP,Supply,0.39017000000000124
431,2060,reg1,Hydro_PP,Supply,0.20063999999999993
432,2025,reg1,UO2_supply ,Supply,0.0
433,2026,reg1,UO2_supply ,Supply,0.0
434,2027,reg1,UO2_supply ,Supply,0.0
435,2028,reg1,UO2_supply ,Supply,0.0
436,2029,reg1,UO2_supply ,Supply,0.0
437,2030,reg1,UO2_supply ,Supply,0.0
438,2031,reg1,UO2_supply ,Supply,0.0
439,2032,reg1,UO2_supply ,Supply,0.0
440,2033,reg1,UO2_supply ,Supply,0.0
441,2034,reg1,UO2_supply ,Supply,0.0
442,2035,reg1,UO2_supply ,Supply,0.0
443,2036,reg1,UO2_supply ,Supply,0.0
444,2037,reg1,UO2_supply ,Supply,0.0
445,2038,reg1,UO2_supply ,Supply,0.0
446,2039,reg1,UO2_supply ,Supply,0.0
447,2040,reg1,UO2_supply ,Supply,0.0
448,2041,reg1,UO2_supply ,Supply,0.0
449,2042,reg1,UO2_supply ,Supply,0.0
450,2043,reg1,UO2_supply ,Supply,0.0
451,2044,reg1,UO2_supply ,Supply,0.0
452,2045,reg1,UO2_supply ,Supply,0.0
453,2046,reg1,UO2_supply ,Supply,0.0
454,2047,reg1,UO2_supply ,Supply,0.0
455,2048,reg1,UO2_supply ,Supply,0.0
456,2049,reg1,UO2_supply ,Supply,0.0
457,2050,reg1,UO2_supply ,Supply,0.0
458,2051,reg1,UO2_supply ,Supply,0.0
459,2052,reg1,UO2_supply ,Supply,0.0
460,2053,reg1,UO2_supply ,Supply,0.0
461,2054,reg1,UO2_supply ,Supply,0.0
462,2055,reg1,UO2_supply ,Supply,0.0
463,2056,reg1,UO2_supply ,Supply,0.0
464,2057,reg1,UO2_supply ,Supply,0.0
465,2058,reg1,UO2_supply ,Supply,0.0
466,2059,reg1,UO2_supply ,Supply,0.0
467,2060,reg1,UO2_supply ,Supply,0.0
468,2025,reg1,Electricity_net_imports,Supply,0.0
469,2026,reg1,Electricity_net_imports,Supply,0.0
470,2027,reg1,Electricity_net_imports,Supply,0.0
471,2028,reg1,Electricity_net_imports,Supply,0.0
472,2029,reg1,Electricity_net_imports,Supply,0.0
473,2030,reg1,Electricity_net_imports,Supply,0.0
474,2031,reg1,Electricity_net_imports,Supply,0.0
475,2032,reg1,Electricity_net_imports,Supply,0.0
476,2033,reg1,Electricity_net_imports,Supply,0.0
477,2034,reg1,Electricity_net_imports,Supply,0.0
478,2035,reg1,Electricity_net_imports,Supply,0.0
479,2036,reg1,Electricity_net_imports,Supply,0.0
480,2037,reg1,Electricity_net_imports,Supply,0.0
481,2038,reg1,Electricity_net_imports,Supply,0.0
482,2039,reg1,Electricity_net_imports,Supply,0.0
483,2040,reg1,Electricity_net_imports,Supply,0.0
484,2041,reg1,Electricity_net_imports,Supply,0.0
485,2042,reg1,Electricity_net_imports,Supply,0.0
486,2043,reg1,Electricity_net_imports,Supply,0.0
487,2044,reg1,Electricity_net_imports,Supply,0.0
488,2045,reg1,Electricity_net_imports,Supply,0.0
489,2046,reg1,Electricity_net_imports,Supply,0.0
490,2047,reg1,Electricity_net_imports,Supply,0.0
491,2048,reg1,Electricity_net_imports,Supply,0.0
492,2049,reg1,Electricity_net_imports,Supply,0.0
493,2050,reg1,Electricity_net_imports,Supply,0.0
494,2051,reg1,Electricity_net_imports,Supply,0.0
495,2052,reg1,Electricity_net_imports,Supply,0.0
496,2053,reg1,Electricity_net_imports,Supply,0.0
497,2054,reg1,Electricity_net_imports,Supply,0.0
498,2055,reg1,Electricity_net_imports,Supply,0.0
499,2056,reg1,Electricity_net_imports,Supply,0.0
500,2057,reg1,Electricity_net_imports,Supply,0.0
501,2058,reg1,Electricity_net_imports,Supply,0.0
502,2059,reg1,Electricity_net_imports,Supply,0.0
503,2060,reg1,Electricity_net_imports,Supply,0.0
504,2025,reg1,Geo_HP,Supply,0.0
505,2026,reg1,Geo_HP,Supply,0.0
506,2027,reg1,Geo_HP,Supply,0.0
507,2028,reg1,Geo_HP,Supply,0.012682751902587497
508,2029,reg1,Geo_HP,Supply,0.012683
509,2030,reg1,Geo_HP,Supply,0.012683
510,2031,reg1,Geo_HP,Supply,0.012683
511,2032,reg1,Geo_HP,Supply,0.012683
512,2033,reg1,Geo_HP,Supply,0.012683
513,2034,reg1,Geo_HP,Supply,0.012683
514,2035,reg1,Geo_HP,Supply,0.012683
515,2036,reg1,Geo_HP,Supply,0.012683
516,2037,reg1,Geo_HP,Supply,0.012683
517,2038,reg1,Geo_HP,Supply,0.012683
518,2039,reg1,Geo_HP,Supply,0.012683
519,2040,reg1,Geo_HP,Supply,0.012683
520,2041,reg1,Geo_HP,Supply,0.012683
521,2042,reg1,Geo_HP,Supply,0.012697000000000014
522,2043,reg1,Geo_HP,Supply,0.0
523,2044,reg1,Geo_HP,Supply,0.0
524,2045,reg1,Geo_HP,Supply,0.0
525,2046,reg1,Geo_HP,Supply,0.0
526,2047,reg1,Geo_HP,Supply,0.0
527,2048,reg1,Geo_HP,Supply,0.0
528,2049,reg1,Geo_HP,Supply,0.0
529,2050,reg1,Geo_HP,Supply,0.0
530,2051,reg1,Geo_HP,Supply,0.0
531,2052,reg1,Geo_HP,Supply,0.0
532,2053,reg1,Geo_HP,Supply,0.012682751902587996
533,2054,reg1,Geo_HP,Supply,0.012683
534,2055,reg1,Geo_HP,Supply,0.012683
535,2056,reg1,Geo_HP,Supply,0.012683
536,2057,reg1,Geo_HP,Supply,0.012683
537,2058,reg1,Geo_HP,Supply,0.012683
538,2059,reg1,Geo_HP,Supply,0.012683
539,2060,reg1,Geo_HP,Supply,0.012683
540,2025,reg1,Pump_hydro_ST,Storage,0.0
541,2026,reg1,Pump_hydro_ST,Storage,0.0
542,2027,reg1,Pump_hydro_ST,Storage,0.0
543,2028,reg1,Pump_hydro_ST,Storage,0.0
544,2029,reg1,Pump_hydro_ST,Storage,0.0
545,2030,reg1,Pump_hydro_ST,Storage,0.0
546,2031,reg1,Pump_hydro_ST,Storage,1.3250000000000028
547,2032,reg1,Pump_hydro_ST,Storage,1.3250000000000028
548,2033,reg1,Pump_hydro_ST,Storage,1.3250000000000028
549,2034,reg1,Pump_hydro_ST,Storage,1.3250000000000028
550,2035,reg1,Pump_hydro_ST,Storage,1.3250000000000028
551,2036,reg1,Pump_hydro_ST,Storage,1.3250000000000028
552,2037,reg1,Pump_hydro_ST,Storage,1.3250000000000028
553,2038,reg1,Pump_hydro_ST,Storage,1.3250000000000028
554,2039,reg1,Pump_hydro_ST,Storage,6.170147458007152
555,2040,reg1,Pump_hydro_ST,Storage,8.442040106248163
556,2041,reg1,Pump_hydro_ST,Storage,0.0
557,2042,reg1,Pump_hydro_ST,Storage,3.1138010015025883
558,2043,reg1,Pump_hydro_ST,Storage,11.900901520204624
559,2044,reg1,Pump_hydro_ST,Storage,0.0
560,2045,reg1,Pump_hydro_ST,Storage,0.0
561,2046,reg1,Pump_hydro_ST,Storage,0.0
562,2047,reg1,Pump_hydro_ST,Storage,0.0
563,2048,reg1,Pump_hydro_ST,Storage,0.0
564,2049,reg1,Pump_hydro_ST,Storage,0.0
565,2050,reg1,Pump_hydro_ST,Storage,0.0
566,2051,reg1,Pump_hydro_ST,Storage,0.0
567,2052,reg1,Pump_hydro_ST,Storage,0.0
568,2053,reg1,Pump_hydro_ST,Storage,0.0
569,2054,reg1,Pump_hydro_ST,Storage,0.0
570,2055,reg1,Pump_hydro_ST,Storage,0.0
571,2056,reg1,Pump_hydro_ST,Storage,0.0
572,2057,reg1,Pump_hydro_ST,Storage,0.0
573,2058,reg1,Pump_hydro_ST,Storage,0.0
574,2059,reg1,Pump_hydro_ST,Storage,0.0
575,2060,reg1,Pump_hydro_ST,Storage,0.0
576,2025,reg1,Electrochemical_ST,Storage,0.0
577,2026,reg1,Electrochemical_ST,Storage,0.0
578,2027,reg1,Electrochemical_ST,Storage,0.0
579,2028,reg1,Electrochemical_ST,Storage,0.0
580,2029,reg1,Electrochemical_ST,Storage,0.0
581,2030,reg1,Electrochemical_ST,Storage,0.0
582,2031,reg1,Electrochemical_ST,Storage,0.0
583,2032,reg1,Electrochemical_ST,Storage,0.0
584,2033,reg1,Electrochemical_ST,Storage,0.0
585,2034,reg1,Electrochemical_ST,Storage,0.0
586,2035,reg1,Electrochemical_ST,Storage,0.0
587,2036,reg1,Electrochemical_ST,Storage,2.5884
588,2037,reg1,Electrochemical_ST,Storage,2.5884
589,2038,reg1,Electrochemical_ST,Storage,2.5884
590,2039,reg1,Electrochemical_ST,Storage,2.5884
591,2040,reg1,Electrochemical_ST,Storage,2.5884
592,2041,reg1,Electrochemical_ST,Storage,0.0
593,2042,reg1,Electrochemical_ST,Storage,0.0
594,2043,reg1,Electrochemical_ST,Storage,10.2635268521444
595,2044,reg1,Electrochemical_ST,Storage,12.0
596,2045,reg1,Electrochemical_ST,Storage,12.0
597,2046,reg1,Electrochemical_ST,Storage,12.0
598,2047,reg1,Electrochemical_ST,Storage,0.0
599,2048,reg1,Electrochemical_ST,Storage,0.0
600,2049,reg1,Electrochemical_ST,Storage,12.0
601,2050,reg1,Electrochemical_ST,Storage,12.0
602,2051,reg1,Electrochemical_ST,Storage,12.0
603,2052,reg1,Electrochemical_ST,Storage,12.0
604,2053,reg1,Electrochemical_ST,Storage,12.0
605,2054,reg1,Electrochemical_ST,Storage,12.0
606,2055,reg1,Electrochemical_ST,Storage,12.0
607,2056,reg1,Electrochemical_ST,Storage,0.0
608,2057,reg1,Electrochemical_ST,Storage,0.0
609,2058,reg1,Electrochemical_ST,Storage,0.0
610,2059,reg1,Electrochemical_ST,Storage,0.0
611,2060,reg1,Electrochemical_ST,Storage,0.0
612,2025,reg1,Hydrogen_ST,Storage,0.0
613,2026,reg1,Hydrogen_ST,Storage,0.0501
614,2027,reg1,Hydrogen_ST,Storage,0.0501
615,2028,reg1,Hydrogen_ST,Storage,0.0501
616,2029,reg1,Hydrogen_ST,Storage,0.0501
617,2030,reg1,Hydrogen_ST,Storage,0.0668
618,2031,reg1,Hydrogen_ST,Storage,0.0
619,2032,reg1,Hydrogen_ST,Storage,0.0
620,2033,reg1,Hydrogen_ST,Storage,0.0
621,2034,reg1,Hydrogen_ST,Storage,0.0
622,2035,reg1,Hydrogen_ST,Storage,0.0
623,2036,reg1,Hydrogen_ST,Storage,0.0
624,2037,reg1,Hydrogen_ST,Storage,0.0
625,2038,reg1,Hydrogen_ST,Storage,0.0
626,2039,reg1,Hydrogen_ST,Storage,0.0
627,2040,reg1,Hydrogen_ST,Storage,0.0
628,2041,reg1,Hydrogen_ST,Storage,0.0
629,2042,reg1,Hydrogen_ST,Storage,0.0
630,2043,reg1,Hydrogen_ST,Storage,0.0
631,2044,reg1,Hydrogen_ST,Storage,0.0
632,2045,reg1,Hydrogen_ST,Storage,0.0
633,2046,reg1,Hydrogen_ST,Storage,0.0
634,2047,reg1,Hydrogen_ST,Storage,0.0
635,2048,reg1,Hydrogen_ST,Storage,0.0
636,2049,reg1,Hydrogen_ST,Storage,0.0
637,2050,reg1,Hydrogen_ST,Storage,0.0
638,2051,reg1,Hydrogen_ST,Storage,0.0
639,2052,reg1,Hydrogen_ST,Storage,0.0
640,2053,reg1,Hydrogen_ST,Storage,0.0
641,2054,reg1,Hydrogen_ST,Storage,0.0
642,2055,reg1,Hydrogen_ST,Storage,0.0
643,2056,reg1,Hydrogen_ST,Storage,0.2171
644,2057,reg1,Hydrogen_ST,Storage,0.0334
645,2058,reg1,Hydrogen_ST,Storage,0.0
646,2059,reg1,Hydrogen_ST,Storage,0.0
647,2060,reg1,Hydrogen_ST,Storage,0.0
648,2025,reg1,Thermal_ST,Storage,0.0
649,2026,reg1,Thermal_ST,Storage,0.0
650,2027,reg1,Thermal_ST,Storage,0.0
651,2028,reg1,Thermal_ST,Storage,0.0
652,2029,reg1,Thermal_ST,Storage,0.0
653,2030,reg1,Thermal_ST,Storage,0.0
654,2031,reg1,Thermal_ST,Storage,0.0
655,2032,reg1,Thermal_ST,Storage,0.0
656,2033,reg1,Thermal_ST,Storage,0.0
657,2034,reg1,Thermal_ST,Storage,0.0
658,2035,reg1,Thermal_ST,Storage,0.0
659,2036,reg1,Thermal_ST,Storage,0.0
660,2037,reg1,Thermal_ST,Storage,0.0
661,2038,reg1,Thermal_ST,Storage,0.0
662,2039,reg1,Thermal_ST,Storage,0.0
663,2040,reg1,Thermal_ST,Storage,0.0
664,2041,reg1,Thermal_ST,Storage,0.0
665,2042,reg1,Thermal_ST,Storage,0.0
666,2043,reg1,Thermal_ST,Storage,0.0
667,2044,reg1,Thermal_ST,Storage,0.0
668,2045,reg1,Thermal_ST,Storage,0.0
669,2046,reg1,Thermal_ST,Storage,0.0
670,2047,reg1,Thermal_ST,Storage,0.0
671,2048,reg1,Thermal_ST,Storage,0.0
672,2049,reg1,Thermal_ST,Storage,0.0
673,2050,reg1,Thermal_ST,Storage,0.0
674,2051,reg1,Thermal_ST,Storage,0.0
675,2052,reg1,Thermal_ST,Storage,0.0
676,2053,reg1,Thermal_ST,Storage,0.0
677,2054,reg1,Thermal_ST,Storage,0.0
678,2055,reg1,Thermal_ST,Storage,0.0
679,2056,reg1,Thermal_ST,Storage,0.0
680,2057,reg1,Thermal_ST,Storage,0.0
681,2058,reg1,Thermal_ST,Storage,0.0
682,2059,reg1,Thermal_ST,Storage,0.0
683,2060,reg1,Thermal_ST,Storage,0.0
684,2025,reg1,Thermal-H2_ST,Storage,0.0
685,2026,reg1,Thermal-H2_ST,Storage,0.0
686,2027,reg1,Thermal-H2_ST,Storage,0.0
687,2028,reg1,Thermal-H2_ST,Storage,0.0
688,2029,reg1,Thermal-H2_ST,Storage,0.0
689,2030,reg1,Thermal-H2_ST,Storage,0.0
690,2031,reg1,Thermal-H2_ST,Storage,0.0
691,2032,reg1,Thermal-H2_ST,Storage,0.0
692,2033,reg1,Thermal-H2_ST,Storage,0.0
693,2034,reg1,Thermal-H2_ST,Storage,0.0
694,2035,reg1,Thermal-H2_ST,Storage,0.0
695,2036,reg1,Thermal-H2_ST,Storage,0.0
696,2037,reg1,Thermal-H2_ST,Storage,0.0
697,2038,reg1,Thermal-H2_ST,Storage,0.0
698,2039,reg1,Thermal-H2_ST,Storage,0.0
699,2040,reg1,Thermal-H2_ST,Storage,0.0
700,2041,reg1,Thermal-H2_ST,Storage,0.0
701,2042,reg1,Thermal-H2_ST,Storage,0.0
702,2043,reg1,Thermal-H2_ST,Storage,0.0
703,2044,reg1,Thermal-H2_ST,Storage,0.0
704,2045,reg1,Thermal-H2_ST,Storage,0.0
705,2046,reg1,Thermal-H2_ST,Storage,0.0
706,2047,reg1,Thermal-H2_ST,Storage,0.0
707,2048,reg1,Thermal-H2_ST,Storage,0.0
708,2049,reg1,Thermal-H2_ST,Storage,0.0
709,2050,reg1,Thermal-H2_ST,Storage,0.0
710,2051,reg1,Thermal-H2_ST,Storage,0.0
711,2052,reg1,Thermal-H2_ST,Storage,0.0
712,2053,reg1,Thermal-H2_ST,Storage,0.0
713,2054,reg1,Thermal-H2_ST,Storage,0.0
714,2055,reg1,Thermal-H2_ST,Storage,0.0
715,2056,reg1,Thermal-H2_ST,Storage,0.0
716,2057,reg1,Thermal-H2_ST,Storage,0.0
717,2058,reg1,Thermal-H2_ST,Storage,0.0
718,2059,reg1,Thermal-H2_ST,Storage,0.0
719,2060,reg1,Thermal-H2_ST,Storage,0.0
720,2025,reg1,HTHP,Conversion,0.0
721,2026,reg1,HTHP,Conversion,0.0
722,2027,reg1,HTHP,Conversion,0.0
723,2028,reg1,HTHP,Conversion,0.013696106201167197
724,2029,reg1,HTHP,Conversion,1.0
725,2030,reg1,HTHP,Conversion,1.0
726,2031,reg1,HTHP,Conversion,1.0
727,2032,reg1,HTHP,Conversion,1.0
728,2033,reg1,HTHP,Conversion,1.0
729,2034,reg1,HTHP,Conversion,0.6322157380215885
730,2035,reg1,HTHP,Conversion,0.2192237421712964
731,2036,reg1,HTHP,Conversion,0.0
732,2037,reg1,HTHP,Conversion,0.0
733,2038,reg1,HTHP,Conversion,0.0
734,2039,reg1,HTHP,Conversion,0.0
735,2040,reg1,HTHP,Conversion,0.0
736,2041,reg1,HTHP,Conversion,0.48558286092909214
737,2042,reg1,HTHP,Conversion,0.0
738,2043,reg1,HTHP,Conversion,0.0
739,2044,reg1,HTHP,Conversion,0.5282662683801543
740,2045,reg1,HTHP,Conversion,0.14884094047087837
741,2046,reg1,HTHP,Conversion,0.06012607772014036
742,2047,reg1,HTHP,Conversion,0.052145161766354135
743,2048,reg1,HTHP,Conversion,0.05786035201372256
744,2049,reg1,HTHP,Conversion,0.8618432203581725
745,2050,reg1,HTHP,Conversion,1.0
746,2051,reg1,HTHP,Conversion,0.9482215617365742
747,2052,reg1,HTHP,Conversion,1.0
748,2053,reg1,HTHP,Conversion,0.22014598093584162
749,2054,reg1,HTHP,Conversion,0.0
750,2055,reg1,HTHP,Conversion,0.0
751,2056,reg1,HTHP,Conversion,0.0
752,2057,reg1,HTHP,Conversion,0.0
753,2058,reg1,HTHP,Conversion,0.0
754,2059,reg1,HTHP,Conversion,0.0
755,2060,reg1,HTHP,Conversion,0.0
756,2025,reg1,SMR,Conversion,0.0
757,2026,reg1,SMR,Conversion,0.23715914050082257
758,2027,reg1,SMR,Conversion,0.23103733373551044
759,2028,reg1,SMR,Conversion,0.224915526970198
760,2029,reg1,SMR,Conversion,0.21879372020488616
761,2030,reg1,SMR,Conversion,0.2106261634395551
762,2031,reg1,SMR,Conversion,0.029112956391119722
763,2032,reg1,SMR,Conversion,0.028453853698149706
764,2033,reg1,SMR,Conversion,0.02779475100519838
765,2034,reg1,SMR,Conversion,0.02713564831224736
766,2035,reg1,SMR,Conversion,0.026476545618800796
767,2036,reg1,SMR,Conversion,0.025817442926839792
768,2037,reg1,SMR,Conversion,0.025158340232037082
769,2038,reg1,SMR,Conversion,0.02449923754179773
770,2039,reg1,SMR,Conversion,0.0
771,2040,reg1,SMR,Conversion,0.0
772,2041,reg1,SMR,Conversion,0.0
773,2042,reg1,SMR,Conversion,0.0
774,2043,reg1,SMR,Conversion,0.0
775,2044,reg1,SMR,Conversion,0.0
776,2045,reg1,SMR,Conversion,0.0
777,2046,reg1,SMR,Conversion,0.0
778,2047,reg1,SMR,Conversion,0.0
779,2048,reg1,SMR,Conversion,0.0
780,2049,reg1,SMR,Conversion,0.0
781,2050,reg1,SMR,Conversion,0.0
782,2051,reg1,SMR,Conversion,0.0
783,2052,reg1,SMR,Conversion,0.0
784,2053,reg1,SMR,Conversion,0.0
785,2054,reg1,SMR,Conversion,0.0
786,2055,reg1,SMR,Conversion,0.0
787,2056,reg1,SMR,Conversion,0.0
788,2057,reg1,SMR,Conversion,0.1514120640338486
789,2058,reg1,SMR,Conversion,0.22491552696926412
790,2059,reg1,SMR,Conversion,0.25026764408539
791,2060,reg1,SMR,Conversion,0.2106261634395551
792,2025,reg1,SMR_CCS,Conversion,0.0
793,2026,reg1,SMR_CCS,Conversion,0.0
794,2027,reg1,SMR_CCS,Conversion,0.0
795,2028,reg1,SMR_CCS,Conversion,0.0
796,2029,reg1,SMR_CCS,Conversion,0.0
797,2030,reg1,SMR_CCS,Conversion,0.0
798,2031,reg1,SMR_CCS,Conversion,0.0
799,2032,reg1,SMR_CCS,Conversion,0.0
800,2033,reg1,SMR_CCS,Conversion,0.0
801,2034,reg1,SMR_CCS,Conversion,0.0
802,2035,reg1,SMR_CCS,Conversion,0.0
803,2036,reg1,SMR_CCS,Conversion,0.0
804,2037,reg1,SMR_CCS,Conversion,0.0
805,2038,reg1,SMR_CCS,Conversion,0.0
806,2039,reg1,SMR_CCS,Conversion,0.0
807,2040,reg1,SMR_CCS,Conversion,0.0
808,2041,reg1,SMR_CCS,Conversion,0.0
809,2042,reg1,SMR_CCS,Conversion,0.0
810,2043,reg1,SMR_CCS,Conversion,0.0
811,2044,reg1,SMR_CCS,Conversion,0.0
812,2045,reg1,SMR_CCS,Conversion,0.0
813,2046,reg1,SMR_CCS,Conversion,0.0
814,2047,reg1,SMR_CCS,Conversion,0.0
815,2048,reg1,SMR_CCS,Conversion,0.0
816,2049,reg1,SMR_CCS,Conversion,0.0
817,2050,reg1,SMR_CCS,Conversion,0.0
818,2051,reg1,SMR_CCS,Conversion,0.0
819,2052,reg1,SMR_CCS,Conversion,0.0
820,2053,reg1,SMR_CCS,Conversion,0.0
821,2054,reg1,SMR_CCS,Conversion,0.0
822,2055,reg1,SMR_CCS,Conversion,0.0
823,2056,reg1,SMR_CCS,Conversion,0.0
824,2057,reg1,SMR_CCS,Conversion,0.0
825,2058,reg1,SMR_CCS,Conversion,0.0
826,2059,reg1,SMR_CCS,Conversion,0.0
827,2060,reg1,SMR_CCS,Conversion,0.0
828,2025,reg1,Electrolysis_PEM,Conversion,0.0
829,2026,reg1,Electrolysis_PEM,Conversion,0.0
830,2027,reg1,Electrolysis_PEM,Conversion,0.0
831,2028,reg1,Electrolysis_PEM,Conversion,0.0
832,2029,reg1,Electrolysis_PEM,Conversion,0.0
833,2030,reg1,Electrolysis_PEM,Conversion,0.0
834,2031,reg1,Electrolysis_PEM,Conversion,0.0
835,2032,reg1,Electrolysis_PEM,Conversion,0.0
836,2033,reg1,Electrolysis_PEM,Conversion,0.0
837,2034,reg1,Electrolysis_PEM,Conversion,0.0
838,2035,reg1,Electrolysis_PEM,Conversion,0.0
839,2036,reg1,Electrolysis_PEM,Conversion,0.0
840,2037,reg1,Electrolysis_PEM,Conversion,0.0
841,2038,reg1,Electrolysis_PEM,Conversion,0.0
842,2039,reg1,Electrolysis_PEM,Conversion,0.069
843,2040,reg1,Electrolysis_PEM,Conversion,0.0
844,2041,reg1,Electrolysis_PEM,Conversion,0.0
845,2042,reg1,Electrolysis_PEM,Conversion,0.0
846,2043,reg1,Electrolysis_PEM,Conversion,0.0
847,2044,reg1,Electrolysis_PEM,Conversion,0.0
848,2045,reg1,Electrolysis_PEM,Conversion,0.0
849,2046,reg1,Electrolysis_PEM,Conversion,0.0
850,2047,reg1,Electrolysis_PEM,Conversion,0.0
851,2048,reg1,Electrolysis_PEM,Conversion,0.0
852,2049,reg1,Electrolysis_PEM,Conversion,0.0
853,2050,reg1,Electrolysis_PEM,Conversion,0.0
854,2051,reg1,Electrolysis_PEM,Conversion,0.0
855,2052,reg1,Electrolysis_PEM,Conversion,0.0
856,2053,reg1,Electrolysis_PEM,Conversion,0.0
857,2054,reg1,Electrolysis_PEM,Conversion,0.0
858,2055,reg1,Electrolysis_PEM,Conversion,0.0
859,2056,reg1,Electrolysis_PEM,Conversion,0.0
860,2057,reg1,Electrolysis_PEM,Conversion,0.0
861,2058,reg1,Electrolysis_PEM,Conversion,0.0
862,2059,reg1,Electrolysis_PEM,Conversion,0.0
863,2060,reg1,Electrolysis_PEM,Conversion,0.0
864,2025,reg1,SFF_PP,Conversion,0.0
865,2026,reg1,SFF_PP,Conversion,0.0
866,2027,reg1,SFF_PP,Conversion,0.0
867,2028,reg1,SFF_PP,Conversion,0.0
868,2029,reg1,SFF_PP,Conversion,0.0
869,2030,reg1,SFF_PP,Conversion,0.0
870,2031,reg1,SFF_PP,Conversion,0.0
871,2032,reg1,SFF_PP,Conversion,0.0
872,2033,reg1,SFF_PP,Conversion,0.0
873,2034,reg1,SFF_PP,Conversion,0.0
874,2035,reg1,SFF_PP,Conversion,0.0
875,2036,reg1,SFF_PP,Conversion,0.0
876,2037,reg1,SFF_PP,Conversion,0.0
877,2038,reg1,SFF_PP,Conversion,0.0
878,2039,reg1,SFF_PP,Conversion,0.0
879,2040,reg1,SFF_PP,Conversion,0.0
880,2041,reg1,SFF_PP,Conversion,0.0
881,2042,reg1,SFF_PP,Conversion,0.0
882,2043,reg1,SFF_PP,Conversion,0.0
883,2044,reg1,SFF_PP,Conversion,0.0
884,2045,reg1,SFF_PP,Conversion,0.0
885,2046,reg1,SFF_PP,Conversion,0.0
886,2047,reg1,SFF_PP,Conversion,0.0
887,2048,reg1,SFF_PP,Conversion,0.0
888,2049,reg1,SFF_PP,Conversion,0.0
889,2050,reg1,SFF_PP,Conversion,0.0
890,2051,reg1,SFF_PP,Conversion,0.0
891,2052,reg1,SFF_PP,Conversion,0.0
892,2053,reg1,SFF_PP,Conversion,0.0
893,2054,reg1,SFF_PP,Conversion,0.0
894,2055,reg1,SFF_PP,Conversion,0.0
895,2056,reg1,SFF_PP,Conversion,0.0
896,2057,reg1,SFF_PP,Conversion,0.0
897,2058,reg1,SFF_PP,Conversion,0.0
898,2059,reg1,SFF_PP,Conversion,0.0
899,2060,reg1,SFF_PP,Conversion,0.0
900,2025,reg1,Nuc_SMR_PP,Conversion,0.0
901,2026,reg1,Nuc_SMR_PP,Conversion,0.0
902,2027,reg1,Nuc_SMR_PP,Conversion,0.0
903,2028,reg1,Nuc_SMR_PP,Conversion,0.0
904,2029,reg1,Nuc_SMR_PP,Conversion,0.0
905,2030,reg1,Nuc_SMR_PP,Conversion,0.0
906,2031,reg1,Nuc_SMR_PP,Conversion,0.0
907,2032,reg1,Nuc_SMR_PP,Conversion,0.0
908,2033,reg1,Nuc_SMR_PP,Conversion,0.0
909,2034,reg1,Nuc_SMR_PP,Conversion,0.0
910,2035,reg1,Nuc_SMR_PP,Conversion,0.0
911,2036,reg1,Nuc_SMR_PP,Conversion,0.0
912,2037,reg1,Nuc_SMR_PP,Conversion,0.0
913,2038,reg1,Nuc_SMR_PP,Conversion,0.0
914,2039,reg1,Nuc_SMR_PP,Conversion,0.0
915,2040,reg1,Nuc_SMR_PP,Conversion,0.0
916,2041,reg1,Nuc_SMR_PP,Conversion,0.0
917,2042,reg1,Nuc_SMR_PP,Conversion,0.0
918,2043,reg1,Nuc_SMR_PP,Conversion,0.0
919,2044,reg1,Nuc_SMR_PP,Conversion,0.0
920,2045,reg1,Nuc_SMR_PP,Conversion,0.0
921,2046,reg1,Nuc_SMR_PP,Conversion,0.0
922,2047,reg1,Nuc_SMR_PP,Conversion,0.0
923,2048,reg1,Nuc_SMR_PP,Conversion,0.0
924,2049,reg1,Nuc_SMR_PP,Conversion,0.0
925,2050,reg1,Nuc_SMR_PP,Conversion,0.0
926,2051,reg1,Nuc_SMR_PP,Conversion,0.0
927,2052,reg1,Nuc_SMR_PP,Conversion,0.0
928,2053,reg1,Nuc_SMR_PP,Conversion,0.0
929,2054,reg1,Nuc_SMR_PP,Conversion,0.0
930,2055,reg1,Nuc_SMR_PP,Conversion,0.0
931,2056,reg1,Nuc_SMR_PP,Conversion,0.0
932,2057,reg1,Nuc_SMR_PP,Conversion,0.0
933,2058,reg1,Nuc_SMR_PP,Conversion,0.0
934,2059,reg1,Nuc_SMR_PP,Conversion,0.0
935,2060,reg1,Nuc_SMR_PP,Conversion,0.0
936,2025,reg1,Nuc_G3+_PP,Conversion,0.0
937,2026,reg1,Nuc_G3+_PP,Conversion,0.0
938,2027,reg1,Nuc_G3+_PP,Conversion,0.0
939,2028,reg1,Nuc_G3+_PP,Conversion,0.0
940,2029,reg1,Nuc_G3+_PP,Conversion,0.0
941,2030,reg1,Nuc_G3+_PP,Conversion,0.0
942,2031,reg1,Nuc_G3+_PP,Conversion,0.0
943,2032,reg1,Nuc_G3+_PP,Conversion,0.0
944,2033,reg1,Nuc_G3+_PP,Conversion,0.0
945,2034,reg1,Nuc_G3+_PP,Conversion,0.0
946,2035,reg1,Nuc_G3+_PP,Conversion,0.0
947,2036,reg1,Nuc_G3+_PP,Conversion,0.0
948,2037,reg1,Nuc_G3+_PP,Conversion,0.0
949,2038,reg1,Nuc_G3+_PP,Conversion,0.0
950,2039,reg1,Nuc_G3+_PP,Conversion,0.0
951,2040,reg1,Nuc_G3+_PP,Conversion,0.0
952,2041,reg1,Nuc_G3+_PP,Conversion,0.0
953,2042,reg1,Nuc_G3+_PP,Conversion,0.0
954,2043,reg1,Nuc_G3+_PP,Conversion,0.0
955,2044,reg1,Nuc_G3+_PP,Conversion,0.0
956,2045,reg1,Nuc_G3+_PP,Conversion,0.0
957,2046,reg1,Nuc_G3+_PP,Conversion,0.0
958,2047,reg1,Nuc_G3+_PP,Conversion,0.0
959,2048,reg1,Nuc_G3+_PP,Conversion,0.0
960,2049,reg1,Nuc_G3+_PP,Conversion,0.0
961,2050,reg1,Nuc_G3+_PP,Conversion,0.0
962,2051,reg1,Nuc_G3+_PP,Conversion,0.0
963,2052,reg1,Nuc_G3+_PP,Conversion,0.0
964,2053,reg1,Nuc_G3+_PP,Conversion,0.0
965,2054,reg1,Nuc_G3+_PP,Conversion,0.0
966,2055,reg1,Nuc_G3+_PP,Conversion,0.0
967,2056,reg1,Nuc_G3+_PP,Conversion,0.0
968,2057,reg1,Nuc_G3+_PP,Conversion,0.0
969,2058,reg1,Nuc_G3+_PP,Conversion,0.0
970,2059,reg1,Nuc_G3+_PP,Conversion,0.0
971,2060,reg1,Nuc_G3+_PP,Conversion,0.0
972,2025,reg1,Nuc_SMR_CHP,Conversion,0.0
973,2026,reg1,Nuc_SMR_CHP,Conversion,0.0
974,2027,reg1,Nuc_SMR_CHP,Conversion,0.0
975,2028,reg1,Nuc_SMR_CHP,Conversion,0.0
976,2029,reg1,Nuc_SMR_CHP,Conversion,0.0
977,2030,reg1,Nuc_SMR_CHP,Conversion,0.0
978,2031,reg1,Nuc_SMR_CHP,Conversion,0.0
979,2032,reg1,Nuc_SMR_CHP,Conversion,0.0
980,2033,reg1,Nuc_SMR_CHP,Conversion,0.0
981,2034,reg1,Nuc_SMR_CHP,Conversion,0.0
982,2035,reg1,Nuc_SMR_CHP,Conversion,0.0
983,2036,reg1,Nuc_SMR_CHP,Conversion,0.0
984,2037,reg1,Nuc_SMR_CHP,Conversion,0.0
985,2038,reg1,Nuc_SMR_CHP,Conversion,0.0
986,2039,reg1,Nuc_SMR_CHP,Conversion,0.0
987,2040,reg1,Nuc_SMR_CHP,Conversion,0.0
988,2041,reg1,Nuc_SMR_CHP,Conversion,0.0
989,2042,reg1,Nuc_SMR_CHP,Conversion,0.0
990,2043,reg1,Nuc_SMR_CHP,Conversion,0.0
991,2044,reg1,Nuc_SMR_CHP,Conversion,0.0
992,2045,reg1,Nuc_SMR_CHP,Conversion,0.0
993,2046,reg1,Nuc_SMR_CHP,Conversion,0.0
994,2047,reg1,Nuc_SMR_CHP,Conversion,0.0
995,2048,reg1,Nuc_SMR_CHP,Conversion,0.0
996,2049,reg1,Nuc_SMR_CHP,Conversion,0.0
997,2050,reg1,Nuc_SMR_CHP,Conversion,0.0
998,2051,reg1,Nuc_SMR_CHP,Conversion,0.0
999,2052,reg1,Nuc_SMR_CHP,Conversion,0.0
1000,2053,reg1,Nuc_SMR_CHP,Conversion,0.0
1001,2054,reg1,Nuc_SMR_CHP,Conversion,0.0
1002,2055,reg1,Nuc_SMR_CHP,Conversion,0.0
1003,2056,reg1,Nuc_SMR_CHP,Conversion,0.0
1004,2057,reg1,Nuc_SMR_CHP,Conversion,0.0
1005,2058,reg1,Nuc_SMR_CHP,Conversion,0.0
1006,2059,reg1,Nuc_SMR_CHP,Conversion,0.0
1007,2060,reg1,Nuc_SMR_CHP,Conversion,0.0
1008,2025,reg1,Nuc_SMR_Power-CHP,Conversion,0.0
1009,2026,reg1,Nuc_SMR_Power-CHP,Conversion,0.0
1010,2027,reg1,Nuc_SMR_Power-CHP,Conversion,0.0
1011,2028,reg1,Nuc_SMR_Power-CHP,Conversion,0.0
1012,2029,reg1,Nuc_SMR_Power-CHP,Conversion,0.0
1013,2030,reg1,Nuc_SMR_Power-CHP,Conversion,0.0
1014,2031,reg1,Nuc_SMR_Power-CHP,Conversion,0.0
1015,2032,reg1,Nuc_SMR_Power-CHP,Conversion,0.0
1016,2033,reg1,Nuc_SMR_Power-CHP,Conversion,0.0
1017,2034,reg1,Nuc_SMR_Power-CHP,Conversion,0.0
1018,2035,reg1,Nuc_SMR_Power-CHP,Conversion,0.0
1019,2036,reg1,Nuc_SMR_Power-CHP,Conversion,0.0
1020,2037,reg1,Nuc_SMR_Power-CHP,Conversion,0.0
1021,2038,reg1,Nuc_SMR_Power-CHP,Conversion,0.0
1022,2039,reg1,Nuc_SMR_Power-CHP,Conversion,0.0
1023,2040,reg1,Nuc_SMR_Power-CHP,Conversion,0.0
1024,2041,reg1,Nuc_SMR_Power-CHP,Conversion,0.0
1025,2042,reg1,Nuc_SMR_Power-CHP,Conversion,0.0
1026,2043,reg1,Nuc_SMR_Power-CHP,Conversion,0.0
1027,2044,reg1,Nuc_SMR_Power-CHP,Conversion,0.0
1028,2045,reg1,Nuc_SMR_Power-CHP,Conversion,0.0
1029,2046,reg1,Nuc_SMR_Power-CHP,Conversion,0.0
1030,2047,reg1,Nuc_SMR_Power-CHP,Conversion,0.0
1031,2048,reg1,Nuc_SMR_Power-CHP,Conversion,0.0
1032,2049,reg1,Nuc_SMR_Power-CHP,Conversion,0.0
1033,2050,reg1,Nuc_SMR_Power-CHP,Conversion,0.0
1034,2051,reg1,Nuc_SMR_Power-CHP,Conversion,0.0
1035,2052,reg1,Nuc_SMR_Power-CHP,Conversion,0.0
1036,2053,reg1,Nuc_SMR_Power-CHP,Conversion,0.0
1037,2054,reg1,Nuc_SMR_Power-CHP,Conversion,0.0
1038,2055,reg1,Nuc_SMR_Power-CHP,Conversion,0.0
1039,2056,reg1,Nuc_SMR_Power-CHP,Conversion,0.0
1040,2057,reg1,Nuc_SMR_Power-CHP,Conversion,0.0
1041,2058,reg1,Nuc_SMR_Power-CHP,Conversion,0.0
1042,2059,reg1,Nuc_SMR_Power-CHP,Conversion,0.0
1043,2060,reg1,Nuc_SMR_Power-CHP,Conversion,0.0
1044,2025,reg1,Nuc_SMR_Heat-CHP,Conversion,0.0
1045,2026,reg1,Nuc_SMR_Heat-CHP,Conversion,0.0
1046,2027,reg1,Nuc_SMR_Heat-CHP,Conversion,0.0
1047,2028,reg1,Nuc_SMR_Heat-CHP,Conversion,0.0
1048,2029,reg1,Nuc_SMR_Heat-CHP,Conversion,0.0
1049,2030,reg1,Nuc_SMR_Heat-CHP,Conversion,0.0
1050,2031,reg1,Nuc_SMR_Heat-CHP,Conversion,0.0
1051,2032,reg1,Nuc_SMR_Heat-CHP,Conversion,0.0
1052,2033,reg1,Nuc_SMR_Heat-CHP,Conversion,0.0
1053,2034,reg1,Nuc_SMR_Heat-CHP,Conversion,0.0
1054,2035,reg1,Nuc_SMR_Heat-CHP,Conversion,0.0
1055,2036,reg1,Nuc_SMR_Heat-CHP,Conversion,0.0
1056,2037,reg1,Nuc_SMR_Heat-CHP,Conversion,0.0
1057,2038,reg1,Nuc_SMR_Heat-CHP,Conversion,0.0
1058,2039,reg1,Nuc_SMR_Heat-CHP,Conversion,0.0
1059,2040,reg1,Nuc_SMR_Heat-CHP,Conversion,0.0
1060,2041,reg1,Nuc_SMR_Heat-CHP,Conversion,0.0
1061,2042,reg1,Nuc_SMR_Heat-CHP,Conversion,0.0
1062,2043,reg1,Nuc_SMR_Heat-CHP,Conversion,0.0
1063,2044,reg1,Nuc_SMR_Heat-CHP,Conversion,0.0
1064,2045,reg1,Nuc_SMR_Heat-CHP,Conversion,0.0
1065,2046,reg1,Nuc_SMR_Heat-CHP,Conversion,0.0
1066,2047,reg1,Nuc_SMR_Heat-CHP,Conversion,0.0
1067,2048,reg1,Nuc_SMR_Heat-CHP,Conversion,0.0
1068,2049,reg1,Nuc_SMR_Heat-CHP,Conversion,0.0
1069,2050,reg1,Nuc_SMR_Heat-CHP,Conversion,0.0
1070,2051,reg1,Nuc_SMR_Heat-CHP,Conversion,0.0
1071,2052,reg1,Nuc_SMR_Heat-CHP,Conversion,0.0
1072,2053,reg1,Nuc_SMR_Heat-CHP,Conversion,0.0
1073,2054,reg1,Nuc_SMR_Heat-CHP,Conversion,0.0
1074,2055,reg1,Nuc_SMR_Heat-CHP,Conversion,0.0
1075,2056,reg1,Nuc_SMR_Heat-CHP,Conversion,0.0
1076,2057,reg1,Nuc_SMR_Heat-CHP,Conversion,0.0
1077,2058,reg1,Nuc_SMR_Heat-CHP,Conversion,0.0
1078,2059,reg1,Nuc_SMR_Heat-CHP,Conversion,0.0
1079,2060,reg1,Nuc_SMR_Heat-CHP,Conversion,0.0
1080,2025,reg1,Nuc_SMR-H2_CHP,Conversion,0.0
1081,2026,reg1,Nuc_SMR-H2_CHP,Conversion,0.0
1082,2027,reg1,Nuc_SMR-H2_CHP,Conversion,0.0
1083,2028,reg1,Nuc_SMR-H2_CHP,Conversion,0.0
1084,2029,reg1,Nuc_SMR-H2_CHP,Conversion,0.0
1085,2030,reg1,Nuc_SMR-H2_CHP,Conversion,0.0
1086,2031,reg1,Nuc_SMR-H2_CHP,Conversion,0.0
1087,2032,reg1,Nuc_SMR-H2_CHP,Conversion,0.0
1088,2033,reg1,Nuc_SMR-H2_CHP,Conversion,0.0
1089,2034,reg1,Nuc_SMR-H2_CHP,Conversion,0.0
1090,2035,reg1,Nuc_SMR-H2_CHP,Conversion,0.0
1091,2036,reg1,Nuc_SMR-H2_CHP,Conversion,0.0
1092,2037,reg1,Nuc_SMR-H2_CHP,Conversion,0.0
1093,2038,reg1,Nuc_SMR-H2_CHP,Conversion,0.0
1094,2039,reg1,Nuc_SMR-H2_CHP,Conversion,0.0
1095,2040,reg1,Nuc_SMR-H2_CHP,Conversion,0.0
1096,2041,reg1,Nuc_SMR-H2_CHP,Conversion,0.0
1097,2042,reg1,Nuc_SMR-H2_CHP,Conversion,0.0
1098,2043,reg1,Nuc_SMR-H2_CHP,Conversion,0.0
1099,2044,reg1,Nuc_SMR-H2_CHP,Conversion,0.0
1100,2045,reg1,Nuc_SMR-H2_CHP,Conversion,0.0
1101,2046,reg1,Nuc_SMR-H2_CHP,Conversion,0.0
1102,2047,reg1,Nuc_SMR-H2_CHP,Conversion,0.0
1103,2048,reg1,Nuc_SMR-H2_CHP,Conversion,0.0
1104,2049,reg1,Nuc_SMR-H2_CHP,Conversion,0.0
1105,2050,reg1,Nuc_SMR-H2_CHP,Conversion,0.0
1106,2051,reg1,Nuc_SMR-H2_CHP,Conversion,0.0
1107,2052,reg1,Nuc_SMR-H2_CHP,Conversion,0.0
1108,2053,reg1,Nuc_SMR-H2_CHP,Conversion,0.0
1109,2054,reg1,Nuc_SMR-H2_CHP,Conversion,0.0
1110,2055,reg1,Nuc_SMR-H2_CHP,Conversion,0.0
1111,2056,reg1,Nuc_SMR-H2_CHP,Conversion,0.0
1112,2057,reg1,Nuc_SMR-H2_CHP,Conversion,0.0
1113,2058,reg1,Nuc_SMR-H2_CHP,Conversion,0.0
1114,2059,reg1,Nuc_SMR-H2_CHP,Conversion,0.0
1115,2060,reg1,Nuc_SMR-H2_CHP,Conversion,0.0
1116,2025,reg1,Nuc_SMR-H2_Power-CHP,Conversion,0.0
1117,2026,reg1,Nuc_SMR-H2_Power-CHP,Conversion,0.0
1118,2027,reg1,Nuc_SMR-H2_Power-CHP,Conversion,0.0
1119,2028,reg1,Nuc_SMR-H2_Power-CHP,Conversion,0.0
1120,2029,reg1,Nuc_SMR-H2_Power-CHP,Conversion,0.0
1121,2030,reg1,Nuc_SMR-H2_Power-CHP,Conversion,0.0
1122,2031,reg1,Nuc_SMR-H2_Power-CHP,Conversion,0.0
1123,2032,reg1,Nuc_SMR-H2_Power-CHP,Conversion,0.0
1124,2033,reg1,Nuc_SMR-H2_Power-CHP,Conversion,0.0
1125,2034,reg1,Nuc_SMR-H2_Power-CHP,Conversion,0.0
1126,2035,reg1,Nuc_SMR-H2_Power-CHP,Conversion,0.0
1127,2036,reg1,Nuc_SMR-H2_Power-CHP,Conversion,0.0
1128,2037,reg1,Nuc_SMR-H2_Power-CHP,Conversion,0.0
1129,2038,reg1,Nuc_SMR-H2_Power-CHP,Conversion,0.0
1130,2039,reg1,Nuc_SMR-H2_Power-CHP,Conversion,0.0
1131,2040,reg1,Nuc_SMR-H2_Power-CHP,Conversion,0.0
1132,2041,reg1,Nuc_SMR-H2_Power-CHP,Conversion,0.0
1133,2042,reg1,Nuc_SMR-H2_Power-CHP,Conversion,0.0
1134,2043,reg1,Nuc_SMR-H2_Power-CHP,Conversion,0.0
1135,2044,reg1,Nuc_SMR-H2_Power-CHP,Conversion,0.0
1136,2045,reg1,Nuc_SMR-H2_Power-CHP,Conversion,0.0
1137,2046,reg1,Nuc_SMR-H2_Power-CHP,Conversion,0.0
1138,2047,reg1,Nuc_SMR-H2_Power-CHP,Conversion,0.0
1139,2048,reg1,Nuc_SMR-H2_Power-CHP,Conversion,0.0
1140,2049,reg1,Nuc_SMR-H2_Power-CHP,Conversion,0.0
1141,2050,reg1,Nuc_SMR-H2_Power-CHP,Conversion,0.0
1142,2051,reg1,Nuc_SMR-H2_Power-CHP,Conversion,0.0
1143,2052,reg1,Nuc_SMR-H2_Power-CHP,Conversion,0.0
1144,2053,reg1,Nuc_SMR-H2_Power-CHP,Conversion,0.0
1145,2054,reg1,Nuc_SMR-H2_Power-CHP,Conversion,0.0
1146,2055,reg1,Nuc_SMR-H2_Power-CHP,Conversion,0.0
1147,2056,reg1,Nuc_SMR-H2_Power-CHP,Conversion,0.0
1148,2057,reg1,Nuc_SMR-H2_Power-CHP,Conversion,0.0
1149,2058,reg1,Nuc_SMR-H2_Power-CHP,Conversion,0.0
1150,2059,reg1,Nuc_SMR-H2_Power-CHP,Conversion,0.0
1151,2060,reg1,Nuc_SMR-H2_Power-CHP,Conversion,0.0
1152,2025,reg1,Nuc_SMR-H2_Heat-CHP,Conversion,0.0
1153,2026,reg1,Nuc_SMR-H2_Heat-CHP,Conversion,0.0
1154,2027,reg1,Nuc_SMR-H2_Heat-CHP,Conversion,0.0
1155,2028,reg1,Nuc_SMR-H2_Heat-CHP,Conversion,0.0
1156,2029,reg1,Nuc_SMR-H2_Heat-CHP,Conversion,0.0
1157,2030,reg1,Nuc_SMR-H2_Heat-CHP,Conversion,0.0
1158,2031,reg1,Nuc_SMR-H2_Heat-CHP,Conversion,0.0
1159,2032,reg1,Nuc_SMR-H2_Heat-CHP,Conversion,0.0
1160,2033,reg1,Nuc_SMR-H2_Heat-CHP,Conversion,0.0
1161,2034,reg1,Nuc_SMR-H2_Heat-CHP,Conversion,0.0
1162,2035,reg1,Nuc_SMR-H2_Heat-CHP,Conversion,0.0
1163,2036,reg1,Nuc_SMR-H2_Heat-CHP,Conversion,0.0
1164,2037,reg1,Nuc_SMR-H2_Heat-CHP,Conversion,0.0
1165,2038,reg1,Nuc_SMR-H2_Heat-CHP,Conversion,0.0
1166,2039,reg1,Nuc_SMR-H2_Heat-CHP,Conversion,0.0
1167,2040,reg1,Nuc_SMR-H2_Heat-CHP,Conversion,0.0
1168,2041,reg1,Nuc_SMR-H2_Heat-CHP,Conversion,0.0
1169,2042,reg1,Nuc_SMR-H2_Heat-CHP,Conversion,0.0
1170,2043,reg1,Nuc_SMR-H2_Heat-CHP,Conversion,0.0
1171,2044,reg1,Nuc_SMR-H2_Heat-CHP,Conversion,0.0
1172,2045,reg1,Nuc_SMR-H2_Heat-CHP,Conversion,0.0
1173,2046,reg1,Nuc_SMR-H2_Heat-CHP,Conversion,0.0
1174,2047,reg1,Nuc_SMR-H2_Heat-CHP,Conversion,0.0
1175,2048,reg1,Nuc_SMR-H2_Heat-CHP,Conversion,0.0
1176,2049,reg1,Nuc_SMR-H2_Heat-CHP,Conversion,0.0
1177,2050,reg1,Nuc_SMR-H2_Heat-CHP,Conversion,0.0
1178,2051,reg1,Nuc_SMR-H2_Heat-CHP,Conversion,0.0
1179,2052,reg1,Nuc_SMR-H2_Heat-CHP,Conversion,0.0
1180,2053,reg1,Nuc_SMR-H2_Heat-CHP,Conversion,0.0
1181,2054,reg1,Nuc_SMR-H2_Heat-CHP,Conversion,0.0
1182,2055,reg1,Nuc_SMR-H2_Heat-CHP,Conversion,0.0
1183,2056,reg1,Nuc_SMR-H2_Heat-CHP,Conversion,0.0
1184,2057,reg1,Nuc_SMR-H2_Heat-CHP,Conversion,0.0
1185,2058,reg1,Nuc_SMR-H2_Heat-CHP,Conversion,0.0
1186,2059,reg1,Nuc_SMR-H2_Heat-CHP,Conversion,0.0
1187,2060,reg1,Nuc_SMR-H2_Heat-CHP,Conversion,0.0
1188,2025,reg1,NGCC-CCS_CHP,Conversion,0.0
1189,2026,reg1,NGCC-CCS_CHP,Conversion,0.0
1190,2027,reg1,NGCC-CCS_CHP,Conversion,0.0
1191,2028,reg1,NGCC-CCS_CHP,Conversion,0.0
1192,2029,reg1,NGCC-CCS_CHP,Conversion,0.0
1193,2030,reg1,NGCC-CCS_CHP,Conversion,0.0
1194,2031,reg1,NGCC-CCS_CHP,Conversion,0.0
1195,2032,reg1,NGCC-CCS_CHP,Conversion,0.0
1196,2033,reg1,NGCC-CCS_CHP,Conversion,0.0
1197,2034,reg1,NGCC-CCS_CHP,Conversion,0.0
1198,2035,reg1,NGCC-CCS_CHP,Conversion,0.0
1199,2036,reg1,NGCC-CCS_CHP,Conversion,0.0
1200,2037,reg1,NGCC-CCS_CHP,Conversion,0.0
1201,2038,reg1,NGCC-CCS_CHP,Conversion,0.0
1202,2039,reg1,NGCC-CCS_CHP,Conversion,0.0
1203,2040,reg1,NGCC-CCS_CHP,Conversion,0.0
1204,2041,reg1,NGCC-CCS_CHP,Conversion,0.0
1205,2042,reg1,NGCC-CCS_CHP,Conversion,0.0
1206,2043,reg1,NGCC-CCS_CHP,Conversion,0.0
1207,2044,reg1,NGCC-CCS_CHP,Conversion,0.0
1208,2045,reg1,NGCC-CCS_CHP,Conversion,0.0
1209,2046,reg1,NGCC-CCS_CHP,Conversion,0.0
1210,2047,reg1,NGCC-CCS_CHP,Conversion,0.0
1211,2048,reg1,NGCC-CCS_CHP,Conversion,0.0
1212,2049,reg1,NGCC-CCS_CHP,Conversion,0.0
1213,2050,reg1,NGCC-CCS_CHP,Conversion,0.0
1214,2051,reg1,NGCC-CCS_CHP,Conversion,0.0
1215,2052,reg1,NGCC-CCS_CHP,Conversion,0.0
1216,2053,reg1,NGCC-CCS_CHP,Conversion,0.0
1217,2054,reg1,NGCC-CCS_CHP,Conversion,0.0
1218,2055,reg1,NGCC-CCS_CHP,Conversion,0.0
1219,2056,reg1,NGCC-CCS_CHP,Conversion,0.0
1220,2057,reg1,NGCC-CCS_CHP,Conversion,0.0
1221,2058,reg1,NGCC-CCS_CHP,Conversion,0.0
1222,2059,reg1,NGCC-CCS_CHP,Conversion,0.0
1223,2060,reg1,NGCC-CCS_CHP,Conversion,0.0
1224,2025,reg1,NGCC-CCS_Power-CHP,Conversion,0.0
1225,2026,reg1,NGCC-CCS_Power-CHP,Conversion,0.0
1226,2027,reg1,NGCC-CCS_Power-CHP,Conversion,0.0
1227,2028,reg1,NGCC-CCS_Power-CHP,Conversion,0.0
1228,2029,reg1,NGCC-CCS_Power-CHP,Conversion,0.0
1229,2030,reg1,NGCC-CCS_Power-CHP,Conversion,0.0
1230,2031,reg1,NGCC-CCS_Power-CHP,Conversion,0.0
1231,2032,reg1,NGCC-CCS_Power-CHP,Conversion,0.0
1232,2033,reg1,NGCC-CCS_Power-CHP,Conversion,0.0
1233,2034,reg1,NGCC-CCS_Power-CHP,Conversion,0.0
1234,2035,reg1,NGCC-CCS_Power-CHP,Conversion,0.0
1235,2036,reg1,NGCC-CCS_Power-CHP,Conversion,0.0
1236,2037,reg1,NGCC-CCS_Power-CHP,Conversion,0.0
1237,2038,reg1,NGCC-CCS_Power-CHP,Conversion,0.0
1238,2039,reg1,NGCC-CCS_Power-CHP,Conversion,0.0
1239,2040,reg1,NGCC-CCS_Power-CHP,Conversion,0.0
1240,2041,reg1,NGCC-CCS_Power-CHP,Conversion,0.0
1241,2042,reg1,NGCC-CCS_Power-CHP,Conversion,0.0
1242,2043,reg1,NGCC-CCS_Power-CHP,Conversion,0.0
1243,2044,reg1,NGCC-CCS_Power-CHP,Conversion,0.0
1244,2045,reg1,NGCC-CCS_Power-CHP,Conversion,0.0
1245,2046,reg1,NGCC-CCS_Power-CHP,Conversion,0.0
1246,2047,reg1,NGCC-CCS_Power-CHP,Conversion,0.0
1247,2048,reg1,NGCC-CCS_Power-CHP,Conversion,0.0
1248,2049,reg1,NGCC-CCS_Power-CHP,Conversion,0.0
1249,2050,reg1,NGCC-CCS_Power-CHP,Conversion,0.0
1250,2051,reg1,NGCC-CCS_Power-CHP,Conversion,0.0
1251,2052,reg1,NGCC-CCS_Power-CHP,Conversion,0.0
1252,2053,reg1,NGCC-CCS_Power-CHP,Conversion,0.0
1253,2054,reg1,NGCC-CCS_Power-CHP,Conversion,0.0
1254,2055,reg1,NGCC-CCS_Power-CHP,Conversion,0.0
1255,2056,reg1,NGCC-CCS_Power-CHP,Conversion,0.0
1256,2057,reg1,NGCC-CCS_Power-CHP,Conversion,0.0
1257,2058,reg1,NGCC-CCS_Power-CHP,Conversion,0.0
1258,2059,reg1,NGCC-CCS_Power-CHP,Conversion,0.0
1259,2060,reg1,NGCC-CCS_Power-CHP,Conversion,0.0
1260,2025,reg1,NGCC-CCS_Heat-CHP,Conversion,0.0
1261,2026,reg1,NGCC-CCS_Heat-CHP,Conversion,0.0
1262,2027,reg1,NGCC-CCS_Heat-CHP,Conversion,0.0
1263,2028,reg1,NGCC-CCS_Heat-CHP,Conversion,0.0
1264,2029,reg1,NGCC-CCS_Heat-CHP,Conversion,0.0
1265,2030,reg1,NGCC-CCS_Heat-CHP,Conversion,0.0
1266,2031,reg1,NGCC-CCS_Heat-CHP,Conversion,0.0
1267,2032,reg1,NGCC-CCS_Heat-CHP,Conversion,0.0
1268,2033,reg1,NGCC-CCS_Heat-CHP,Conversion,0.0
1269,2034,reg1,NGCC-CCS_Heat-CHP,Conversion,0.0
1270,2035,reg1,NGCC-CCS_Heat-CHP,Conversion,0.0
1271,2036,reg1,NGCC-CCS_Heat-CHP,Conversion,0.0
1272,2037,reg1,NGCC-CCS_Heat-CHP,Conversion,0.0
1273,2038,reg1,NGCC-CCS_Heat-CHP,Conversion,0.0
1274,2039,reg1,NGCC-CCS_Heat-CHP,Conversion,0.0
1275,2040,reg1,NGCC-CCS_Heat-CHP,Conversion,0.0
1276,2041,reg1,NGCC-CCS_Heat-CHP,Conversion,0.0
1277,2042,reg1,NGCC-CCS_Heat-CHP,Conversion,0.0
1278,2043,reg1,NGCC-CCS_Heat-CHP,Conversion,0.0
1279,2044,reg1,NGCC-CCS_Heat-CHP,Conversion,0.0
1280,2045,reg1,NGCC-CCS_Heat-CHP,Conversion,0.0
1281,2046,reg1,NGCC-CCS_Heat-CHP,Conversion,0.0
1282,2047,reg1,NGCC-CCS_Heat-CHP,Conversion,0.0
1283,2048,reg1,NGCC-CCS_Heat-CHP,Conversion,0.0
1284,2049,reg1,NGCC-CCS_Heat-CHP,Conversion,0.0
1285,2050,reg1,NGCC-CCS_Heat-CHP,Conversion,0.0
1286,2051,reg1,NGCC-CCS_Heat-CHP,Conversion,0.0
1287,2052,reg1,NGCC-CCS_Heat-CHP,Conversion,0.0
1288,2053,reg1,NGCC-CCS_Heat-CHP,Conversion,0.0
1289,2054,reg1,NGCC-CCS_Heat-CHP,Conversion,0.0
1290,2055,reg1,NGCC-CCS_Heat-CHP,Conversion,0.0
1291,2056,reg1,NGCC-CCS_Heat-CHP,Conversion,0.0
1292,2057,reg1,NGCC-CCS_Heat-CHP,Conversion,0.0
1293,2058,reg1,NGCC-CCS_Heat-CHP,Conversion,0.0
1294,2059,reg1,NGCC-CCS_Heat-CHP,Conversion,0.0
1295,2060,reg1,NGCC-CCS_Heat-CHP,Conversion,0.0
1296,2025,reg1,NG_PP,Conversion,0.0
1297,2026,reg1,NG_PP,Conversion,0.0
1298,2027,reg1,NG_PP,Conversion,0.0
1299,2028,reg1,NG_PP,Conversion,0.0
1300,2029,reg1,NG_PP,Conversion,0.0
1301,2030,reg1,NG_PP,Conversion,0.0
1302,2031,reg1,NG_PP,Conversion,0.0
1303,2032,reg1,NG_PP,Conversion,0.0
1304,2033,reg1,NG_PP,Conversion,0.0
1305,2034,reg1,NG_PP,Conversion,0.0
1306,2035,reg1,NG_PP,Conversion,0.0
1307,2036,reg1,NG_PP,Conversion,0.0
1308,2037,reg1,NG_PP,Conversion,0.0
1309,2038,reg1,NG_PP,Conversion,0.0
1310,2039,reg1,NG_PP,Conversion,0.0
1311,2040,reg1,NG_PP,Conversion,0.0
1312,2041,reg1,NG_PP,Conversion,0.0
1313,2042,reg1,NG_PP,Conversion,0.0
1314,2043,reg1,NG_PP,Conversion,0.0
1315,2044,reg1,NG_PP,Conversion,0.0
1316,2045,reg1,NG_PP,Conversion,0.0
1317,2046,reg1,NG_PP,Conversion,0.0
1318,2047,reg1,NG_PP,Conversion,0.0
1319,2048,reg1,NG_PP,Conversion,0.0
1320,2049,reg1,NG_PP,Conversion,0.0
1321,2050,reg1,NG_PP,Conversion,0.0
1322,2051,reg1,NG_PP,Conversion,0.0
1323,2052,reg1,NG_PP,Conversion,0.0
1324,2053,reg1,NG_PP,Conversion,0.0
1325,2054,reg1,NG_PP,Conversion,0.0
1326,2055,reg1,NG_PP,Conversion,0.5674774442796311
1327,2056,reg1,NG_PP,Conversion,0.3693341925176132
1328,2057,reg1,NG_PP,Conversion,0.1456003699321839
1329,2058,reg1,NG_PP,Conversion,1.0271158607366773
1330,2059,reg1,NG_PP,Conversion,1.107817098450025
1331,2060,reg1,NG_PP,Conversion,0.8589747977999337
1332,2025,reg1,NG_PP_CCS,Conversion,0.0
1333,2026,reg1,NG_PP_CCS,Conversion,0.0
1334,2027,reg1,NG_PP_CCS,Conversion,0.0
1335,2028,reg1,NG_PP_CCS,Conversion,0.0
1336,2029,reg1,NG_PP_CCS,Conversion,0.0
1337,2030,reg1,NG_PP_CCS,Conversion,0.0
1338,2031,reg1,NG_PP_CCS,Conversion,0.0
1339,2032,reg1,NG_PP_CCS,Conversion,0.0
1340,2033,reg1,NG_PP_CCS,Conversion,0.0
1341,2034,reg1,NG_PP_CCS,Conversion,0.0
1342,2035,reg1,NG_PP_CCS,Conversion,0.0
1343,2036,reg1,NG_PP_CCS,Conversion,0.0
1344,2037,reg1,NG_PP_CCS,Conversion,0.0
1345,2038,reg1,NG_PP_CCS,Conversion,0.0
1346,2039,reg1,NG_PP_CCS,Conversion,0.0
1347,2040,reg1,NG_PP_CCS,Conversion,0.0
1348,2041,reg1,NG_PP_CCS,Conversion,0.0
1349,2042,reg1,NG_PP_CCS,Conversion,0.0
1350,2043,reg1,NG_PP_CCS,Conversion,0.0
1351,2044,reg1,NG_PP_CCS,Conversion,0.0
1352,2045,reg1,NG_PP_CCS,Conversion,0.0
1353,2046,reg1,NG_PP_CCS,Conversion,0.0
1354,2047,reg1,NG_PP_CCS,Conversion,0.0
1355,2048,reg1,NG_PP_CCS,Conversion,0.0
1356,2049,reg1,NG_PP_CCS,Conversion,0.0
1357,2050,reg1,NG_PP_CCS,Conversion,0.0
1358,2051,reg1,NG_PP_CCS,Conversion,0.0
1359,2052,reg1,NG_PP_CCS,Conversion,0.0
1360,2053,reg1,NG_PP_CCS,Conversion,0.0
1361,2054,reg1,NG_PP_CCS,Conversion,0.0
1362,2055,reg1,NG_PP_CCS,Conversion,0.0
1363,2056,reg1,NG_PP_CCS,Conversion,0.0
1364,2057,reg1,NG_PP_CCS,Conversion,0.0
1365,2058,reg1,NG_PP_CCS,Conversion,0.0
1366,2059,reg1,NG_PP_CCS,Conversion,0.0
1367,2060,reg1,NG_PP_CCS,Conversion,0.0
1368,2025,reg1,Electrolysis_HTSE,Conversion_plus,0.0
1369,2026,reg1,Electrolysis_HTSE,Conversion_plus,0.0
1370,2027,reg1,Electrolysis_HTSE,Conversion_plus,0.0
1371,2028,reg1,Electrolysis_HTSE,Conversion_plus,0.0
1372,2029,reg1,Electrolysis_HTSE,Conversion_plus,0.0
1373,2030,reg1,Electrolysis_HTSE,Conversion_plus,0.0
1374,2031,reg1,Electrolysis_HTSE,Conversion_plus,0.0
1375,2032,reg1,Electrolysis_HTSE,Conversion_plus,0.0
1376,2033,reg1,Electrolysis_HTSE,Conversion_plus,0.0
1377,2034,reg1,Electrolysis_HTSE,Conversion_plus,0.0
1378,2035,reg1,Electrolysis_HTSE,Conversion_plus,0.0
1379,2036,reg1,Electrolysis_HTSE,Conversion_plus,0.0
1380,2037,reg1,Electrolysis_HTSE,Conversion_plus,0.0
1381,2038,reg1,Electrolysis_HTSE,Conversion_plus,0.0
1382,2039,reg1,Electrolysis_HTSE,Conversion_plus,0.0
1383,2040,reg1,Electrolysis_HTSE,Conversion_plus,0.0
1384,2041,reg1,Electrolysis_HTSE,Conversion_plus,0.0
1385,2042,reg1,Electrolysis_HTSE,Conversion_plus,0.0
1386,2043,reg1,Electrolysis_HTSE,Conversion_plus,0.0
1387,2044,reg1,Electrolysis_HTSE,Conversion_plus,0.0
1388,2045,reg1,Electrolysis_HTSE,Conversion_plus,0.0
1389,2046,reg1,Electrolysis_HTSE,Conversion_plus,0.0
1390,2047,reg1,Electrolysis_HTSE,Conversion_plus,0.0
1391,2048,reg1,Electrolysis_HTSE,Conversion_plus,0.0
1392,2049,reg1,Electrolysis_HTSE,Conversion_plus,0.0
1393,2050,reg1,Electrolysis_HTSE,Conversion_plus,0.0
1394,2051,reg1,Electrolysis_HTSE,Conversion_plus,0.0
1395,2052,reg1,Electrolysis_HTSE,Conversion_plus,0.0
1396,2053,reg1,Electrolysis_HTSE,Conversion_plus,0.0
1397,2054,reg1,Electrolysis_HTSE,Conversion_plus,0.0
1398,2055,reg1,Electrolysis_HTSE,Conversion_plus,0.0
1399,2056,reg1,Electrolysis_HTSE,Conversion_plus,0.0
1400,2057,reg1,Electrolysis_HTSE,Conversion_plus,0.0
1401,2058,reg1,Electrolysis_HTSE,Conversion_plus,0.0
1402,2059,reg1,Electrolysis_HTSE,Conversion_plus,0.0
1403,2060,reg1,Electrolysis_HTSE,Conversion_plus,0.0
1404,2025,reg1,NG_CHP_P,Conversion_plus,0.0
1405,2026,reg1,NG_CHP_P,Conversion_plus,0.0
1406,2027,reg1,NG_CHP_P,Conversion_plus,0.0
1407,2028,reg1,NG_CHP_P,Conversion_plus,0.0
1408,2029,reg1,NG_CHP_P,Conversion_plus,0.0
1409,2030,reg1,NG_CHP_P,Conversion_plus,0.0
1410,2031,reg1,NG_CHP_P,Conversion_plus,0.0
1411,2032,reg1,NG_CHP_P,Conversion_plus,0.0
1412,2033,reg1,NG_CHP_P,Conversion_plus,0.0
1413,2034,reg1,NG_CHP_P,Conversion_plus,0.0
1414,2035,reg1,NG_CHP_P,Conversion_plus,0.0
1415,2036,reg1,NG_CHP_P,Conversion_plus,0.0
1416,2037,reg1,NG_CHP_P,Conversion_plus,0.0
1417,2038,reg1,NG_CHP_P,Conversion_plus,0.0
1418,2039,reg1,NG_CHP_P,Conversion_plus,0.0
1419,2040,reg1,NG_CHP_P,Conversion_plus,0.0
1420,2041,reg1,NG_CHP_P,Conversion_plus,0.0
1421,2042,reg1,NG_CHP_P,Conversion_plus,0.6585245056568464
1422,2043,reg1,NG_CHP_P,Conversion_plus,1.018477101719705
1423,2044,reg1,NG_CHP_P,Conversion_plus,0.13618556886023137
1424,2045,reg1,NG_CHP_P,Conversion_plus,0.5383243267730026
1425,2046,reg1,NG_CHP_P,Conversion_plus,0.7598724501831174
1426,2047,reg1,NG_CHP_P,Conversion_plus,0.7436878077358446
1427,2048,reg1,NG_CHP_P,Conversion_plus,0.6115606697297771
1428,2049,reg1,NG_CHP_P,Conversion_plus,0.7854155438262539
1429,2050,reg1,NG_CHP_P,Conversion_plus,0.786934968152187
1430,2051,reg1,NG_CHP_P,Conversion_plus,0.6709718094366357
1431,2052,reg1,NG_CHP_P,Conversion_plus,1.3352488349459144
1432,2053,reg1,NG_CHP_P,Conversion_plus,1.7348115272959672
1433,2054,reg1,NG_CHP_P,Conversion_plus,2.213302828539653
1434,2055,reg1,NG_CHP_P,Conversion_plus,1.704830429365069
1435,2056,reg1,NG_CHP_P,Conversion_plus,0.0
1436,2057,reg1,NG_CHP_P,Conversion_plus,0.5055147058824244
1437,2058,reg1,NG_CHP_P,Conversion_plus,0.0
1438,2059,reg1,NG_CHP_P,Conversion_plus,0.0
1439,2060,reg1,NG_CHP_P,Conversion_plus,0.0
1440,2025,reg1,BIO_CHP_P,Conversion_plus,0.0
1441,2026,reg1,BIO_CHP_P,Conversion_plus,0.0
1442,2027,reg1,BIO_CHP_P,Conversion_plus,0.0
1443,2028,reg1,BIO_CHP_P,Conversion_plus,0.08
1444,2029,reg1,BIO_CHP_P,Conversion_plus,0.08
1445,2030,reg1,BIO_CHP_P,Conversion_plus,0.08
1446,2031,reg1,BIO_CHP_P,Conversion_plus,0.08
1447,2032,reg1,BIO_CHP_P,Conversion_plus,0.08
1448,2033,reg1,BIO_CHP_P,Conversion_plus,0.08
1449,2034,reg1,BIO_CHP_P,Conversion_plus,0.08
1450,2035,reg1,BIO_CHP_P,Conversion_plus,0.08
1451,2036,reg1,BIO_CHP_P,Conversion_plus,0.08
1452,2037,reg1,BIO_CHP_P,Conversion_plus,0.08
1453,2038,reg1,BIO_CHP_P,Conversion_plus,0.08
1454,2039,reg1,BIO_CHP_P,Conversion_plus,0.08
1455,2040,reg1,BIO_CHP_P,Conversion_plus,0.08
1456,2041,reg1,BIO_CHP_P,Conversion_plus,0.08
1457,2042,reg1,BIO_CHP_P,Conversion_plus,0.08
1458,2043,reg1,BIO_CHP_P,Conversion_plus,0.08
1459,2044,reg1,BIO_CHP_P,Conversion_plus,0.08
1460,2045,reg1,BIO_CHP_P,Conversion_plus,0.08
1461,2046,reg1,BIO_CHP_P,Conversion_plus,0.08
1462,2047,reg1,BIO_CHP_P,Conversion_plus,0.08
1463,2048,reg1,BIO_CHP_P,Conversion_plus,0.08
1464,2049,reg1,BIO_CHP_P,Conversion_plus,0.08
1465,2050,reg1,BIO_CHP_P,Conversion_plus,0.08
1466,2051,reg1,BIO_CHP_P,Conversion_plus,0.08
1467,2052,reg1,BIO_CHP_P,Conversion_plus,0.08
1468,2053,reg1,BIO_CHP_P,Conversion_plus,0.08
1469,2054,reg1,BIO_CHP_P,Conversion_plus,0.08
1470,2055,reg1,BIO_CHP_P,Conversion_plus,0.08
1471,2056,reg1,BIO_CHP_P,Conversion_plus,0.08
1472,2057,reg1,BIO_CHP_P,Conversion_plus,0.08
1473,2058,reg1,BIO_CHP_P,Conversion_plus,0.08
1474,2059,reg1,BIO_CHP_P,Conversion_plus,0.08
1475,2060,reg1,BIO_CHP_P,Conversion_plus,0.08
1476,2025,reg1,Biogas_CHP_P,Conversion_plus,0.0
1477,2026,reg1,Biogas_CHP_P,Conversion_plus,0.0
1478,2027,reg1,Biogas_CHP_P,Conversion_plus,0.0
1479,2028,reg1,Biogas_CHP_P,Conversion_plus,0.06
1480,2029,reg1,Biogas_CHP_P,Conversion_plus,0.06
1481,2030,reg1,Biogas_CHP_P,Conversion_plus,0.06
1482,2031,reg1,Biogas_CHP_P,Conversion_plus,0.06
1483,2032,reg1,Biogas_CHP_P,Conversion_plus,0.06
1484,2033,reg1,Biogas_CHP_P,Conversion_plus,0.06
1485,2034,reg1,Biogas_CHP_P,Conversion_plus,0.06
1486,2035,reg1,Biogas_CHP_P,Conversion_plus,0.06
1487,2036,reg1,Biogas_CHP_P,Conversion_plus,0.06
1488,2037,reg1,Biogas_CHP_P,Conversion_plus,0.06
1489,2038,reg1,Biogas_CHP_P,Conversion_plus,0.06
1490,2039,reg1,Biogas_CHP_P,Conversion_plus,0.06
1491,2040,reg1,Biogas_CHP_P,Conversion_plus,0.06
1492,2041,reg1,Biogas_CHP_P,Conversion_plus,0.06
1493,2042,reg1,Biogas_CHP_P,Conversion_plus,0.06
1494,2043,reg1,Biogas_CHP_P,Conversion_plus,0.06
1495,2044,reg1,Biogas_CHP_P,Conversion_plus,0.06
1496,2045,reg1,Biogas_CHP_P,Conversion_plus,0.06
1497,2046,reg1,Biogas_CHP_P,Conversion_plus,0.06
1498,2047,reg1,Biogas_CHP_P,Conversion_plus,0.06
1499,2048,reg1,Biogas_CHP_P,Conversion_plus,0.06
1500,2049,reg1,Biogas_CHP_P,Conversion_plus,0.06
1501,2050,reg1,Biogas_CHP_P,Conversion_plus,0.06
1502,2051,reg1,Biogas_CHP_P,Conversion_plus,0.06
1503,2052,reg1,Biogas_CHP_P,Conversion_plus,0.06
1504,2053,reg1,Biogas_CHP_P,Conversion_plus,0.06
1505,2054,reg1,Biogas_CHP_P,Conversion_plus,0.06
1506,2055,reg1,Biogas_CHP_P,Conversion_plus,0.06
1507,2056,reg1,Biogas_CHP_P,Conversion_plus,0.06
1508,2057,reg1,Biogas_CHP_P,Conversion_plus,0.06
1509,2058,reg1,Biogas_CHP_P,Conversion_plus,0.06
1510,2059,reg1,Biogas_CHP_P,Conversion_plus,0.06
1511,2060,reg1,Biogas_CHP_P,Conversion_plus,0.06
1512,2025,reg1,WtE_CHP_P,Conversion_plus,0.0
1513,2026,reg1,WtE_CHP_P,Conversion_plus,0.0
1514,2027,reg1,WtE_CHP_P,Conversion_plus,0.0
1515,2028,reg1,WtE_CHP_P,Conversion_plus,0.0
1516,2029,reg1,WtE_CHP_P,Conversion_plus,0.0
1517,2030,reg1,WtE_CHP_P,Conversion_plus,0.22
1518,2031,reg1,WtE_CHP_P,Conversion_plus,0.22
1519,2032,reg1,WtE_CHP_P,Conversion_plus,0.22
1520,2033,reg1,WtE_CHP_P,Conversion_plus,0.22
1521,2034,reg1,WtE_CHP_P,Conversion_plus,0.22
1522,2035,reg1,WtE_CHP_P,Conversion_plus,0.22
1523,2036,reg1,WtE_CHP_P,Conversion_plus,0.22
1524,2037,reg1,WtE_CHP_P,Conversion_plus,0.22
1525,2038,reg1,WtE_CHP_P,Conversion_plus,0.22
1526,2039,reg1,WtE_CHP_P,Conversion_plus,0.22
1527,2040,reg1,WtE_CHP_P,Conversion_plus,0.22
1528,2041,reg1,WtE_CHP_P,Conversion_plus,0.0
1529,2042,reg1,WtE_CHP_P,Conversion_plus,0.0
1530,2043,reg1,WtE_CHP_P,Conversion_plus,0.0
1531,2044,reg1,WtE_CHP_P,Conversion_plus,0.0
1532,2045,reg1,WtE_CHP_P,Conversion_plus,0.0
1533,2046,reg1,WtE_CHP_P,Conversion_plus,0.0
1534,2047,reg1,WtE_CHP_P,Conversion_plus,0.0
1535,2048,reg1,WtE_CHP_P,Conversion_plus,0.0
1536,2049,reg1,WtE_CHP_P,Conversion_plus,0.0
1537,2050,reg1,WtE_CHP_P,Conversion_plus,0.0
1538,2051,reg1,WtE_CHP_P,Conversion_plus,0.0
1539,2052,reg1,WtE_CHP_P,Conversion_plus,0.0
1540,2053,reg1,WtE_CHP_P,Conversion_plus,0.0
1541,2054,reg1,WtE_CHP_P,Conversion_plus,0.0
1542,2055,reg1,WtE_CHP_P,Conversion_plus,0.22
1543,2056,reg1,WtE_CHP_P,Conversion_plus,0.22
1544,2057,reg1,WtE_CHP_P,Conversion_plus,0.22
1545,2058,reg1,WtE_CHP_P,Conversion_plus,0.22
1546,2059,reg1,WtE_CHP_P,Conversion_plus,0.22
1547,2060,reg1,WtE_CHP_P,Conversion_plus,0.0
1548,2025,reg1,WtE-CCS_CHP_P,Conversion_plus,0.0
1549,2026,reg1,WtE-CCS_CHP_P,Conversion_plus,0.0
1550,2027,reg1,WtE-CCS_CHP_P,Conversion_plus,0.0
1551,2028,reg1,WtE-CCS_CHP_P,Conversion_plus,0.0
1552,2029,reg1,WtE-CCS_CHP_P,Conversion_plus,0.0
1553,2030,reg1,WtE-CCS_CHP_P,Conversion_plus,0.22
1554,2031,reg1,WtE-CCS_CHP_P,Conversion_plus,0.0
1555,2032,reg1,WtE-CCS_CHP_P,Conversion_plus,0.0
1556,2033,reg1,WtE-CCS_CHP_P,Conversion_plus,0.0
1557,2034,reg1,WtE-CCS_CHP_P,Conversion_plus,0.0
1558,2035,reg1,WtE-CCS_CHP_P,Conversion_plus,0.0
1559,2036,reg1,WtE-CCS_CHP_P,Conversion_plus,0.0
1560,2037,reg1,WtE-CCS_CHP_P,Conversion_plus,0.0
1561,2038,reg1,WtE-CCS_CHP_P,Conversion_plus,0.0
1562,2039,reg1,WtE-CCS_CHP_P,Conversion_plus,0.0
1563,2040,reg1,WtE-CCS_CHP_P,Conversion_plus,0.0
1564,2041,reg1,WtE-CCS_CHP_P,Conversion_plus,0.0
1565,2042,reg1,WtE-CCS_CHP_P,Conversion_plus,0.0
1566,2043,reg1,WtE-CCS_CHP_P,Conversion_plus,0.0
1567,2044,reg1,WtE-CCS_CHP_P,Conversion_plus,0.0
1568,2045,reg1,WtE-CCS_CHP_P,Conversion_plus,0.0
1569,2046,reg1,WtE-CCS_CHP_P,Conversion_plus,0.0
1570,2047,reg1,WtE-CCS_CHP_P,Conversion_plus,0.0
1571,2048,reg1,WtE-CCS_CHP_P,Conversion_plus,0.0
1572,2049,reg1,WtE-CCS_CHP_P,Conversion_plus,0.0
1573,2050,reg1,WtE-CCS_CHP_P,Conversion_plus,0.0
1574,2051,reg1,WtE-CCS_CHP_P,Conversion_plus,0.0
1575,2052,reg1,WtE-CCS_CHP_P,Conversion_plus,0.0
1576,2053,reg1,WtE-CCS_CHP_P,Conversion_plus,0.0
1577,2054,reg1,WtE-CCS_CHP_P,Conversion_plus,0.0
1578,2055,reg1,WtE-CCS_CHP_P,Conversion_plus,0.22
1579,2056,reg1,WtE-CCS_CHP_P,Conversion_plus,0.0
1580,2057,reg1,WtE-CCS_CHP_P,Conversion_plus,0.0
1581,2058,reg1,WtE-CCS_CHP_P,Conversion_plus,0.0
1582,2059,reg1,WtE-CCS_CHP_P,Conversion_plus,0.0
1583,2060,reg1,WtE-CCS_CHP_P,Conversion_plus,0.0
1584,2025,reg1,SOFC_CHP_P,Conversion_plus,0.0
1585,2026,reg1,SOFC_CHP_P,Conversion_plus,0.0
1586,2027,reg1,SOFC_CHP_P,Conversion_plus,0.0
1587,2028,reg1,SOFC_CHP_P,Conversion_plus,0.0
1588,2029,reg1,SOFC_CHP_P,Conversion_plus,0.0
1589,2030,reg1,SOFC_CHP_P,Conversion_plus,0.0
1590,2031,reg1,SOFC_CHP_P,Conversion_plus,0.0
1591,2032,reg1,SOFC_CHP_P,Conversion_plus,0.0
1592,2033,reg1,SOFC_CHP_P,Conversion_plus,0.0
1593,2034,reg1,SOFC_CHP_P,Conversion_plus,0.0
1594,2035,reg1,SOFC_CHP_P,Conversion_plus,0.0
1595,2036,reg1,SOFC_CHP_P,Conversion_plus,0.0
1596,2037,reg1,SOFC_CHP_P,Conversion_plus,0.0
1597,2038,reg1,SOFC_CHP_P,Conversion_plus,0.0
1598,2039,reg1,SOFC_CHP_P,Conversion_plus,0.0
1599,2040,reg1,SOFC_CHP_P,Conversion_plus,0.0
1600,2041,reg1,SOFC_CHP_P,Conversion_plus,0.0
1601,2042,reg1,SOFC_CHP_P,Conversion_plus,0.0
1602,2043,reg1,SOFC_CHP_P,Conversion_plus,0.0
1603,2044,reg1,SOFC_CHP_P,Conversion_plus,0.0
1604,2045,reg1,SOFC_CHP_P,Conversion_plus,0.0
1605,2046,reg1,SOFC_CHP_P,Conversion_plus,0.0
1606,2047,reg1,SOFC_CHP_P,Conversion_plus,0.0
1607,2048,reg1,SOFC_CHP_P,Conversion_plus,0.0
1608,2049,reg1,SOFC_CHP_P,Conversion_plus,0.0
1609,2050,reg1,SOFC_CHP_P,Conversion_plus,0.0
1610,2051,reg1,SOFC_CHP_P,Conversion_plus,0.0
1611,2052,reg1,SOFC_CHP_P,Conversion_plus,0.0
1612,2053,reg1,SOFC_CHP_P,Conversion_plus,0.0
1613,2054,reg1,SOFC_CHP_P,Conversion_plus,0.0
1614,2055,reg1,SOFC_CHP_P,Conversion_plus,0.0
1615,2056,reg1,SOFC_CHP_P,Conversion_plus,0.0
1616,2057,reg1,SOFC_CHP_P,Conversion_plus,0.0
1617,2058,reg1,SOFC_CHP_P,Conversion_plus,0.0
1618,2059,reg1,SOFC_CHP_P,Conversion_plus,0.0
1619,2060,reg1,SOFC_CHP_P,Conversion_plus,0.0
1620,2025,reg1,Oil_CHP,Conversion_plus,0.0
1621,2026,reg1,Oil_CHP,Conversion_plus,0.0
1622,2027,reg1,Oil_CHP,Conversion_plus,0.0
1623,2028,reg1,Oil_CHP,Conversion_plus,0.0
1624,2029,reg1,Oil_CHP,Conversion_plus,0.0
1625,2030,reg1,Oil_CHP,Conversion_plus,0.0
1626,2031,reg1,Oil_CHP,Conversion_plus,0.0
1627,2032,reg1,Oil_CHP,Conversion_plus,0.0
1628,2033,reg1,Oil_CHP,Conversion_plus,0.0
1629,2034,reg1,Oil_CHP,Conversion_plus,0.0
1630,2035,reg1,Oil_CHP,Conversion_plus,0.0
1631,2036,reg1,Oil_CHP,Conversion_plus,0.0
1632,2037,reg1,Oil_CHP,Conversion_plus,0.0
1633,2038,reg1,Oil_CHP,Conversion_plus,0.0
1634,2039,reg1,Oil_CHP,Conversion_plus,0.0
1635,2040,reg1,Oil_CHP,Conversion_plus,0.0
1636,2041,reg1,Oil_CHP,Conversion_plus,0.0
1637,2042,reg1,Oil_CHP,Conversion_plus,0.0
1638,2043,reg1,Oil_CHP,Conversion_plus,0.0
1639,2044,reg1,Oil_CHP,Conversion_plus,0.0
1640,2045,reg1,Oil_CHP,Conversion_plus,0.0
1641,2046,reg1,Oil_CHP,Conversion_plus,0.0
1642,2047,reg1,Oil_CHP,Conversion_plus,0.0
1643,2048,reg1,Oil_CHP,Conversion_plus,0.0
1644,2049,reg1,Oil_CHP,Conversion_plus,0.0
1645,2050,reg1,Oil_CHP,Conversion_plus,0.0
1646,2051,reg1,Oil_CHP,Conversion_plus,0.0
1647,2052,reg1,Oil_CHP,Conversion_plus,0.0
1648,2053,reg1,Oil_CHP,Conversion_plus,0.0
1649,2054,reg1,Oil_CHP,Conversion_plus,0.0
1650,2055,reg1,Oil_CHP,Conversion_plus,0.0
1651,2056,reg1,Oil_CHP,Conversion_plus,0.0
1652,2057,reg1,Oil_CHP,Conversion_plus,0.0
1653,2058,reg1,Oil_CHP,Conversion_plus,0.0
1654,2059,reg1,Oil_CHP,Conversion_plus,0.0
1655,2060,reg1,Oil_CHP,Conversion_plus,0.0
1656,2025,reg1,BW_CHP_P,Conversion_plus,0.0
1657,2026,reg1,BW_CHP_P,Conversion_plus,0.0
1658,2027,reg1,BW_CHP_P,Conversion_plus,0.0
1659,2028,reg1,BW_CHP_P,Conversion_plus,0.0
1660,2029,reg1,BW_CHP_P,Conversion_plus,0.0
1661,2030,reg1,BW_CHP_P,Conversion_plus,0.0
1662,2031,reg1,BW_CHP_P,Conversion_plus,0.0
1663,2032,reg1,BW_CHP_P,Conversion_plus,0.0
1664,2033,reg1,BW_CHP_P,Conversion_plus,0.0
1665,2034,reg1,BW_CHP_P,Conversion_plus,0.0
1666,2035,reg1,BW_CHP_P,Conversion_plus,0.0
1667,2036,reg1,BW_CHP_P,Conversion_plus,0.0
1668,2037,reg1,BW_CHP_P,Conversion_plus,0.0
1669,2038,reg1,BW_CHP_P,Conversion_plus,0.0
1670,2039,reg1,BW_CHP_P,Conversion_plus,0.0
1671,2040,reg1,BW_CHP_P,Conversion_plus,0.0
1672,2041,reg1,BW_CHP_P,Conversion_plus,0.0
1673,2042,reg1,BW_CHP_P,Conversion_plus,0.0
1674,2043,reg1,BW_CHP_P,Conversion_plus,0.0
1675,2044,reg1,BW_CHP_P,Conversion_plus,0.0
1676,2045,reg1,BW_CHP_P,Conversion_plus,0.0
1677,2046,reg1,BW_CHP_P,Conversion_plus,0.0
1678,2047,reg1,BW_CHP_P,Conversion_plus,0.0
1679,2048,reg1,BW_CHP_P,Conversion_plus,0.0
1680,2049,reg1,BW_CHP_P,Conversion_plus,0.0
1681,2050,reg1,BW_CHP_P,Conversion_plus,0.0
1682,2051,reg1,BW_CHP_P,Conversion_plus,0.0
1683,2052,reg1,BW_CHP_P,Conversion_plus,0.0
1684,2053,reg1,BW_CHP_P,Conversion_plus,0.0
1685,2054,reg1,BW_CHP_P,Conversion_plus,0.0
1686,2055,reg1,BW_CHP_P,Conversion_plus,0.0
1687,2056,reg1,BW_CHP_P,Conversion_plus,0.0
1688,2057,reg1,BW_CHP_P,Conversion_plus,0.0
1689,2058,reg1,BW_CHP_P,Conversion_plus,0.0
1690,2059,reg1,BW_CHP_P,Conversion_plus,0.0
1691,2060,reg1,BW_CHP_P,Conversion_plus,0.0
1692,2025,reg1,Heat_transmission_distribution,Transmission,0.0
1693,2026,reg1,Heat_transmission_distribution,Transmission,0.0
1694,2027,reg1,Heat_transmission_distribution,Transmission,0.0
1695,2028,reg1,Heat_transmission_distribution,Transmission,0.0
1696,2029,reg1,Heat_transmission_distribution,Transmission,0.0
1697,2030,reg1,Heat_transmission_distribution,Transmission,0.0
1698,2031,reg1,Heat_transmission_distribution,Transmission,0.0
1699,2032,reg1,Heat_transmission_distribution,Transmission,0.0
1700,2033,reg1,Heat_transmission_distribution,Transmission,0.0
1701,2034,reg1,Heat_transmission_distribution,Transmission,0.0
1702,2035,reg1,Heat_transmission_distribution,Transmission,0.0
1703,2036,reg1,Heat_transmission_distribution,Transmission,0.0
1704,2037,reg1,Heat_transmission_distribution,Transmission,0.0
1705,2038,reg1,Heat_transmission_distribution,Transmission,0.0
1706,2039,reg1,Heat_transmission_distribution,Transmission,0.0
1707,2040,reg1,Heat_transmission_distribution,Transmission,0.0
1708,2041,reg1,Heat_transmission_distribution,Transmission,0.0
1709,2042,reg1,Heat_transmission_distribution,Transmission,0.0
1710,2043,reg1,Heat_transmission_distribution,Transmission,0.0
1711,2044,reg1,Heat_transmission_distribution,Transmission,0.0
1712,2045,reg1,Heat_transmission_distribution,Transmission,0.0
1713,2046,reg1,Heat_transmission_distribution,Transmission,0.0
1714,2047,reg1,Heat_transmission_distribution,Transmission,0.0
1715,2048,reg1,Heat_transmission_distribution,Transmission,0.0
1716,2049,reg1,Heat_transmission_distribution,Transmission,0.0
1717,2050,reg1,Heat_transmission_distribution,Transmission,0.0
1718,2051,reg1,Heat_transmission_distribution,Transmission,0.0
1719,2052,reg1,Heat_transmission_distribution,Transmission,0.0
1720,2053,reg1,Heat_transmission_distribution,Transmission,0.0
1721,2054,reg1,Heat_transmission_distribution,Transmission,0.0
1722,2055,reg1,Heat_transmission_distribution,Transmission,0.0
1723,2056,reg1,Heat_transmission_distribution,Transmission,0.0
1724,2057,reg1,Heat_transmission_distribution,Transmission,0.0
1725,2058,reg1,Heat_transmission_distribution,Transmission,0.0
1726,2059,reg1,Heat_transmission_distribution,Transmission,0.0
1727,2060,reg1,Heat_transmission_distribution,Transmission,0.0
1728,2025,reg1,Elec_transmission_distribution,Transmission,0.0
1729,2026,reg1,Elec_transmission_distribution,Transmission,0.0
1730,2027,reg1,Elec_transmission_distribution,Transmission,0.0
1731,2028,reg1,Elec_transmission_distribution,Transmission,0.0
1732,2029,reg1,Elec_transmission_distribution,Transmission,0.0
1733,2030,reg1,Elec_transmission_distribution,Transmission,0.0
1734,2031,reg1,Elec_transmission_distribution,Transmission,0.0
1735,2032,reg1,Elec_transmission_distribution,Transmission,0.0
1736,2033,reg1,Elec_transmission_distribution,Transmission,0.0
1737,2034,reg1,Elec_transmission_distribution,Transmission,0.0
1738,2035,reg1,Elec_transmission_distribution,Transmission,0.0
1739,2036,reg1,Elec_transmission_distribution,Transmission,0.0
1740,2037,reg1,Elec_transmission_distribution,Transmission,0.0
1741,2038,reg1,Elec_transmission_distribution,Transmission,0.0
1742,2039,reg1,Elec_transmission_distribution,Transmission,0.0
1743,2040,reg1,Elec_transmission_distribution,Transmission,0.0
1744,2041,reg1,Elec_transmission_distribution,Transmission,0.0
1745,2042,reg1,Elec_transmission_distribution,Transmission,0.0
1746,2043,reg1,Elec_transmission_distribution,Transmission,0.0
1747,2044,reg1,Elec_transmission_distribution,Transmission,0.0
1748,2045,reg1,Elec_transmission_distribution,Transmission,0.0
1749,2046,reg1,Elec_transmission_distribution,Transmission,0.0
1750,2047,reg1,Elec_transmission_distribution,Transmission,0.0
1751,2048,reg1,Elec_transmission_distribution,Transmission,0.0
1752,2049,reg1,Elec_transmission_distribution,Transmission,0.0
1753,2050,reg1,Elec_transmission_distribution,Transmission,0.0
1754,2051,reg1,Elec_transmission_distribution,Transmission,0.0
1755,2052,reg1,Elec_transmission_distribution,Transmission,0.0
1756,2053,reg1,Elec_transmission_distribution,Transmission,0.0
1757,2054,reg1,Elec_transmission_distribution,Transmission,0.0
1758,2055,reg1,Elec_transmission_distribution,Transmission,0.0
1759,2056,reg1,Elec_transmission_distribution,Transmission,0.0
1760,2057,reg1,Elec_transmission_distribution,Transmission,0.0
1761,2058,reg1,Elec_transmission_distribution,Transmission,0.0
1762,2059,reg1,Elec_transmission_distribution,Transmission,0.0
1763,2060,reg1,Elec_transmission_distribution,Transmission,0.0
