,Year,Region,Technology,Carrier,Value
0,2025,reg1,Pump_hydro_ST,Electricity,0.0
1,2026,reg1,Pump_hydro_ST,Electricity,0.0
2,2027,reg1,Pump_hydro_ST,Electricity,73.1416954223073
3,2028,reg1,Pump_hydro_ST,Electricity,4458.303517925839
4,2029,reg1,Pump_hydro_ST,Electricity,7258.468898998889
5,2030,reg1,Pump_hydro_ST,Electricity,10545.223402167656
6,2031,reg1,Pump_hydro_ST,Electricity,13838.233424211814
7,2032,reg1,Pump_hydro_ST,Electricity,14727.186196870498
8,2033,reg1,Pump_hydro_ST,Electricity,15471.433865946223
9,2034,reg1,Pump_hydro_ST,Electricity,16220.62051977019
10,2035,reg1,Pump_hydro_ST,Electricity,17047.243125784087
11,2036,reg1,Pump_hydro_ST,Electricity,17640.946616724483
12,2037,reg1,Pump_hydro_ST,Electricity,18200.49734375976
13,2038,reg1,Pump_hydro_ST,Electricity,18684.92713925072
14,2039,reg1,Pump_hydro_ST,Electricity,20691.20924572915
15,2040,reg1,Pump_hydro_ST,Electricity,23236.97449173412
16,2041,reg1,Pump_hydro_ST,Electricity,22313.72585633622
17,2042,reg1,Pump_hydro_ST,Electricity,23145.13108127963
18,2043,reg1,Pump_hydro_ST,Electricity,26897.343603874826
19,2044,reg1,Pump_hydro_ST,Electricity,26711.92358374879
20,2045,reg1,Pump_hydro_ST,Electricity,26237.97108374879
21,2046,reg1,Pump_hydro_ST,Electricity,25764.01858374879
22,2047,reg1,Pump_hydro_ST,Electricity,25290.066083748792
23,2048,reg1,Pump_hydro_ST,Electricity,24816.113583748793
24,2049,reg1,Pump_hydro_ST,Electricity,24937.33630740222
25,2050,reg1,Pump_hydro_ST,Electricity,24937.362724121
26,2051,reg1,Pump_hydro_ST,Electricity,23721.032644404986
27,2052,reg1,Pump_hydro_ST,Electricity,22920.30358374879
28,2053,reg1,Pump_hydro_ST,Electricity,22446.351083748792
29,2054,reg1,Pump_hydro_ST,Electricity,21972.398583748793
30,2055,reg1,Pump_hydro_ST,Electricity,21498.44608374879
31,2056,reg1,Pump_hydro_ST,Electricity,21024.493583748794
32,2057,reg1,Pump_hydro_ST,Electricity,20361.87349977339
33,2058,reg1,Pump_hydro_ST,Electricity,19053.424155146717
34,2059,reg1,Pump_hydro_ST,Electricity,17744.97470816185
35,2060,reg1,Pump_hydro_ST,Electricity,18246.64727234158
36,2025,reg1,Electrochemical_ST,Electricity,0.0
37,2026,reg1,Electrochemical_ST,Electricity,0.0
38,2027,reg1,Electrochemical_ST,Electricity,3435.5505922507973
39,2028,reg1,Electrochemical_ST,Electricity,3877.237855144331
40,2029,reg1,Electrochemical_ST,Electricity,3877.2378551443308
41,2030,reg1,Electrochemical_ST,Electricity,3877.237855144331
42,2031,reg1,Electrochemical_ST,Electricity,3877.237855144331
43,2032,reg1,Electrochemical_ST,Electricity,3877.237855144331
44,2033,reg1,Electrochemical_ST,Electricity,3877.237855144331
45,2034,reg1,Electrochemical_ST,Electricity,3877.237855144331
46,2035,reg1,Electrochemical_ST,Electricity,3877.237855144331
47,2036,reg1,Electrochemical_ST,Electricity,3877.2378551443308
48,2037,reg1,Electrochemical_ST,Electricity,3877.237855144331
49,2038,reg1,Electrochemical_ST,Electricity,3877.237855144331
50,2039,reg1,Electrochemical_ST,Electricity,3877.2378551443317
51,2040,reg1,Electrochemical_ST,Electricity,3877.2378551443317
52,2041,reg1,Electrochemical_ST,Electricity,3877.2378551443317
53,2042,reg1,Electrochemical_ST,Electricity,3877.2378551443317
54,2043,reg1,Electrochemical_ST,Electricity,6952.043514117024
55,2044,reg1,Electrochemical_ST,Electricity,10547.071659823403
56,2045,reg1,Electrochemical_ST,Electricity,14142.099805529784
57,2046,reg1,Electrochemical_ST,Electricity,17737.12795123616
58,2047,reg1,Electrochemical_ST,Electricity,17737.12795123616
59,2048,reg1,Electrochemical_ST,Electricity,17737.12795123616
60,2049,reg1,Electrochemical_ST,Electricity,21332.15609694254
61,2050,reg1,Electrochemical_ST,Electricity,24927.184242648924
62,2051,reg1,Electrochemical_ST,Electricity,27746.764817326446
63,2052,reg1,Electrochemical_ST,Electricity,30566.345392003965
64,2053,reg1,Electrochemical_ST,Electricity,33385.925966681476
65,2054,reg1,Electrochemical_ST,Electricity,36205.50654135899
66,2055,reg1,Electrochemical_ST,Electricity,39025.087116036506
67,2056,reg1,Electrochemical_ST,Electricity,39025.087116036506
68,2057,reg1,Electrochemical_ST,Electricity,39025.087116036506
69,2058,reg1,Electrochemical_ST,Electricity,35950.28145706382
70,2059,reg1,Electrochemical_ST,Electricity,32355.253311357428
71,2060,reg1,Electrochemical_ST,Electricity,28760.22516565105
72,2025,reg1,Hydrogen_ST,Hydrogen,0.0
73,2026,reg1,Hydrogen_ST,Hydrogen,4.873498976343421
74,2027,reg1,Hydrogen_ST,Hydrogen,9.880576517695822
75,2028,reg1,Hydrogen_ST,Hydrogen,15.026641464960527
76,2029,reg1,Hydrogen_ST,Hydrogen,20.433995119709724
77,2030,reg1,Hydrogen_ST,Hydrogen,30.283191891803902
78,2031,reg1,Hydrogen_ST,Hydrogen,29.335699397962788
79,2032,reg1,Hydrogen_ST,Hydrogen,28.40965765776427
80,2033,reg1,Hydrogen_ST,Hydrogen,27.50506667116884
81,2034,reg1,Hydrogen_ST,Hydrogen,26.642663025695217
82,2035,reg1,Hydrogen_ST,Hydrogen,26.064941594419366
83,2036,reg1,Hydrogen_ST,Hydrogen,25.50160186249331
84,2037,reg1,Hydrogen_ST,Hydrogen,24.952643833452075
85,2038,reg1,Hydrogen_ST,Hydrogen,24.41806750161868
86,2039,reg1,Hydrogen_ST,Hydrogen,48.14098575921083
87,2040,reg1,Hydrogen_ST,Hydrogen,66.40479753315381
88,2041,reg1,Hydrogen_ST,Hydrogen,31.972113554799748
89,2042,reg1,Hydrogen_ST,Hydrogen,5.341313082977385
90,2043,reg1,Hydrogen_ST,Hydrogen,0.0
91,2044,reg1,Hydrogen_ST,Hydrogen,0.0
92,2045,reg1,Hydrogen_ST,Hydrogen,0.0
93,2046,reg1,Hydrogen_ST,Hydrogen,0.0
94,2047,reg1,Hydrogen_ST,Hydrogen,0.0
95,2048,reg1,Hydrogen_ST,Hydrogen,0.0
96,2049,reg1,Hydrogen_ST,Hydrogen,0.0
97,2050,reg1,Hydrogen_ST,Hydrogen,0.0
98,2051,reg1,Hydrogen_ST,Hydrogen,0.0
99,2052,reg1,Hydrogen_ST,Hydrogen,0.0
100,2053,reg1,Hydrogen_ST,Hydrogen,0.0
101,2054,reg1,Hydrogen_ST,Hydrogen,0.0
102,2055,reg1,Hydrogen_ST,Hydrogen,0.0
103,2056,reg1,Hydrogen_ST,Hydrogen,0.0
104,2057,reg1,Hydrogen_ST,Hydrogen,61.79298807477413
105,2058,reg1,Hydrogen_ST,Hydrogen,61.79298807559523
106,2059,reg1,Hydrogen_ST,Hydrogen,28.413387031595317
107,2060,reg1,Hydrogen_ST,Hydrogen,28.41338704148226
108,2025,reg1,Thermal_ST,Nuc_SMR-Heat,0.0
109,2026,reg1,Thermal_ST,Nuc_SMR-Heat,0.0
110,2027,reg1,Thermal_ST,Nuc_SMR-Heat,0.0
111,2028,reg1,Thermal_ST,Nuc_SMR-Heat,0.0
112,2029,reg1,Thermal_ST,Nuc_SMR-Heat,0.0
113,2030,reg1,Thermal_ST,Nuc_SMR-Heat,0.0
114,2031,reg1,Thermal_ST,Nuc_SMR-Heat,0.0
115,2032,reg1,Thermal_ST,Nuc_SMR-Heat,0.0
116,2033,reg1,Thermal_ST,Nuc_SMR-Heat,0.0
117,2034,reg1,Thermal_ST,Nuc_SMR-Heat,0.0
118,2035,reg1,Thermal_ST,Nuc_SMR-Heat,0.0
119,2036,reg1,Thermal_ST,Nuc_SMR-Heat,0.0
120,2037,reg1,Thermal_ST,Nuc_SMR-Heat,0.0
121,2038,reg1,Thermal_ST,Nuc_SMR-Heat,0.0
122,2039,reg1,Thermal_ST,Nuc_SMR-Heat,0.0
123,2040,reg1,Thermal_ST,Nuc_SMR-Heat,0.0
124,2041,reg1,Thermal_ST,Nuc_SMR-Heat,0.0
125,2042,reg1,Thermal_ST,Nuc_SMR-Heat,0.0
126,2043,reg1,Thermal_ST,Nuc_SMR-Heat,0.0
127,2044,reg1,Thermal_ST,Nuc_SMR-Heat,0.0
128,2045,reg1,Thermal_ST,Nuc_SMR-Heat,0.0
129,2046,reg1,Thermal_ST,Nuc_SMR-Heat,0.0
130,2047,reg1,Thermal_ST,Nuc_SMR-Heat,0.0
131,2048,reg1,Thermal_ST,Nuc_SMR-Heat,0.0
132,2049,reg1,Thermal_ST,Nuc_SMR-Heat,0.0
133,2050,reg1,Thermal_ST,Nuc_SMR-Heat,0.0
134,2051,reg1,Thermal_ST,Nuc_SMR-Heat,0.0
135,2052,reg1,Thermal_ST,Nuc_SMR-Heat,0.0
136,2053,reg1,Thermal_ST,Nuc_SMR-Heat,0.0
137,2054,reg1,Thermal_ST,Nuc_SMR-Heat,0.0
138,2055,reg1,Thermal_ST,Nuc_SMR-Heat,0.0
139,2056,reg1,Thermal_ST,Nuc_SMR-Heat,0.0
140,2057,reg1,Thermal_ST,Nuc_SMR-Heat,0.0
141,2058,reg1,Thermal_ST,Nuc_SMR-Heat,0.0
142,2059,reg1,Thermal_ST,Nuc_SMR-Heat,0.0
143,2060,reg1,Thermal_ST,Nuc_SMR-Heat,0.0
144,2025,reg1,Thermal-H2_ST,Nuc_SMR-H2-Heat,0.0
145,2026,reg1,Thermal-H2_ST,Nuc_SMR-H2-Heat,0.0
146,2027,reg1,Thermal-H2_ST,Nuc_SMR-H2-Heat,0.0
147,2028,reg1,Thermal-H2_ST,Nuc_SMR-H2-Heat,0.0
148,2029,reg1,Thermal-H2_ST,Nuc_SMR-H2-Heat,0.0
149,2030,reg1,Thermal-H2_ST,Nuc_SMR-H2-Heat,0.0
150,2031,reg1,Thermal-H2_ST,Nuc_SMR-H2-Heat,0.0
151,2032,reg1,Thermal-H2_ST,Nuc_SMR-H2-Heat,0.0
152,2033,reg1,Thermal-H2_ST,Nuc_SMR-H2-Heat,0.0
153,2034,reg1,Thermal-H2_ST,Nuc_SMR-H2-Heat,0.0
154,2035,reg1,Thermal-H2_ST,Nuc_SMR-H2-Heat,0.0
155,2036,reg1,Thermal-H2_ST,Nuc_SMR-H2-Heat,0.0
156,2037,reg1,Thermal-H2_ST,Nuc_SMR-H2-Heat,0.0
157,2038,reg1,Thermal-H2_ST,Nuc_SMR-H2-Heat,0.0
158,2039,reg1,Thermal-H2_ST,Nuc_SMR-H2-Heat,0.0
159,2040,reg1,Thermal-H2_ST,Nuc_SMR-H2-Heat,0.0
160,2041,reg1,Thermal-H2_ST,Nuc_SMR-H2-Heat,0.0
161,2042,reg1,Thermal-H2_ST,Nuc_SMR-H2-Heat,0.0
162,2043,reg1,Thermal-H2_ST,Nuc_SMR-H2-Heat,0.0
163,2044,reg1,Thermal-H2_ST,Nuc_SMR-H2-Heat,0.0
164,2045,reg1,Thermal-H2_ST,Nuc_SMR-H2-Heat,0.0
165,2046,reg1,Thermal-H2_ST,Nuc_SMR-H2-Heat,0.0
166,2047,reg1,Thermal-H2_ST,Nuc_SMR-H2-Heat,0.0
167,2048,reg1,Thermal-H2_ST,Nuc_SMR-H2-Heat,0.0
168,2049,reg1,Thermal-H2_ST,Nuc_SMR-H2-Heat,0.0
169,2050,reg1,Thermal-H2_ST,Nuc_SMR-H2-Heat,0.0
170,2051,reg1,Thermal-H2_ST,Nuc_SMR-H2-Heat,0.0
171,2052,reg1,Thermal-H2_ST,Nuc_SMR-H2-Heat,0.0
172,2053,reg1,Thermal-H2_ST,Nuc_SMR-H2-Heat,0.0
173,2054,reg1,Thermal-H2_ST,Nuc_SMR-H2-Heat,0.0
174,2055,reg1,Thermal-H2_ST,Nuc_SMR-H2-Heat,0.0
175,2056,reg1,Thermal-H2_ST,Nuc_SMR-H2-Heat,0.0
176,2057,reg1,Thermal-H2_ST,Nuc_SMR-H2-Heat,0.0
177,2058,reg1,Thermal-H2_ST,Nuc_SMR-H2-Heat,0.0
178,2059,reg1,Thermal-H2_ST,Nuc_SMR-H2-Heat,0.0
179,2060,reg1,Thermal-H2_ST,Nuc_SMR-H2-Heat,0.0
180,2025,reg1,HTHP,Electricity,0.0
181,2026,reg1,HTHP,Electricity,0.0
182,2027,reg1,HTHP,Electricity,0.0
183,2028,reg1,HTHP,Electricity,47.99115612888986
184,2029,reg1,HTHP,Electricity,1191.439384829771
185,2030,reg1,HTHP,Electricity,1305.5885965462705
186,2031,reg1,HTHP,Electricity,1787.0257512483554
187,2032,reg1,HTHP,Electricity,2767.8923769122093
188,2033,reg1,HTHP,Electricity,3705.47296003561
189,2034,reg1,HTHP,Electricity,4423.824056299671
190,2035,reg1,HTHP,Electricity,4933.729198728935
191,2036,reg1,HTHP,Electricity,5291.778655381802
192,2037,reg1,HTHP,Electricity,5627.752450889953
193,2038,reg1,HTHP,Electricity,5861.704081611553
194,2039,reg1,HTHP,Electricity,6069.926944801388
195,2040,reg1,HTHP,Electricity,6322.0952749640455
196,2041,reg1,HTHP,Electricity,7296.081099364256
197,2042,reg1,HTHP,Electricity,7609.226383297352
198,2043,reg1,HTHP,Electricity,7593.867851404131
199,2044,reg1,HTHP,Electricity,8433.322962874925
200,2045,reg1,HTHP,Electricity,8851.691149680471
201,2046,reg1,HTHP,Electricity,9084.07778402308
202,2047,reg1,HTHP,Electricity,9315.843837415732
203,2048,reg1,HTHP,Electricity,9639.075477531065
204,2049,reg1,HTHP,Electricity,9791.638600309812
205,2050,reg1,HTHP,Electricity,9828.169014084513
206,2051,reg1,HTHP,Electricity,9828.16901408451
207,2052,reg1,HTHP,Electricity,9312.525625196657
208,2053,reg1,HTHP,Electricity,8304.664275090072
209,2054,reg1,HTHP,Electricity,6813.240118399517
210,2055,reg1,HTHP,Electricity,6195.9356672351705
211,2056,reg1,HTHP,Electricity,5990.573416440102
212,2057,reg1,HTHP,Electricity,5576.898711570784
213,2058,reg1,HTHP,Electricity,5395.455968309761
214,2059,reg1,HTHP,Electricity,5215.832343909481
215,2060,reg1,HTHP,Electricity,5127.209813388159
216,2025,reg1,SMR,NG,0.0
217,2026,reg1,SMR,NG,2384.7864288118153
218,2027,reg1,SMR,NG,4709.607481711254
219,2028,reg1,SMR,NG,6974.464012725828
220,2029,reg1,SMR,NG,9179.375332587366
221,2030,reg1,SMR,NG,11325.001528834264
222,2031,reg1,SMR,NG,11610.124471323787
223,2032,reg1,SMR,NG,11888.7923737723
224,2033,reg1,SMR,NG,12161.005236179786
225,2034,reg1,SMR,NG,12426.766332744286
226,2035,reg1,SMR,NG,12686.113952129723
227,2036,reg1,SMR,NG,12939.005415308158
228,2037,reg1,SMR,NG,13185.440722278776
229,2038,reg1,SMR,NG,13425.419873042876
230,2039,reg1,SMR,NG,13452.012199090157
231,2040,reg1,SMR,NG,13640.226390597038
232,2041,reg1,SMR,NG,13354.36156936282
233,2042,reg1,SMR,NG,13029.030010380786
234,2043,reg1,SMR,NG,12667.39817212544
235,2044,reg1,SMR,NG,12339.747856988455
236,2045,reg1,SMR,NG,12012.097541851472
237,2046,reg1,SMR,NG,11684.447226714488
238,2047,reg1,SMR,NG,11356.796911577509
239,2048,reg1,SMR,NG,11029.146596440525
240,2049,reg1,SMR,NG,10668.35812338398
241,2050,reg1,SMR,NG,10340.707808271822
242,2051,reg1,SMR,NG,10340.707808271822
243,2052,reg1,SMR,NG,10373.845966166558
244,2053,reg1,SMR,NG,10373.845966166558
245,2054,reg1,SMR,NG,10373.845966166558
246,2055,reg1,SMR,NG,10373.845966166558
247,2056,reg1,SMR,NG,10406.984124061295
248,2057,reg1,SMR,NG,10384.942346781489
249,2058,reg1,SMR,NG,10384.942346779879
250,2059,reg1,SMR,NG,10610.299395697863
251,2060,reg1,SMR,NG,10610.299395699425
252,2025,reg1,SMR_CCS,NG,0.0
253,2026,reg1,SMR_CCS,NG,0.0
254,2027,reg1,SMR_CCS,NG,0.0
255,2028,reg1,SMR_CCS,NG,0.0
256,2029,reg1,SMR_CCS,NG,0.0
257,2030,reg1,SMR_CCS,NG,0.0
258,2031,reg1,SMR_CCS,NG,0.0
259,2032,reg1,SMR_CCS,NG,0.0
260,2033,reg1,SMR_CCS,NG,0.0
261,2034,reg1,SMR_CCS,NG,0.0
262,2035,reg1,SMR_CCS,NG,0.0
263,2036,reg1,SMR_CCS,NG,0.0
264,2037,reg1,SMR_CCS,NG,0.0
265,2038,reg1,SMR_CCS,NG,0.0
266,2039,reg1,SMR_CCS,NG,0.0
267,2040,reg1,SMR_CCS,NG,0.0
268,2041,reg1,SMR_CCS,NG,0.0
269,2042,reg1,SMR_CCS,NG,0.0
270,2043,reg1,SMR_CCS,NG,0.0
271,2044,reg1,SMR_CCS,NG,0.0
272,2045,reg1,SMR_CCS,NG,0.0
273,2046,reg1,SMR_CCS,NG,0.0
274,2047,reg1,SMR_CCS,NG,0.0
275,2048,reg1,SMR_CCS,NG,0.0
276,2049,reg1,SMR_CCS,NG,0.0
277,2050,reg1,SMR_CCS,NG,0.0
278,2051,reg1,SMR_CCS,NG,0.0
279,2052,reg1,SMR_CCS,NG,0.0
280,2053,reg1,SMR_CCS,NG,0.0
281,2054,reg1,SMR_CCS,NG,0.0
282,2055,reg1,SMR_CCS,NG,0.0
283,2056,reg1,SMR_CCS,NG,0.0
284,2057,reg1,SMR_CCS,NG,0.0
285,2058,reg1,SMR_CCS,NG,0.0
286,2059,reg1,SMR_CCS,NG,0.0
287,2060,reg1,SMR_CCS,NG,0.0
288,2025,reg1,Electrolysis_PEM,Electricity,0.0
289,2026,reg1,Electrolysis_PEM,Electricity,0.0
290,2027,reg1,Electrolysis_PEM,Electricity,0.0
291,2028,reg1,Electrolysis_PEM,Electricity,0.0
292,2029,reg1,Electrolysis_PEM,Electricity,0.0
293,2030,reg1,Electrolysis_PEM,Electricity,0.0
294,2031,reg1,Electrolysis_PEM,Electricity,0.0
295,2032,reg1,Electrolysis_PEM,Electricity,0.0
296,2033,reg1,Electrolysis_PEM,Electricity,0.0
297,2034,reg1,Electrolysis_PEM,Electricity,0.0
298,2035,reg1,Electrolysis_PEM,Electricity,0.0
299,2036,reg1,Electrolysis_PEM,Electricity,0.0
300,2037,reg1,Electrolysis_PEM,Electricity,0.0
301,2038,reg1,Electrolysis_PEM,Electricity,0.0
302,2039,reg1,Electrolysis_PEM,Electricity,222.4673355708406
303,2040,reg1,Electrolysis_PEM,Electricity,266.6067335803959
304,2041,reg1,Electrolysis_PEM,Electricity,216.7610426866397
305,2042,reg1,Electrolysis_PEM,Electricity,209.87500000000003
306,2043,reg1,Electrolysis_PEM,Electricity,244.85416666666669
307,2044,reg1,Electrolysis_PEM,Electricity,244.85416666666669
308,2045,reg1,Electrolysis_PEM,Electricity,244.85416666666669
309,2046,reg1,Electrolysis_PEM,Electricity,244.85416666666669
310,2047,reg1,Electrolysis_PEM,Electricity,244.85416666666669
311,2048,reg1,Electrolysis_PEM,Electricity,244.85416666666669
312,2049,reg1,Electrolysis_PEM,Electricity,279.83333333333337
313,2050,reg1,Electrolysis_PEM,Electricity,279.83333333333337
314,2051,reg1,Electrolysis_PEM,Electricity,279.83333333333337
315,2052,reg1,Electrolysis_PEM,Electricity,244.85416666666669
316,2053,reg1,Electrolysis_PEM,Electricity,244.85416666666669
317,2054,reg1,Electrolysis_PEM,Electricity,244.85416666666669
318,2055,reg1,Electrolysis_PEM,Electricity,244.85416666666669
319,2056,reg1,Electrolysis_PEM,Electricity,209.87500000000003
320,2057,reg1,Electrolysis_PEM,Electricity,243.4401518078128
321,2058,reg1,Electrolysis_PEM,Electricity,243.44015180964954
322,2059,reg1,Electrolysis_PEM,Electricity,0.0
323,2060,reg1,Electrolysis_PEM,Electricity,0.0
324,2025,reg1,SFF_PP,Solid_fossil_fuels,9540.399291570613
325,2026,reg1,SFF_PP,Solid_fossil_fuels,7209.914226554355
326,2027,reg1,SFF_PP,Solid_fossil_fuels,4232.958989393169
327,2028,reg1,SFF_PP,Solid_fossil_fuels,3833.9033275753154
328,2029,reg1,SFF_PP,Solid_fossil_fuels,3410.9043260483922
329,2030,reg1,SFF_PP,Solid_fossil_fuels,0.0
330,2031,reg1,SFF_PP,Solid_fossil_fuels,0.0
331,2032,reg1,SFF_PP,Solid_fossil_fuels,0.0
332,2033,reg1,SFF_PP,Solid_fossil_fuels,0.0
333,2034,reg1,SFF_PP,Solid_fossil_fuels,0.0
334,2035,reg1,SFF_PP,Solid_fossil_fuels,0.0
335,2036,reg1,SFF_PP,Solid_fossil_fuels,0.0
336,2037,reg1,SFF_PP,Solid_fossil_fuels,0.0
337,2038,reg1,SFF_PP,Solid_fossil_fuels,0.0
338,2039,reg1,SFF_PP,Solid_fossil_fuels,0.0
339,2040,reg1,SFF_PP,Solid_fossil_fuels,0.0
340,2041,reg1,SFF_PP,Solid_fossil_fuels,0.0
341,2042,reg1,SFF_PP,Solid_fossil_fuels,0.0
342,2043,reg1,SFF_PP,Solid_fossil_fuels,0.0
343,2044,reg1,SFF_PP,Solid_fossil_fuels,0.0
344,2045,reg1,SFF_PP,Solid_fossil_fuels,0.0
345,2046,reg1,SFF_PP,Solid_fossil_fuels,0.0
346,2047,reg1,SFF_PP,Solid_fossil_fuels,0.0
347,2048,reg1,SFF_PP,Solid_fossil_fuels,0.0
348,2049,reg1,SFF_PP,Solid_fossil_fuels,0.0
349,2050,reg1,SFF_PP,Solid_fossil_fuels,0.0
350,2051,reg1,SFF_PP,Solid_fossil_fuels,0.0
351,2052,reg1,SFF_PP,Solid_fossil_fuels,0.0
352,2053,reg1,SFF_PP,Solid_fossil_fuels,0.0
353,2054,reg1,SFF_PP,Solid_fossil_fuels,0.0
354,2055,reg1,SFF_PP,Solid_fossil_fuels,0.0
355,2056,reg1,SFF_PP,Solid_fossil_fuels,0.0
356,2057,reg1,SFF_PP,Solid_fossil_fuels,0.0
357,2058,reg1,SFF_PP,Solid_fossil_fuels,0.0
358,2059,reg1,SFF_PP,Solid_fossil_fuels,0.0
359,2060,reg1,SFF_PP,Solid_fossil_fuels,0.0
360,2025,reg1,Nuc_SMR_PP,UO2_fuel,0.0
361,2026,reg1,Nuc_SMR_PP,UO2_fuel,0.0
362,2027,reg1,Nuc_SMR_PP,UO2_fuel,0.0
363,2028,reg1,Nuc_SMR_PP,UO2_fuel,0.0
364,2029,reg1,Nuc_SMR_PP,UO2_fuel,0.0
365,2030,reg1,Nuc_SMR_PP,UO2_fuel,0.0
366,2031,reg1,Nuc_SMR_PP,UO2_fuel,0.0
367,2032,reg1,Nuc_SMR_PP,UO2_fuel,0.0
368,2033,reg1,Nuc_SMR_PP,UO2_fuel,0.0
369,2034,reg1,Nuc_SMR_PP,UO2_fuel,0.0
370,2035,reg1,Nuc_SMR_PP,UO2_fuel,0.0
371,2036,reg1,Nuc_SMR_PP,UO2_fuel,0.0
372,2037,reg1,Nuc_SMR_PP,UO2_fuel,0.0
373,2038,reg1,Nuc_SMR_PP,UO2_fuel,0.0
374,2039,reg1,Nuc_SMR_PP,UO2_fuel,0.0
375,2040,reg1,Nuc_SMR_PP,UO2_fuel,0.0
376,2041,reg1,Nuc_SMR_PP,UO2_fuel,0.0
377,2042,reg1,Nuc_SMR_PP,UO2_fuel,0.0
378,2043,reg1,Nuc_SMR_PP,UO2_fuel,0.0
379,2044,reg1,Nuc_SMR_PP,UO2_fuel,0.0
380,2045,reg1,Nuc_SMR_PP,UO2_fuel,0.0
381,2046,reg1,Nuc_SMR_PP,UO2_fuel,0.0
382,2047,reg1,Nuc_SMR_PP,UO2_fuel,0.0
383,2048,reg1,Nuc_SMR_PP,UO2_fuel,0.0
384,2049,reg1,Nuc_SMR_PP,UO2_fuel,0.0
385,2050,reg1,Nuc_SMR_PP,UO2_fuel,0.0
386,2051,reg1,Nuc_SMR_PP,UO2_fuel,0.0
387,2052,reg1,Nuc_SMR_PP,UO2_fuel,0.0
388,2053,reg1,Nuc_SMR_PP,UO2_fuel,0.0
389,2054,reg1,Nuc_SMR_PP,UO2_fuel,0.0
390,2055,reg1,Nuc_SMR_PP,UO2_fuel,0.0
391,2056,reg1,Nuc_SMR_PP,UO2_fuel,0.0
392,2057,reg1,Nuc_SMR_PP,UO2_fuel,0.0
393,2058,reg1,Nuc_SMR_PP,UO2_fuel,0.0
394,2059,reg1,Nuc_SMR_PP,UO2_fuel,0.0
395,2060,reg1,Nuc_SMR_PP,UO2_fuel,0.0
396,2025,reg1,Nuc_G3+_PP,UO2_fuel,0.0
397,2026,reg1,Nuc_G3+_PP,UO2_fuel,0.0
398,2027,reg1,Nuc_G3+_PP,UO2_fuel,0.0
399,2028,reg1,Nuc_G3+_PP,UO2_fuel,0.0
400,2029,reg1,Nuc_G3+_PP,UO2_fuel,0.0
401,2030,reg1,Nuc_G3+_PP,UO2_fuel,0.0
402,2031,reg1,Nuc_G3+_PP,UO2_fuel,0.0
403,2032,reg1,Nuc_G3+_PP,UO2_fuel,0.0
404,2033,reg1,Nuc_G3+_PP,UO2_fuel,0.0
405,2034,reg1,Nuc_G3+_PP,UO2_fuel,0.0
406,2035,reg1,Nuc_G3+_PP,UO2_fuel,0.0
407,2036,reg1,Nuc_G3+_PP,UO2_fuel,0.0
408,2037,reg1,Nuc_G3+_PP,UO2_fuel,0.0
409,2038,reg1,Nuc_G3+_PP,UO2_fuel,0.0
410,2039,reg1,Nuc_G3+_PP,UO2_fuel,0.0
411,2040,reg1,Nuc_G3+_PP,UO2_fuel,0.0
412,2041,reg1,Nuc_G3+_PP,UO2_fuel,0.0
413,2042,reg1,Nuc_G3+_PP,UO2_fuel,0.0
414,2043,reg1,Nuc_G3+_PP,UO2_fuel,0.0
415,2044,reg1,Nuc_G3+_PP,UO2_fuel,0.0
416,2045,reg1,Nuc_G3+_PP,UO2_fuel,0.0
417,2046,reg1,Nuc_G3+_PP,UO2_fuel,0.0
418,2047,reg1,Nuc_G3+_PP,UO2_fuel,0.0
419,2048,reg1,Nuc_G3+_PP,UO2_fuel,0.0
420,2049,reg1,Nuc_G3+_PP,UO2_fuel,0.0
421,2050,reg1,Nuc_G3+_PP,UO2_fuel,0.0
422,2051,reg1,Nuc_G3+_PP,UO2_fuel,0.0
423,2052,reg1,Nuc_G3+_PP,UO2_fuel,0.0
424,2053,reg1,Nuc_G3+_PP,UO2_fuel,0.0
425,2054,reg1,Nuc_G3+_PP,UO2_fuel,0.0
426,2055,reg1,Nuc_G3+_PP,UO2_fuel,0.0
427,2056,reg1,Nuc_G3+_PP,UO2_fuel,0.0
428,2057,reg1,Nuc_G3+_PP,UO2_fuel,0.0
429,2058,reg1,Nuc_G3+_PP,UO2_fuel,0.0
430,2059,reg1,Nuc_G3+_PP,UO2_fuel,0.0
431,2060,reg1,Nuc_G3+_PP,UO2_fuel,0.0
432,2025,reg1,Nuc_SMR_CHP,UO2_fuel,0.0
433,2026,reg1,Nuc_SMR_CHP,UO2_fuel,0.0
434,2027,reg1,Nuc_SMR_CHP,UO2_fuel,0.0
435,2028,reg1,Nuc_SMR_CHP,UO2_fuel,0.0
436,2029,reg1,Nuc_SMR_CHP,UO2_fuel,0.0
437,2030,reg1,Nuc_SMR_CHP,UO2_fuel,0.0
438,2031,reg1,Nuc_SMR_CHP,UO2_fuel,0.0
439,2032,reg1,Nuc_SMR_CHP,UO2_fuel,0.0
440,2033,reg1,Nuc_SMR_CHP,UO2_fuel,0.0
441,2034,reg1,Nuc_SMR_CHP,UO2_fuel,0.0
442,2035,reg1,Nuc_SMR_CHP,UO2_fuel,0.0
443,2036,reg1,Nuc_SMR_CHP,UO2_fuel,0.0
444,2037,reg1,Nuc_SMR_CHP,UO2_fuel,0.0
445,2038,reg1,Nuc_SMR_CHP,UO2_fuel,0.0
446,2039,reg1,Nuc_SMR_CHP,UO2_fuel,0.0
447,2040,reg1,Nuc_SMR_CHP,UO2_fuel,0.0
448,2041,reg1,Nuc_SMR_CHP,UO2_fuel,0.0
449,2042,reg1,Nuc_SMR_CHP,UO2_fuel,0.0
450,2043,reg1,Nuc_SMR_CHP,UO2_fuel,0.0
451,2044,reg1,Nuc_SMR_CHP,UO2_fuel,0.0
452,2045,reg1,Nuc_SMR_CHP,UO2_fuel,0.0
453,2046,reg1,Nuc_SMR_CHP,UO2_fuel,0.0
454,2047,reg1,Nuc_SMR_CHP,UO2_fuel,0.0
455,2048,reg1,Nuc_SMR_CHP,UO2_fuel,0.0
456,2049,reg1,Nuc_SMR_CHP,UO2_fuel,0.0
457,2050,reg1,Nuc_SMR_CHP,UO2_fuel,0.0
458,2051,reg1,Nuc_SMR_CHP,UO2_fuel,0.0
459,2052,reg1,Nuc_SMR_CHP,UO2_fuel,0.0
460,2053,reg1,Nuc_SMR_CHP,UO2_fuel,0.0
461,2054,reg1,Nuc_SMR_CHP,UO2_fuel,0.0
462,2055,reg1,Nuc_SMR_CHP,UO2_fuel,0.0
463,2056,reg1,Nuc_SMR_CHP,UO2_fuel,0.0
464,2057,reg1,Nuc_SMR_CHP,UO2_fuel,0.0
465,2058,reg1,Nuc_SMR_CHP,UO2_fuel,0.0
466,2059,reg1,Nuc_SMR_CHP,UO2_fuel,0.0
467,2060,reg1,Nuc_SMR_CHP,UO2_fuel,0.0
468,2025,reg1,Nuc_SMR_Power-CHP,Nuc_CHP-Heat,0.0
469,2026,reg1,Nuc_SMR_Power-CHP,Nuc_CHP-Heat,0.0
470,2027,reg1,Nuc_SMR_Power-CHP,Nuc_CHP-Heat,0.0
471,2028,reg1,Nuc_SMR_Power-CHP,Nuc_CHP-Heat,0.0
472,2029,reg1,Nuc_SMR_Power-CHP,Nuc_CHP-Heat,0.0
473,2030,reg1,Nuc_SMR_Power-CHP,Nuc_CHP-Heat,0.0
474,2031,reg1,Nuc_SMR_Power-CHP,Nuc_CHP-Heat,0.0
475,2032,reg1,Nuc_SMR_Power-CHP,Nuc_CHP-Heat,0.0
476,2033,reg1,Nuc_SMR_Power-CHP,Nuc_CHP-Heat,0.0
477,2034,reg1,Nuc_SMR_Power-CHP,Nuc_CHP-Heat,0.0
478,2035,reg1,Nuc_SMR_Power-CHP,Nuc_CHP-Heat,0.0
479,2036,reg1,Nuc_SMR_Power-CHP,Nuc_CHP-Heat,0.0
480,2037,reg1,Nuc_SMR_Power-CHP,Nuc_CHP-Heat,0.0
481,2038,reg1,Nuc_SMR_Power-CHP,Nuc_CHP-Heat,0.0
482,2039,reg1,Nuc_SMR_Power-CHP,Nuc_CHP-Heat,0.0
483,2040,reg1,Nuc_SMR_Power-CHP,Nuc_CHP-Heat,0.0
484,2041,reg1,Nuc_SMR_Power-CHP,Nuc_CHP-Heat,0.0
485,2042,reg1,Nuc_SMR_Power-CHP,Nuc_CHP-Heat,0.0
486,2043,reg1,Nuc_SMR_Power-CHP,Nuc_CHP-Heat,0.0
487,2044,reg1,Nuc_SMR_Power-CHP,Nuc_CHP-Heat,0.0
488,2045,reg1,Nuc_SMR_Power-CHP,Nuc_CHP-Heat,0.0
489,2046,reg1,Nuc_SMR_Power-CHP,Nuc_CHP-Heat,0.0
490,2047,reg1,Nuc_SMR_Power-CHP,Nuc_CHP-Heat,0.0
491,2048,reg1,Nuc_SMR_Power-CHP,Nuc_CHP-Heat,0.0
492,2049,reg1,Nuc_SMR_Power-CHP,Nuc_CHP-Heat,0.0
493,2050,reg1,Nuc_SMR_Power-CHP,Nuc_CHP-Heat,0.0
494,2051,reg1,Nuc_SMR_Power-CHP,Nuc_CHP-Heat,0.0
495,2052,reg1,Nuc_SMR_Power-CHP,Nuc_CHP-Heat,0.0
496,2053,reg1,Nuc_SMR_Power-CHP,Nuc_CHP-Heat,0.0
497,2054,reg1,Nuc_SMR_Power-CHP,Nuc_CHP-Heat,0.0
498,2055,reg1,Nuc_SMR_Power-CHP,Nuc_CHP-Heat,0.0
499,2056,reg1,Nuc_SMR_Power-CHP,Nuc_CHP-Heat,0.0
500,2057,reg1,Nuc_SMR_Power-CHP,Nuc_CHP-Heat,0.0
501,2058,reg1,Nuc_SMR_Power-CHP,Nuc_CHP-Heat,0.0
502,2059,reg1,Nuc_SMR_Power-CHP,Nuc_CHP-Heat,0.0
503,2060,reg1,Nuc_SMR_Power-CHP,Nuc_CHP-Heat,0.0
504,2025,reg1,Nuc_SMR_Heat-CHP,Nuc_CHP-Heat,0.0
505,2026,reg1,Nuc_SMR_Heat-CHP,Nuc_CHP-Heat,0.0
506,2027,reg1,Nuc_SMR_Heat-CHP,Nuc_CHP-Heat,0.0
507,2028,reg1,Nuc_SMR_Heat-CHP,Nuc_CHP-Heat,0.0
508,2029,reg1,Nuc_SMR_Heat-CHP,Nuc_CHP-Heat,0.0
509,2030,reg1,Nuc_SMR_Heat-CHP,Nuc_CHP-Heat,0.0
510,2031,reg1,Nuc_SMR_Heat-CHP,Nuc_CHP-Heat,0.0
511,2032,reg1,Nuc_SMR_Heat-CHP,Nuc_CHP-Heat,0.0
512,2033,reg1,Nuc_SMR_Heat-CHP,Nuc_CHP-Heat,0.0
513,2034,reg1,Nuc_SMR_Heat-CHP,Nuc_CHP-Heat,0.0
514,2035,reg1,Nuc_SMR_Heat-CHP,Nuc_CHP-Heat,0.0
515,2036,reg1,Nuc_SMR_Heat-CHP,Nuc_CHP-Heat,0.0
516,2037,reg1,Nuc_SMR_Heat-CHP,Nuc_CHP-Heat,0.0
517,2038,reg1,Nuc_SMR_Heat-CHP,Nuc_CHP-Heat,0.0
518,2039,reg1,Nuc_SMR_Heat-CHP,Nuc_CHP-Heat,0.0
519,2040,reg1,Nuc_SMR_Heat-CHP,Nuc_CHP-Heat,0.0
520,2041,reg1,Nuc_SMR_Heat-CHP,Nuc_CHP-Heat,0.0
521,2042,reg1,Nuc_SMR_Heat-CHP,Nuc_CHP-Heat,0.0
522,2043,reg1,Nuc_SMR_Heat-CHP,Nuc_CHP-Heat,0.0
523,2044,reg1,Nuc_SMR_Heat-CHP,Nuc_CHP-Heat,0.0
524,2045,reg1,Nuc_SMR_Heat-CHP,Nuc_CHP-Heat,0.0
525,2046,reg1,Nuc_SMR_Heat-CHP,Nuc_CHP-Heat,0.0
526,2047,reg1,Nuc_SMR_Heat-CHP,Nuc_CHP-Heat,0.0
527,2048,reg1,Nuc_SMR_Heat-CHP,Nuc_CHP-Heat,0.0
528,2049,reg1,Nuc_SMR_Heat-CHP,Nuc_CHP-Heat,0.0
529,2050,reg1,Nuc_SMR_Heat-CHP,Nuc_CHP-Heat,0.0
530,2051,reg1,Nuc_SMR_Heat-CHP,Nuc_CHP-Heat,0.0
531,2052,reg1,Nuc_SMR_Heat-CHP,Nuc_CHP-Heat,0.0
532,2053,reg1,Nuc_SMR_Heat-CHP,Nuc_CHP-Heat,0.0
533,2054,reg1,Nuc_SMR_Heat-CHP,Nuc_CHP-Heat,0.0
534,2055,reg1,Nuc_SMR_Heat-CHP,Nuc_CHP-Heat,0.0
535,2056,reg1,Nuc_SMR_Heat-CHP,Nuc_CHP-Heat,0.0
536,2057,reg1,Nuc_SMR_Heat-CHP,Nuc_CHP-Heat,0.0
537,2058,reg1,Nuc_SMR_Heat-CHP,Nuc_CHP-Heat,0.0
538,2059,reg1,Nuc_SMR_Heat-CHP,Nuc_CHP-Heat,0.0
539,2060,reg1,Nuc_SMR_Heat-CHP,Nuc_CHP-Heat,0.0
540,2025,reg1,Nuc_SMR-H2_CHP,UO2_fuel,0.0
541,2026,reg1,Nuc_SMR-H2_CHP,UO2_fuel,0.0
542,2027,reg1,Nuc_SMR-H2_CHP,UO2_fuel,0.0
543,2028,reg1,Nuc_SMR-H2_CHP,UO2_fuel,0.0
544,2029,reg1,Nuc_SMR-H2_CHP,UO2_fuel,0.0
545,2030,reg1,Nuc_SMR-H2_CHP,UO2_fuel,0.0
546,2031,reg1,Nuc_SMR-H2_CHP,UO2_fuel,0.0
547,2032,reg1,Nuc_SMR-H2_CHP,UO2_fuel,0.0
548,2033,reg1,Nuc_SMR-H2_CHP,UO2_fuel,0.0
549,2034,reg1,Nuc_SMR-H2_CHP,UO2_fuel,0.0
550,2035,reg1,Nuc_SMR-H2_CHP,UO2_fuel,0.0
551,2036,reg1,Nuc_SMR-H2_CHP,UO2_fuel,0.0
552,2037,reg1,Nuc_SMR-H2_CHP,UO2_fuel,0.0
553,2038,reg1,Nuc_SMR-H2_CHP,UO2_fuel,0.0
554,2039,reg1,Nuc_SMR-H2_CHP,UO2_fuel,0.0
555,2040,reg1,Nuc_SMR-H2_CHP,UO2_fuel,0.0
556,2041,reg1,Nuc_SMR-H2_CHP,UO2_fuel,0.0
557,2042,reg1,Nuc_SMR-H2_CHP,UO2_fuel,0.0
558,2043,reg1,Nuc_SMR-H2_CHP,UO2_fuel,0.0
559,2044,reg1,Nuc_SMR-H2_CHP,UO2_fuel,0.0
560,2045,reg1,Nuc_SMR-H2_CHP,UO2_fuel,0.0
561,2046,reg1,Nuc_SMR-H2_CHP,UO2_fuel,0.0
562,2047,reg1,Nuc_SMR-H2_CHP,UO2_fuel,0.0
563,2048,reg1,Nuc_SMR-H2_CHP,UO2_fuel,0.0
564,2049,reg1,Nuc_SMR-H2_CHP,UO2_fuel,0.0
565,2050,reg1,Nuc_SMR-H2_CHP,UO2_fuel,0.0
566,2051,reg1,Nuc_SMR-H2_CHP,UO2_fuel,0.0
567,2052,reg1,Nuc_SMR-H2_CHP,UO2_fuel,0.0
568,2053,reg1,Nuc_SMR-H2_CHP,UO2_fuel,0.0
569,2054,reg1,Nuc_SMR-H2_CHP,UO2_fuel,0.0
570,2055,reg1,Nuc_SMR-H2_CHP,UO2_fuel,0.0
571,2056,reg1,Nuc_SMR-H2_CHP,UO2_fuel,0.0
572,2057,reg1,Nuc_SMR-H2_CHP,UO2_fuel,0.0
573,2058,reg1,Nuc_SMR-H2_CHP,UO2_fuel,0.0
574,2059,reg1,Nuc_SMR-H2_CHP,UO2_fuel,0.0
575,2060,reg1,Nuc_SMR-H2_CHP,UO2_fuel,0.0
576,2025,reg1,Nuc_SMR-H2_Power-CHP,Nuc_CHP-H2-Heat,0.0
577,2026,reg1,Nuc_SMR-H2_Power-CHP,Nuc_CHP-H2-Heat,0.0
578,2027,reg1,Nuc_SMR-H2_Power-CHP,Nuc_CHP-H2-Heat,0.0
579,2028,reg1,Nuc_SMR-H2_Power-CHP,Nuc_CHP-H2-Heat,0.0
580,2029,reg1,Nuc_SMR-H2_Power-CHP,Nuc_CHP-H2-Heat,0.0
581,2030,reg1,Nuc_SMR-H2_Power-CHP,Nuc_CHP-H2-Heat,0.0
582,2031,reg1,Nuc_SMR-H2_Power-CHP,Nuc_CHP-H2-Heat,0.0
583,2032,reg1,Nuc_SMR-H2_Power-CHP,Nuc_CHP-H2-Heat,0.0
584,2033,reg1,Nuc_SMR-H2_Power-CHP,Nuc_CHP-H2-Heat,0.0
585,2034,reg1,Nuc_SMR-H2_Power-CHP,Nuc_CHP-H2-Heat,0.0
586,2035,reg1,Nuc_SMR-H2_Power-CHP,Nuc_CHP-H2-Heat,0.0
587,2036,reg1,Nuc_SMR-H2_Power-CHP,Nuc_CHP-H2-Heat,0.0
588,2037,reg1,Nuc_SMR-H2_Power-CHP,Nuc_CHP-H2-Heat,0.0
589,2038,reg1,Nuc_SMR-H2_Power-CHP,Nuc_CHP-H2-Heat,0.0
590,2039,reg1,Nuc_SMR-H2_Power-CHP,Nuc_CHP-H2-Heat,0.0
591,2040,reg1,Nuc_SMR-H2_Power-CHP,Nuc_CHP-H2-Heat,0.0
592,2041,reg1,Nuc_SMR-H2_Power-CHP,Nuc_CHP-H2-Heat,0.0
593,2042,reg1,Nuc_SMR-H2_Power-CHP,Nuc_CHP-H2-Heat,0.0
594,2043,reg1,Nuc_SMR-H2_Power-CHP,Nuc_CHP-H2-Heat,0.0
595,2044,reg1,Nuc_SMR-H2_Power-CHP,Nuc_CHP-H2-Heat,0.0
596,2045,reg1,Nuc_SMR-H2_Power-CHP,Nuc_CHP-H2-Heat,0.0
597,2046,reg1,Nuc_SMR-H2_Power-CHP,Nuc_CHP-H2-Heat,0.0
598,2047,reg1,Nuc_SMR-H2_Power-CHP,Nuc_CHP-H2-Heat,0.0
599,2048,reg1,Nuc_SMR-H2_Power-CHP,Nuc_CHP-H2-Heat,0.0
600,2049,reg1,Nuc_SMR-H2_Power-CHP,Nuc_CHP-H2-Heat,0.0
601,2050,reg1,Nuc_SMR-H2_Power-CHP,Nuc_CHP-H2-Heat,0.0
602,2051,reg1,Nuc_SMR-H2_Power-CHP,Nuc_CHP-H2-Heat,0.0
603,2052,reg1,Nuc_SMR-H2_Power-CHP,Nuc_CHP-H2-Heat,0.0
604,2053,reg1,Nuc_SMR-H2_Power-CHP,Nuc_CHP-H2-Heat,0.0
605,2054,reg1,Nuc_SMR-H2_Power-CHP,Nuc_CHP-H2-Heat,0.0
606,2055,reg1,Nuc_SMR-H2_Power-CHP,Nuc_CHP-H2-Heat,0.0
607,2056,reg1,Nuc_SMR-H2_Power-CHP,Nuc_CHP-H2-Heat,0.0
608,2057,reg1,Nuc_SMR-H2_Power-CHP,Nuc_CHP-H2-Heat,0.0
609,2058,reg1,Nuc_SMR-H2_Power-CHP,Nuc_CHP-H2-Heat,0.0
610,2059,reg1,Nuc_SMR-H2_Power-CHP,Nuc_CHP-H2-Heat,0.0
611,2060,reg1,Nuc_SMR-H2_Power-CHP,Nuc_CHP-H2-Heat,0.0
612,2025,reg1,Nuc_SMR-H2_Heat-CHP,Nuc_CHP-H2-Heat,0.0
613,2026,reg1,Nuc_SMR-H2_Heat-CHP,Nuc_CHP-H2-Heat,0.0
614,2027,reg1,Nuc_SMR-H2_Heat-CHP,Nuc_CHP-H2-Heat,0.0
615,2028,reg1,Nuc_SMR-H2_Heat-CHP,Nuc_CHP-H2-Heat,0.0
616,2029,reg1,Nuc_SMR-H2_Heat-CHP,Nuc_CHP-H2-Heat,0.0
617,2030,reg1,Nuc_SMR-H2_Heat-CHP,Nuc_CHP-H2-Heat,0.0
618,2031,reg1,Nuc_SMR-H2_Heat-CHP,Nuc_CHP-H2-Heat,0.0
619,2032,reg1,Nuc_SMR-H2_Heat-CHP,Nuc_CHP-H2-Heat,0.0
620,2033,reg1,Nuc_SMR-H2_Heat-CHP,Nuc_CHP-H2-Heat,0.0
621,2034,reg1,Nuc_SMR-H2_Heat-CHP,Nuc_CHP-H2-Heat,0.0
622,2035,reg1,Nuc_SMR-H2_Heat-CHP,Nuc_CHP-H2-Heat,0.0
623,2036,reg1,Nuc_SMR-H2_Heat-CHP,Nuc_CHP-H2-Heat,0.0
624,2037,reg1,Nuc_SMR-H2_Heat-CHP,Nuc_CHP-H2-Heat,0.0
625,2038,reg1,Nuc_SMR-H2_Heat-CHP,Nuc_CHP-H2-Heat,0.0
626,2039,reg1,Nuc_SMR-H2_Heat-CHP,Nuc_CHP-H2-Heat,0.0
627,2040,reg1,Nuc_SMR-H2_Heat-CHP,Nuc_CHP-H2-Heat,0.0
628,2041,reg1,Nuc_SMR-H2_Heat-CHP,Nuc_CHP-H2-Heat,0.0
629,2042,reg1,Nuc_SMR-H2_Heat-CHP,Nuc_CHP-H2-Heat,0.0
630,2043,reg1,Nuc_SMR-H2_Heat-CHP,Nuc_CHP-H2-Heat,0.0
631,2044,reg1,Nuc_SMR-H2_Heat-CHP,Nuc_CHP-H2-Heat,0.0
632,2045,reg1,Nuc_SMR-H2_Heat-CHP,Nuc_CHP-H2-Heat,0.0
633,2046,reg1,Nuc_SMR-H2_Heat-CHP,Nuc_CHP-H2-Heat,0.0
634,2047,reg1,Nuc_SMR-H2_Heat-CHP,Nuc_CHP-H2-Heat,0.0
635,2048,reg1,Nuc_SMR-H2_Heat-CHP,Nuc_CHP-H2-Heat,0.0
636,2049,reg1,Nuc_SMR-H2_Heat-CHP,Nuc_CHP-H2-Heat,0.0
637,2050,reg1,Nuc_SMR-H2_Heat-CHP,Nuc_CHP-H2-Heat,0.0
638,2051,reg1,Nuc_SMR-H2_Heat-CHP,Nuc_CHP-H2-Heat,0.0
639,2052,reg1,Nuc_SMR-H2_Heat-CHP,Nuc_CHP-H2-Heat,0.0
640,2053,reg1,Nuc_SMR-H2_Heat-CHP,Nuc_CHP-H2-Heat,0.0
641,2054,reg1,Nuc_SMR-H2_Heat-CHP,Nuc_CHP-H2-Heat,0.0
642,2055,reg1,Nuc_SMR-H2_Heat-CHP,Nuc_CHP-H2-Heat,0.0
643,2056,reg1,Nuc_SMR-H2_Heat-CHP,Nuc_CHP-H2-Heat,0.0
644,2057,reg1,Nuc_SMR-H2_Heat-CHP,Nuc_CHP-H2-Heat,0.0
645,2058,reg1,Nuc_SMR-H2_Heat-CHP,Nuc_CHP-H2-Heat,0.0
646,2059,reg1,Nuc_SMR-H2_Heat-CHP,Nuc_CHP-H2-Heat,0.0
647,2060,reg1,Nuc_SMR-H2_Heat-CHP,Nuc_CHP-H2-Heat,0.0
648,2025,reg1,NGCC-CCS_CHP,NG,0.0
649,2026,reg1,NGCC-CCS_CHP,NG,0.0
650,2027,reg1,NGCC-CCS_CHP,NG,0.0
651,2028,reg1,NGCC-CCS_CHP,NG,0.0
652,2029,reg1,NGCC-CCS_CHP,NG,0.0
653,2030,reg1,NGCC-CCS_CHP,NG,0.0
654,2031,reg1,NGCC-CCS_CHP,NG,0.0
655,2032,reg1,NGCC-CCS_CHP,NG,0.0
656,2033,reg1,NGCC-CCS_CHP,NG,0.0
657,2034,reg1,NGCC-CCS_CHP,NG,0.0
658,2035,reg1,NGCC-CCS_CHP,NG,0.0
659,2036,reg1,NGCC-CCS_CHP,NG,0.0
660,2037,reg1,NGCC-CCS_CHP,NG,0.0
661,2038,reg1,NGCC-CCS_CHP,NG,0.0
662,2039,reg1,NGCC-CCS_CHP,NG,0.0
663,2040,reg1,NGCC-CCS_CHP,NG,0.0
664,2041,reg1,NGCC-CCS_CHP,NG,0.0
665,2042,reg1,NGCC-CCS_CHP,NG,0.0
666,2043,reg1,NGCC-CCS_CHP,NG,0.0
667,2044,reg1,NGCC-CCS_CHP,NG,0.0
668,2045,reg1,NGCC-CCS_CHP,NG,0.0
669,2046,reg1,NGCC-CCS_CHP,NG,0.0
670,2047,reg1,NGCC-CCS_CHP,NG,0.0
671,2048,reg1,NGCC-CCS_CHP,NG,0.0
672,2049,reg1,NGCC-CCS_CHP,NG,0.0
673,2050,reg1,NGCC-CCS_CHP,NG,0.0
674,2051,reg1,NGCC-CCS_CHP,NG,0.0
675,2052,reg1,NGCC-CCS_CHP,NG,0.0
676,2053,reg1,NGCC-CCS_CHP,NG,0.0
677,2054,reg1,NGCC-CCS_CHP,NG,0.0
678,2055,reg1,NGCC-CCS_CHP,NG,0.0
679,2056,reg1,NGCC-CCS_CHP,NG,0.0
680,2057,reg1,NGCC-CCS_CHP,NG,0.0
681,2058,reg1,NGCC-CCS_CHP,NG,0.0
682,2059,reg1,NGCC-CCS_CHP,NG,0.0
683,2060,reg1,NGCC-CCS_CHP,NG,0.0
684,2025,reg1,NGCC-CCS_Power-CHP,NGCC_CHP-Heat,0.0
685,2026,reg1,NGCC-CCS_Power-CHP,NGCC_CHP-Heat,0.0
686,2027,reg1,NGCC-CCS_Power-CHP,NGCC_CHP-Heat,0.0
687,2028,reg1,NGCC-CCS_Power-CHP,NGCC_CHP-Heat,0.0
688,2029,reg1,NGCC-CCS_Power-CHP,NGCC_CHP-Heat,0.0
689,2030,reg1,NGCC-CCS_Power-CHP,NGCC_CHP-Heat,0.0
690,2031,reg1,NGCC-CCS_Power-CHP,NGCC_CHP-Heat,0.0
691,2032,reg1,NGCC-CCS_Power-CHP,NGCC_CHP-Heat,0.0
692,2033,reg1,NGCC-CCS_Power-CHP,NGCC_CHP-Heat,0.0
693,2034,reg1,NGCC-CCS_Power-CHP,NGCC_CHP-Heat,0.0
694,2035,reg1,NGCC-CCS_Power-CHP,NGCC_CHP-Heat,0.0
695,2036,reg1,NGCC-CCS_Power-CHP,NGCC_CHP-Heat,0.0
696,2037,reg1,NGCC-CCS_Power-CHP,NGCC_CHP-Heat,0.0
697,2038,reg1,NGCC-CCS_Power-CHP,NGCC_CHP-Heat,0.0
698,2039,reg1,NGCC-CCS_Power-CHP,NGCC_CHP-Heat,0.0
699,2040,reg1,NGCC-CCS_Power-CHP,NGCC_CHP-Heat,0.0
700,2041,reg1,NGCC-CCS_Power-CHP,NGCC_CHP-Heat,0.0
701,2042,reg1,NGCC-CCS_Power-CHP,NGCC_CHP-Heat,0.0
702,2043,reg1,NGCC-CCS_Power-CHP,NGCC_CHP-Heat,0.0
703,2044,reg1,NGCC-CCS_Power-CHP,NGCC_CHP-Heat,0.0
704,2045,reg1,NGCC-CCS_Power-CHP,NGCC_CHP-Heat,0.0
705,2046,reg1,NGCC-CCS_Power-CHP,NGCC_CHP-Heat,0.0
706,2047,reg1,NGCC-CCS_Power-CHP,NGCC_CHP-Heat,0.0
707,2048,reg1,NGCC-CCS_Power-CHP,NGCC_CHP-Heat,0.0
708,2049,reg1,NGCC-CCS_Power-CHP,NGCC_CHP-Heat,0.0
709,2050,reg1,NGCC-CCS_Power-CHP,NGCC_CHP-Heat,0.0
710,2051,reg1,NGCC-CCS_Power-CHP,NGCC_CHP-Heat,0.0
711,2052,reg1,NGCC-CCS_Power-CHP,NGCC_CHP-Heat,0.0
712,2053,reg1,NGCC-CCS_Power-CHP,NGCC_CHP-Heat,0.0
713,2054,reg1,NGCC-CCS_Power-CHP,NGCC_CHP-Heat,0.0
714,2055,reg1,NGCC-CCS_Power-CHP,NGCC_CHP-Heat,0.0
715,2056,reg1,NGCC-CCS_Power-CHP,NGCC_CHP-Heat,0.0
716,2057,reg1,NGCC-CCS_Power-CHP,NGCC_CHP-Heat,0.0
717,2058,reg1,NGCC-CCS_Power-CHP,NGCC_CHP-Heat,0.0
718,2059,reg1,NGCC-CCS_Power-CHP,NGCC_CHP-Heat,0.0
719,2060,reg1,NGCC-CCS_Power-CHP,NGCC_CHP-Heat,0.0
720,2025,reg1,NGCC-CCS_Heat-CHP,NGCC_CHP-Heat,0.0
721,2026,reg1,NGCC-CCS_Heat-CHP,NGCC_CHP-Heat,0.0
722,2027,reg1,NGCC-CCS_Heat-CHP,NGCC_CHP-Heat,0.0
723,2028,reg1,NGCC-CCS_Heat-CHP,NGCC_CHP-Heat,0.0
724,2029,reg1,NGCC-CCS_Heat-CHP,NGCC_CHP-Heat,0.0
725,2030,reg1,NGCC-CCS_Heat-CHP,NGCC_CHP-Heat,0.0
726,2031,reg1,NGCC-CCS_Heat-CHP,NGCC_CHP-Heat,0.0
727,2032,reg1,NGCC-CCS_Heat-CHP,NGCC_CHP-Heat,0.0
728,2033,reg1,NGCC-CCS_Heat-CHP,NGCC_CHP-Heat,0.0
729,2034,reg1,NGCC-CCS_Heat-CHP,NGCC_CHP-Heat,0.0
730,2035,reg1,NGCC-CCS_Heat-CHP,NGCC_CHP-Heat,0.0
731,2036,reg1,NGCC-CCS_Heat-CHP,NGCC_CHP-Heat,0.0
732,2037,reg1,NGCC-CCS_Heat-CHP,NGCC_CHP-Heat,0.0
733,2038,reg1,NGCC-CCS_Heat-CHP,NGCC_CHP-Heat,0.0
734,2039,reg1,NGCC-CCS_Heat-CHP,NGCC_CHP-Heat,0.0
735,2040,reg1,NGCC-CCS_Heat-CHP,NGCC_CHP-Heat,0.0
736,2041,reg1,NGCC-CCS_Heat-CHP,NGCC_CHP-Heat,0.0
737,2042,reg1,NGCC-CCS_Heat-CHP,NGCC_CHP-Heat,0.0
738,2043,reg1,NGCC-CCS_Heat-CHP,NGCC_CHP-Heat,0.0
739,2044,reg1,NGCC-CCS_Heat-CHP,NGCC_CHP-Heat,0.0
740,2045,reg1,NGCC-CCS_Heat-CHP,NGCC_CHP-Heat,0.0
741,2046,reg1,NGCC-CCS_Heat-CHP,NGCC_CHP-Heat,0.0
742,2047,reg1,NGCC-CCS_Heat-CHP,NGCC_CHP-Heat,0.0
743,2048,reg1,NGCC-CCS_Heat-CHP,NGCC_CHP-Heat,0.0
744,2049,reg1,NGCC-CCS_Heat-CHP,NGCC_CHP-Heat,0.0
745,2050,reg1,NGCC-CCS_Heat-CHP,NGCC_CHP-Heat,0.0
746,2051,reg1,NGCC-CCS_Heat-CHP,NGCC_CHP-Heat,0.0
747,2052,reg1,NGCC-CCS_Heat-CHP,NGCC_CHP-Heat,0.0
748,2053,reg1,NGCC-CCS_Heat-CHP,NGCC_CHP-Heat,0.0
749,2054,reg1,NGCC-CCS_Heat-CHP,NGCC_CHP-Heat,0.0
750,2055,reg1,NGCC-CCS_Heat-CHP,NGCC_CHP-Heat,0.0
751,2056,reg1,NGCC-CCS_Heat-CHP,NGCC_CHP-Heat,0.0
752,2057,reg1,NGCC-CCS_Heat-CHP,NGCC_CHP-Heat,0.0
753,2058,reg1,NGCC-CCS_Heat-CHP,NGCC_CHP-Heat,0.0
754,2059,reg1,NGCC-CCS_Heat-CHP,NGCC_CHP-Heat,0.0
755,2060,reg1,NGCC-CCS_Heat-CHP,NGCC_CHP-Heat,0.0
756,2025,reg1,NG_PP,NG,88575.9750805757
757,2026,reg1,NG_PP,NG,85323.70907987392
758,2027,reg1,NG_PP,NG,64121.00374052021
759,2028,reg1,NG_PP,NG,50766.248199608315
760,2029,reg1,NG_PP,NG,42439.84269952434
761,2030,reg1,NG_PP,NG,36556.84612713167
762,2031,reg1,NG_PP,NG,30677.729446639205
763,2032,reg1,NG_PP,NG,29122.767540201887
764,2033,reg1,NG_PP,NG,27725.64137920041
765,2034,reg1,NG_PP,NG,27504.680230437472
766,2035,reg1,NG_PP,NG,27657.400453420174
767,2036,reg1,NG_PP,NG,30830.954060855118
768,2037,reg1,NG_PP,NG,33968.810620622455
769,2038,reg1,NG_PP,NG,38024.37133113167
770,2039,reg1,NG_PP,NG,40456.454044591104
771,2040,reg1,NG_PP,NG,41313.74885379055
772,2041,reg1,NG_PP,NG,57867.14653478385
773,2042,reg1,NG_PP,NG,66081.56990985518
774,2043,reg1,NG_PP,NG,59477.38015208137
775,2044,reg1,NG_PP,NG,62943.809219288974
776,2045,reg1,NG_PP,NG,62330.963210335336
777,2046,reg1,NG_PP,NG,58287.09878023667
778,2047,reg1,NG_PP,NG,59436.6563074238
779,2048,reg1,NG_PP,NG,60062.10771490959
780,2049,reg1,NG_PP,NG,50826.11849094778
781,2050,reg1,NG_PP,NG,39949.69606240228
782,2051,reg1,NG_PP,NG,40031.68118532918
783,2052,reg1,NG_PP,NG,34572.90509163397
784,2053,reg1,NG_PP,NG,26320.78050321224
785,2054,reg1,NG_PP,NG,13708.579811379997
786,2055,reg1,NG_PP,NG,6587.722576439068
787,2056,reg1,NG_PP,NG,10875.243116374835
788,2057,reg1,NG_PP,NG,12565.486233187568
789,2058,reg1,NG_PP,NG,24489.05150014372
790,2059,reg1,NG_PP,NG,37349.45993327306
791,2060,reg1,NG_PP,NG,50278.68157112367
792,2025,reg1,NG_PP_CCS,NG,0.0
793,2026,reg1,NG_PP_CCS,NG,0.0
794,2027,reg1,NG_PP_CCS,NG,0.0
795,2028,reg1,NG_PP_CCS,NG,0.0
796,2029,reg1,NG_PP_CCS,NG,0.0
797,2030,reg1,NG_PP_CCS,NG,0.0
798,2031,reg1,NG_PP_CCS,NG,0.0
799,2032,reg1,NG_PP_CCS,NG,0.0
800,2033,reg1,NG_PP_CCS,NG,0.0
801,2034,reg1,NG_PP_CCS,NG,0.0
802,2035,reg1,NG_PP_CCS,NG,0.0
803,2036,reg1,NG_PP_CCS,NG,0.0
804,2037,reg1,NG_PP_CCS,NG,0.0
805,2038,reg1,NG_PP_CCS,NG,0.0
806,2039,reg1,NG_PP_CCS,NG,0.0
807,2040,reg1,NG_PP_CCS,NG,0.0
808,2041,reg1,NG_PP_CCS,NG,0.0
809,2042,reg1,NG_PP_CCS,NG,0.0
810,2043,reg1,NG_PP_CCS,NG,0.0
811,2044,reg1,NG_PP_CCS,NG,0.0
812,2045,reg1,NG_PP_CCS,NG,0.0
813,2046,reg1,NG_PP_CCS,NG,0.0
814,2047,reg1,NG_PP_CCS,NG,0.0
815,2048,reg1,NG_PP_CCS,NG,0.0
816,2049,reg1,NG_PP_CCS,NG,0.0
817,2050,reg1,NG_PP_CCS,NG,0.0
818,2051,reg1,NG_PP_CCS,NG,0.0
819,2052,reg1,NG_PP_CCS,NG,0.0
820,2053,reg1,NG_PP_CCS,NG,0.0
821,2054,reg1,NG_PP_CCS,NG,0.0
822,2055,reg1,NG_PP_CCS,NG,0.0
823,2056,reg1,NG_PP_CCS,NG,0.0
824,2057,reg1,NG_PP_CCS,NG,0.0
825,2058,reg1,NG_PP_CCS,NG,0.0
826,2059,reg1,NG_PP_CCS,NG,0.0
827,2060,reg1,NG_PP_CCS,NG,0.0
828,2025,reg1,Electrolysis_HTSE,Electricity,0.0
829,2026,reg1,Electrolysis_HTSE,Electricity,0.0
830,2027,reg1,Electrolysis_HTSE,Electricity,0.0
831,2028,reg1,Electrolysis_HTSE,Electricity,0.0
832,2029,reg1,Electrolysis_HTSE,Electricity,0.0
833,2030,reg1,Electrolysis_HTSE,Electricity,0.0
834,2031,reg1,Electrolysis_HTSE,Electricity,0.0
835,2032,reg1,Electrolysis_HTSE,Electricity,0.0
836,2033,reg1,Electrolysis_HTSE,Electricity,0.0
837,2034,reg1,Electrolysis_HTSE,Electricity,0.0
838,2035,reg1,Electrolysis_HTSE,Electricity,0.0
839,2036,reg1,Electrolysis_HTSE,Electricity,0.0
840,2037,reg1,Electrolysis_HTSE,Electricity,0.0
841,2038,reg1,Electrolysis_HTSE,Electricity,0.0
842,2039,reg1,Electrolysis_HTSE,Electricity,0.0
843,2040,reg1,Electrolysis_HTSE,Electricity,0.0
844,2041,reg1,Electrolysis_HTSE,Electricity,0.0
845,2042,reg1,Electrolysis_HTSE,Electricity,0.0
846,2043,reg1,Electrolysis_HTSE,Electricity,0.0
847,2044,reg1,Electrolysis_HTSE,Electricity,0.0
848,2045,reg1,Electrolysis_HTSE,Electricity,0.0
849,2046,reg1,Electrolysis_HTSE,Electricity,0.0
850,2047,reg1,Electrolysis_HTSE,Electricity,0.0
851,2048,reg1,Electrolysis_HTSE,Electricity,0.0
852,2049,reg1,Electrolysis_HTSE,Electricity,1.786793810941735e-08
853,2050,reg1,Electrolysis_HTSE,Electricity,0.0
854,2051,reg1,Electrolysis_HTSE,Electricity,0.0
855,2052,reg1,Electrolysis_HTSE,Electricity,0.0
856,2053,reg1,Electrolysis_HTSE,Electricity,0.0
857,2054,reg1,Electrolysis_HTSE,Electricity,0.0
858,2055,reg1,Electrolysis_HTSE,Electricity,0.0
859,2056,reg1,Electrolysis_HTSE,Electricity,0.0
860,2057,reg1,Electrolysis_HTSE,Electricity,0.0
861,2058,reg1,Electrolysis_HTSE,Electricity,0.0
862,2059,reg1,Electrolysis_HTSE,Electricity,0.0
863,2060,reg1,Electrolysis_HTSE,Electricity,0.0
864,2025,reg1,Electrolysis_HTSE,Heat-H2,0.0
865,2026,reg1,Electrolysis_HTSE,Heat-H2,0.0
866,2027,reg1,Electrolysis_HTSE,Heat-H2,0.0
867,2028,reg1,Electrolysis_HTSE,Heat-H2,0.0
868,2029,reg1,Electrolysis_HTSE,Heat-H2,0.0
869,2030,reg1,Electrolysis_HTSE,Heat-H2,0.0
870,2031,reg1,Electrolysis_HTSE,Heat-H2,0.0
871,2032,reg1,Electrolysis_HTSE,Heat-H2,0.0
872,2033,reg1,Electrolysis_HTSE,Heat-H2,0.0
873,2034,reg1,Electrolysis_HTSE,Heat-H2,0.0
874,2035,reg1,Electrolysis_HTSE,Heat-H2,0.0
875,2036,reg1,Electrolysis_HTSE,Heat-H2,0.0
876,2037,reg1,Electrolysis_HTSE,Heat-H2,0.0
877,2038,reg1,Electrolysis_HTSE,Heat-H2,0.0
878,2039,reg1,Electrolysis_HTSE,Heat-H2,0.0
879,2040,reg1,Electrolysis_HTSE,Heat-H2,0.0
880,2041,reg1,Electrolysis_HTSE,Heat-H2,0.0
881,2042,reg1,Electrolysis_HTSE,Heat-H2,0.0
882,2043,reg1,Electrolysis_HTSE,Heat-H2,0.0
883,2044,reg1,Electrolysis_HTSE,Heat-H2,0.0
884,2045,reg1,Electrolysis_HTSE,Heat-H2,0.0
885,2046,reg1,Electrolysis_HTSE,Heat-H2,0.0
886,2047,reg1,Electrolysis_HTSE,Heat-H2,0.0
887,2048,reg1,Electrolysis_HTSE,Heat-H2,0.0
888,2049,reg1,Electrolysis_HTSE,Heat-H2,4.829172462004689e-09
889,2050,reg1,Electrolysis_HTSE,Heat-H2,0.0
890,2051,reg1,Electrolysis_HTSE,Heat-H2,0.0
891,2052,reg1,Electrolysis_HTSE,Heat-H2,0.0
892,2053,reg1,Electrolysis_HTSE,Heat-H2,0.0
893,2054,reg1,Electrolysis_HTSE,Heat-H2,0.0
894,2055,reg1,Electrolysis_HTSE,Heat-H2,0.0
895,2056,reg1,Electrolysis_HTSE,Heat-H2,0.0
896,2057,reg1,Electrolysis_HTSE,Heat-H2,0.0
897,2058,reg1,Electrolysis_HTSE,Heat-H2,0.0
898,2059,reg1,Electrolysis_HTSE,Heat-H2,0.0
899,2060,reg1,Electrolysis_HTSE,Heat-H2,0.0
900,2025,reg1,NG_CHP_P,NG,178935.2026459136
901,2026,reg1,NG_CHP_P,NG,186732.60334733038
902,2027,reg1,NG_CHP_P,NG,194169.78413705277
903,2028,reg1,NG_CHP_P,NG,197735.62844297534
904,2029,reg1,NG_CHP_P,NG,190412.09075006936
905,2030,reg1,NG_CHP_P,NG,183088.5530571633
906,2031,reg1,NG_CHP_P,NG,175765.01536425727
907,2032,reg1,NG_CHP_P,NG,162737.43994448605
908,2033,reg1,NG_CHP_P,NG,150580.39234417013
909,2034,reg1,NG_CHP_P,NG,138936.02089836425
910,2035,reg1,NG_CHP_P,NG,129439.72714084396
911,2036,reg1,NG_CHP_P,NG,122866.88709847888
912,2037,reg1,NG_CHP_P,NG,118385.65889397435
913,2038,reg1,NG_CHP_P,NG,111992.02182274076
914,2039,reg1,NG_CHP_P,NG,104257.10443989941
915,2040,reg1,NG_CHP_P,NG,97681.86099998481
916,2041,reg1,NG_CHP_P,NG,90781.45069783049
917,2042,reg1,NG_CHP_P,NG,90753.64975821823
918,2043,reg1,NG_CHP_P,NG,94255.04661460407
919,2044,reg1,NG_CHP_P,NG,89105.91179750333
920,2045,reg1,NG_CHP_P,NG,86959.56618912585
921,2046,reg1,NG_CHP_P,NG,86686.52371661477
922,2047,reg1,NG_CHP_P,NG,86133.168266377
923,2048,reg1,NG_CHP_P,NG,84229.5968652028
924,2049,reg1,NG_CHP_P,NG,85083.02824602471
925,2050,reg1,NG_CHP_P,NG,86241.818481988
926,2051,reg1,NG_CHP_P,NG,86330.51506769299
927,2052,reg1,NG_CHP_P,NG,93272.31884291448
928,2053,reg1,NG_CHP_P,NG,106185.89564414014
929,2054,reg1,NG_CHP_P,NG,120493.41001365278
930,2055,reg1,NG_CHP_P,NG,131720.84010664068
931,2056,reg1,NG_CHP_P,NG,133964.271467779
932,2057,reg1,NG_CHP_P,NG,141977.61886191368
933,2058,reg1,NG_CHP_P,NG,144085.71104762025
934,2059,reg1,NG_CHP_P,NG,146172.66780412046
935,2060,reg1,NG_CHP_P,NG,148554.49028025966
936,2025,reg1,BIO_CHP_P,Biomass,0.0
937,2026,reg1,BIO_CHP_P,Biomass,489.7904766740721
938,2027,reg1,BIO_CHP_P,Biomass,979.5809533481444
939,2028,reg1,BIO_CHP_P,Biomass,1469.3714300222157
940,2029,reg1,BIO_CHP_P,Biomass,1959.1619066962876
941,2030,reg1,BIO_CHP_P,Biomass,2448.9523833703597
942,2031,reg1,BIO_CHP_P,Biomass,2938.7428600444327
943,2032,reg1,BIO_CHP_P,Biomass,3428.533336718504
944,2033,reg1,BIO_CHP_P,Biomass,3918.323813392578
945,2034,reg1,BIO_CHP_P,Biomass,4408.114290066649
946,2035,reg1,BIO_CHP_P,Biomass,4897.904766740719
947,2036,reg1,BIO_CHP_P,Biomass,5387.695243414792
948,2037,reg1,BIO_CHP_P,Biomass,5877.4857200888655
949,2038,reg1,BIO_CHP_P,Biomass,6367.276196762938
950,2039,reg1,BIO_CHP_P,Biomass,6857.066673437004
951,2040,reg1,BIO_CHP_P,Biomass,7346.85715011108
952,2041,reg1,BIO_CHP_P,Biomass,7836.647626785152
953,2042,reg1,BIO_CHP_P,Biomass,8326.438103459219
954,2043,reg1,BIO_CHP_P,Biomass,8816.228580133296
955,2044,reg1,BIO_CHP_P,Biomass,9306.019056807345
956,2045,reg1,BIO_CHP_P,Biomass,9795.809533481412
957,2046,reg1,BIO_CHP_P,Biomass,10285.600010155484
958,2047,reg1,BIO_CHP_P,Biomass,10775.390486829558
959,2048,reg1,BIO_CHP_P,Biomass,11265.180963503659
960,2049,reg1,BIO_CHP_P,Biomass,11754.971440177698
961,2050,reg1,BIO_CHP_P,Biomass,12244.761916851787
962,2051,reg1,BIO_CHP_P,Biomass,12244.761916851774
963,2052,reg1,BIO_CHP_P,Biomass,12244.76191685177
964,2053,reg1,BIO_CHP_P,Biomass,12244.761916851763
965,2054,reg1,BIO_CHP_P,Biomass,12244.76191685177
966,2055,reg1,BIO_CHP_P,Biomass,12244.761916851809
967,2056,reg1,BIO_CHP_P,Biomass,12244.761916851809
968,2057,reg1,BIO_CHP_P,Biomass,12244.76191685181
969,2058,reg1,BIO_CHP_P,Biomass,12244.76191685181
970,2059,reg1,BIO_CHP_P,Biomass,12244.76191685181
971,2060,reg1,BIO_CHP_P,Biomass,12244.761916851809
972,2025,reg1,Biogas_CHP_P,Biogas,0.0
973,2026,reg1,Biogas_CHP_P,Biogas,0.0
974,2027,reg1,Biogas_CHP_P,Biogas,50.53258878512339
975,2028,reg1,Biogas_CHP_P,Biogas,1452.9085714285711
976,2029,reg1,Biogas_CHP_P,Biogas,1937.2114285714285
977,2030,reg1,Biogas_CHP_P,Biogas,2421.5142857142855
978,2031,reg1,Biogas_CHP_P,Biogas,2252.0772583058338
979,2032,reg1,Biogas_CHP_P,Biogas,2029.2347416202233
980,2033,reg1,Biogas_CHP_P,Biogas,1634.45518600355
981,2034,reg1,Biogas_CHP_P,Biogas,2126.068973982038
982,2035,reg1,Biogas_CHP_P,Biogas,2728.3255944724087
983,2036,reg1,Biogas_CHP_P,Biogas,3195.2526046300927
984,2037,reg1,Biogas_CHP_P,Biogas,3480.903382470777
985,2038,reg1,Biogas_CHP_P,Biogas,4266.744548168575
986,2039,reg1,Biogas_CHP_P,Biogas,5559.792835215543
987,2040,reg1,Biogas_CHP_P,Biogas,6737.605426645101
988,2041,reg1,Biogas_CHP_P,Biogas,6943.410138248859
989,2042,reg1,Biogas_CHP_P,Biogas,7377.373271889418
990,2043,reg1,Biogas_CHP_P,Biogas,7811.336405529952
991,2044,reg1,Biogas_CHP_P,Biogas,7787.2273425499425
992,2045,reg1,Biogas_CHP_P,Biogas,8197.081413210468
993,2046,reg1,Biogas_CHP_P,Biogas,8606.935483870988
994,2047,reg1,Biogas_CHP_P,Biogas,9016.789554531513
995,2048,reg1,Biogas_CHP_P,Biogas,9426.64362519203
996,2049,reg1,Biogas_CHP_P,Biogas,9376.52501495065
997,2050,reg1,Biogas_CHP_P,Biogas,9643.625192012281
998,2051,reg1,Biogas_CHP_P,Biogas,10134.90797417971
999,2052,reg1,Biogas_CHP_P,Biogas,10246.351766513071
1000,2053,reg1,Biogas_CHP_P,Biogas,10246.351766513073
1001,2054,reg1,Biogas_CHP_P,Biogas,12107.571428571428
1002,2055,reg1,Biogas_CHP_P,Biogas,10851.1992070419
1003,2056,reg1,Biogas_CHP_P,Biogas,10914.014594655457
1004,2057,reg1,Biogas_CHP_P,Biogas,9500.997481560014
1005,2058,reg1,Biogas_CHP_P,Biogas,9500.997481560014
1006,2059,reg1,Biogas_CHP_P,Biogas,9500.997481559998
1007,2060,reg1,Biogas_CHP_P,Biogas,10752.790159090964
1008,2025,reg1,WtE_CHP_P,Waste,0.0
1009,2026,reg1,WtE_CHP_P,Waste,0.0
1010,2027,reg1,WtE_CHP_P,Waste,0.0
1011,2028,reg1,WtE_CHP_P,Waste,0.0
1012,2029,reg1,WtE_CHP_P,Waste,0.0
1013,2030,reg1,WtE_CHP_P,Waste,1687.5830543478264
1014,2031,reg1,WtE_CHP_P,Waste,3375.166108695653
1015,2032,reg1,WtE_CHP_P,Waste,5062.749163043478
1016,2033,reg1,WtE_CHP_P,Waste,6750.332217391305
1017,2034,reg1,WtE_CHP_P,Waste,8437.915271739132
1018,2035,reg1,WtE_CHP_P,Waste,10125.498326086956
1019,2036,reg1,WtE_CHP_P,Waste,11813.081380434785
1020,2037,reg1,WtE_CHP_P,Waste,13500.6644347826
1021,2038,reg1,WtE_CHP_P,Waste,15188.247489130432
1022,2039,reg1,WtE_CHP_P,Waste,16875.830543478267
1023,2040,reg1,WtE_CHP_P,Waste,18563.41359782609
1024,2041,reg1,WtE_CHP_P,Waste,18563.41359782609
1025,2042,reg1,WtE_CHP_P,Waste,18563.41359782609
1026,2043,reg1,WtE_CHP_P,Waste,18563.41359782609
1027,2044,reg1,WtE_CHP_P,Waste,18563.413597826082
1028,2045,reg1,WtE_CHP_P,Waste,18563.413597826082
1029,2046,reg1,WtE_CHP_P,Waste,18563.413597826082
1030,2047,reg1,WtE_CHP_P,Waste,18563.413597826082
1031,2048,reg1,WtE_CHP_P,Waste,18563.41359782609
1032,2049,reg1,WtE_CHP_P,Waste,18563.413597826082
1033,2050,reg1,WtE_CHP_P,Waste,18563.413597826082
1034,2051,reg1,WtE_CHP_P,Waste,18563.413597826082
1035,2052,reg1,WtE_CHP_P,Waste,18563.413597826086
1036,2053,reg1,WtE_CHP_P,Waste,18563.413597826086
1037,2054,reg1,WtE_CHP_P,Waste,18563.413597826082
1038,2055,reg1,WtE_CHP_P,Waste,18563.41359782609
1039,2056,reg1,WtE_CHP_P,Waste,18563.41359782609
1040,2057,reg1,WtE_CHP_P,Waste,18563.41359782609
1041,2058,reg1,WtE_CHP_P,Waste,18563.41359782609
1042,2059,reg1,WtE_CHP_P,Waste,18563.41359782609
1043,2060,reg1,WtE_CHP_P,Waste,16875.830543478256
1044,2025,reg1,WtE-CCS_CHP_P,Waste,0.0
1045,2026,reg1,WtE-CCS_CHP_P,Waste,0.0
1046,2027,reg1,WtE-CCS_CHP_P,Waste,0.0
1047,2028,reg1,WtE-CCS_CHP_P,Waste,0.0
1048,2029,reg1,WtE-CCS_CHP_P,Waste,0.0
1049,2030,reg1,WtE-CCS_CHP_P,Waste,2006.446070137735
1050,2031,reg1,WtE-CCS_CHP_P,Waste,2006.446070137735
1051,2032,reg1,WtE-CCS_CHP_P,Waste,2006.446070137735
1052,2033,reg1,WtE-CCS_CHP_P,Waste,2006.446070137735
1053,2034,reg1,WtE-CCS_CHP_P,Waste,2006.446070137735
1054,2035,reg1,WtE-CCS_CHP_P,Waste,2006.446070137735
1055,2036,reg1,WtE-CCS_CHP_P,Waste,2006.446070137735
1056,2037,reg1,WtE-CCS_CHP_P,Waste,2006.446070137735
1057,2038,reg1,WtE-CCS_CHP_P,Waste,2006.446070137735
1058,2039,reg1,WtE-CCS_CHP_P,Waste,2006.446070137735
1059,2040,reg1,WtE-CCS_CHP_P,Waste,1436.5864021739096
1060,2041,reg1,WtE-CCS_CHP_P,Waste,1436.586402173911
1061,2042,reg1,WtE-CCS_CHP_P,Waste,1436.5864021739098
1062,2043,reg1,WtE-CCS_CHP_P,Waste,1436.5864021739098
1063,2044,reg1,WtE-CCS_CHP_P,Waste,1436.5864021739249
1064,2045,reg1,WtE-CCS_CHP_P,Waste,1436.5864021739221
1065,2046,reg1,WtE-CCS_CHP_P,Waste,1436.5864021739105
1066,2047,reg1,WtE-CCS_CHP_P,Waste,1436.586402173915
1067,2048,reg1,WtE-CCS_CHP_P,Waste,1436.58640217391
1068,2049,reg1,WtE-CCS_CHP_P,Waste,1436.5864021739178
1069,2050,reg1,WtE-CCS_CHP_P,Waste,1436.5864021738976
1070,2051,reg1,WtE-CCS_CHP_P,Waste,1436.5864021739187
1071,2052,reg1,WtE-CCS_CHP_P,Waste,1436.5864021739112
1072,2053,reg1,WtE-CCS_CHP_P,Waste,1436.586402173928
1073,2054,reg1,WtE-CCS_CHP_P,Waste,1436.5864021739276
1074,2055,reg1,WtE-CCS_CHP_P,Waste,1436.586402173911
1075,2056,reg1,WtE-CCS_CHP_P,Waste,1436.5864021739103
1076,2057,reg1,WtE-CCS_CHP_P,Waste,1436.5864021739117
1077,2058,reg1,WtE-CCS_CHP_P,Waste,1436.5864021739112
1078,2059,reg1,WtE-CCS_CHP_P,Waste,1436.5864021739062
1079,2060,reg1,WtE-CCS_CHP_P,Waste,2006.446070137735
1080,2025,reg1,SOFC_CHP_P,Hydrogen,0.0
1081,2026,reg1,SOFC_CHP_P,Hydrogen,0.0
1082,2027,reg1,SOFC_CHP_P,Hydrogen,0.0
1083,2028,reg1,SOFC_CHP_P,Hydrogen,0.0
1084,2029,reg1,SOFC_CHP_P,Hydrogen,0.0
1085,2030,reg1,SOFC_CHP_P,Hydrogen,0.0
1086,2031,reg1,SOFC_CHP_P,Hydrogen,0.0
1087,2032,reg1,SOFC_CHP_P,Hydrogen,0.0
1088,2033,reg1,SOFC_CHP_P,Hydrogen,0.0
1089,2034,reg1,SOFC_CHP_P,Hydrogen,0.0
1090,2035,reg1,SOFC_CHP_P,Hydrogen,0.0
1091,2036,reg1,SOFC_CHP_P,Hydrogen,0.0
1092,2037,reg1,SOFC_CHP_P,Hydrogen,0.0
1093,2038,reg1,SOFC_CHP_P,Hydrogen,0.0
1094,2039,reg1,SOFC_CHP_P,Hydrogen,0.0
1095,2040,reg1,SOFC_CHP_P,Hydrogen,0.0
1096,2041,reg1,SOFC_CHP_P,Hydrogen,0.0
1097,2042,reg1,SOFC_CHP_P,Hydrogen,0.0
1098,2043,reg1,SOFC_CHP_P,Hydrogen,0.0
1099,2044,reg1,SOFC_CHP_P,Hydrogen,0.0
1100,2045,reg1,SOFC_CHP_P,Hydrogen,0.0
1101,2046,reg1,SOFC_CHP_P,Hydrogen,0.0
1102,2047,reg1,SOFC_CHP_P,Hydrogen,0.0
1103,2048,reg1,SOFC_CHP_P,Hydrogen,0.0
1104,2049,reg1,SOFC_CHP_P,Hydrogen,0.0
1105,2050,reg1,SOFC_CHP_P,Hydrogen,0.0
1106,2051,reg1,SOFC_CHP_P,Hydrogen,0.0
1107,2052,reg1,SOFC_CHP_P,Hydrogen,0.0
1108,2053,reg1,SOFC_CHP_P,Hydrogen,0.0
1109,2054,reg1,SOFC_CHP_P,Hydrogen,0.0
1110,2055,reg1,SOFC_CHP_P,Hydrogen,0.0
1111,2056,reg1,SOFC_CHP_P,Hydrogen,0.0
1112,2057,reg1,SOFC_CHP_P,Hydrogen,0.0
1113,2058,reg1,SOFC_CHP_P,Hydrogen,0.0
1114,2059,reg1,SOFC_CHP_P,Hydrogen,0.0
1115,2060,reg1,SOFC_CHP_P,Hydrogen,0.0
1116,2025,reg1,Oil_CHP,Petroleum_products,50896.446174116936
1117,2026,reg1,Oil_CHP,Petroleum_products,49199.897968313075
1118,2027,reg1,Oil_CHP,Petroleum_products,47503.34976250914
1119,2028,reg1,Oil_CHP,Petroleum_products,45806.801556705264
1120,2029,reg1,Oil_CHP,Petroleum_products,44110.253350901345
1121,2030,reg1,Oil_CHP,Petroleum_products,42413.70514509744
1122,2031,reg1,Oil_CHP,Petroleum_products,40717.15693929352
1123,2032,reg1,Oil_CHP,Petroleum_products,39020.608733489644
1124,2033,reg1,Oil_CHP,Petroleum_products,37324.06052768575
1125,2034,reg1,Oil_CHP,Petroleum_products,35627.51232188191
1126,2035,reg1,Oil_CHP,Petroleum_products,33930.96411607797
1127,2036,reg1,Oil_CHP,Petroleum_products,32234.415910274063
1128,2037,reg1,Oil_CHP,Petroleum_products,30537.867704470154
1129,2038,reg1,Oil_CHP,Petroleum_products,28841.31949866628
1130,2039,reg1,Oil_CHP,Petroleum_products,27144.77129286238
1131,2040,reg1,Oil_CHP,Petroleum_products,25448.22308705847
1132,2041,reg1,Oil_CHP,Petroleum_products,23751.674881254603
1133,2042,reg1,Oil_CHP,Petroleum_products,22055.126675450687
1134,2043,reg1,Oil_CHP,Petroleum_products,20358.578469646793
1135,2044,reg1,Oil_CHP,Petroleum_products,18662.030263842884
1136,2045,reg1,Oil_CHP,Petroleum_products,16965.482058038997
1137,2046,reg1,Oil_CHP,Petroleum_products,15268.933852235108
1138,2047,reg1,Oil_CHP,Petroleum_products,13572.38564643119
1139,2048,reg1,Oil_CHP,Petroleum_products,11875.837440627303
1140,2049,reg1,Oil_CHP,Petroleum_products,10179.2892348234
1141,2050,reg1,Oil_CHP,Petroleum_products,8482.7410290195
1142,2051,reg1,Oil_CHP,Petroleum_products,6786.192823215596
1143,2052,reg1,Oil_CHP,Petroleum_products,5089.644617411699
1144,2053,reg1,Oil_CHP,Petroleum_products,3393.0964116078007
1145,2054,reg1,Oil_CHP,Petroleum_products,1696.548205803897
1146,2055,reg1,Oil_CHP,Petroleum_products,0.0
1147,2056,reg1,Oil_CHP,Petroleum_products,0.0
1148,2057,reg1,Oil_CHP,Petroleum_products,0.0
1149,2058,reg1,Oil_CHP,Petroleum_products,0.0
1150,2059,reg1,Oil_CHP,Petroleum_products,0.0
1151,2060,reg1,Oil_CHP,Petroleum_products,0.0
1152,2025,reg1,BW_CHP_P,Biofuels_waste,58447.122226788386
1153,2026,reg1,BW_CHP_P,Biofuels_waste,56109.23733771684
1154,2027,reg1,BW_CHP_P,Biofuels_waste,53771.35244864531
1155,2028,reg1,BW_CHP_P,Biofuels_waste,51433.46755957378
1156,2029,reg1,BW_CHP_P,Biofuels_waste,49095.58267050224
1157,2030,reg1,BW_CHP_P,Biofuels_waste,46757.69778143069
1158,2031,reg1,BW_CHP_P,Biofuels_waste,44419.812892359165
1159,2032,reg1,BW_CHP_P,Biofuels_waste,42081.92800328761
1160,2033,reg1,BW_CHP_P,Biofuels_waste,39744.04311421607
1161,2034,reg1,BW_CHP_P,Biofuels_waste,37406.15822514454
1162,2035,reg1,BW_CHP_P,Biofuels_waste,35068.273336073
1163,2036,reg1,BW_CHP_P,Biofuels_waste,31656.661745653415
1164,2037,reg1,BW_CHP_P,Biofuels_waste,26469.427804032955
1165,2038,reg1,BW_CHP_P,Biofuels_waste,23663.728560863554
1166,2039,reg1,BW_CHP_P,Biofuels_waste,21430.611483155713
1167,2040,reg1,BW_CHP_P,Biofuels_waste,19482.374075596104
1168,2041,reg1,BW_CHP_P,Biofuels_waste,17534.136668036488
1169,2042,reg1,BW_CHP_P,Biofuels_waste,15585.89926047688
1170,2043,reg1,BW_CHP_P,Biofuels_waste,13637.661852917267
1171,2044,reg1,BW_CHP_P,Biofuels_waste,11040.011976171128
1172,2045,reg1,BW_CHP_P,Biofuels_waste,9200.009980142604
1173,2046,reg1,BW_CHP_P,Biofuels_waste,7360.00798411408
1174,2047,reg1,BW_CHP_P,Biofuels_waste,5520.005988085553
1175,2048,reg1,BW_CHP_P,Biofuels_waste,3680.003992057026
1176,2049,reg1,BW_CHP_P,Biofuels_waste,1818.3549137222872
1177,2050,reg1,BW_CHP_P,Biofuels_waste,0.0
1178,2051,reg1,BW_CHP_P,Biofuels_waste,0.0
1179,2052,reg1,BW_CHP_P,Biofuels_waste,0.0
1180,2053,reg1,BW_CHP_P,Biofuels_waste,0.0
1181,2054,reg1,BW_CHP_P,Biofuels_waste,0.0
1182,2055,reg1,BW_CHP_P,Biofuels_waste,0.0
1183,2056,reg1,BW_CHP_P,Biofuels_waste,0.0
1184,2057,reg1,BW_CHP_P,Biofuels_waste,0.0
1185,2058,reg1,BW_CHP_P,Biofuels_waste,0.0
1186,2059,reg1,BW_CHP_P,Biofuels_waste,0.0
1187,2060,reg1,BW_CHP_P,Biofuels_waste,0.0
1188,2025,reg1,Heat_transmission_distribution,Heat,56816.58136504052
1189,2026,reg1,Heat_transmission_distribution,Heat,58206.189029152265
1190,2027,reg1,Heat_transmission_distribution,Heat,59542.96540080308
1191,2028,reg1,Heat_transmission_distribution,Heat,60826.91047999294
1192,2029,reg1,Heat_transmission_distribution,Heat,62058.024266721884
1193,2030,reg1,Heat_transmission_distribution,Heat,63236.30676098987
1194,2031,reg1,Heat_transmission_distribution,Heat,63753.33267201073
1195,2032,reg1,Heat_transmission_distribution,Heat,64265.48927318697
1196,2033,reg1,Heat_transmission_distribution,Heat,64772.77656451864
1197,2034,reg1,Heat_transmission_distribution,Heat,65275.19454600574
1198,2035,reg1,Heat_transmission_distribution,Heat,65772.74321764824
1199,2036,reg1,Heat_transmission_distribution,Heat,66265.42257944615
1200,2037,reg1,Heat_transmission_distribution,Heat,66753.2326313995
1201,2038,reg1,Heat_transmission_distribution,Heat,67236.17337350824
1202,2039,reg1,Heat_transmission_distribution,Heat,67714.24480577243
1203,2040,reg1,Heat_transmission_distribution,Heat,68187.44692819202
1204,2041,reg1,Heat_transmission_distribution,Heat,69018.23296037014
1205,2042,reg1,Heat_transmission_distribution,Heat,69787.1514448963
1206,2043,reg1,Heat_transmission_distribution,Heat,70494.20238177045
1207,2044,reg1,Heat_transmission_distribution,Heat,71139.3857709926
1208,2045,reg1,Heat_transmission_distribution,Heat,71722.70161256279
1209,2046,reg1,Heat_transmission_distribution,Heat,72244.14990648096
1210,2047,reg1,Heat_transmission_distribution,Heat,72703.73065274715
1211,2048,reg1,Heat_transmission_distribution,Heat,73101.44385136137
1212,2049,reg1,Heat_transmission_distribution,Heat,73437.28950232358
1213,2050,reg1,Heat_transmission_distribution,Heat,73711.2676056338
1214,2051,reg1,Heat_transmission_distribution,Heat,73711.2676056338
1215,2052,reg1,Heat_transmission_distribution,Heat,73711.2676056338
1216,2053,reg1,Heat_transmission_distribution,Heat,73711.2676056338
1217,2054,reg1,Heat_transmission_distribution,Heat,73711.2676056338
1218,2055,reg1,Heat_transmission_distribution,Heat,73711.2676056338
1219,2056,reg1,Heat_transmission_distribution,Heat,73711.2676056338
1220,2057,reg1,Heat_transmission_distribution,Heat,73711.2676056338
1221,2058,reg1,Heat_transmission_distribution,Heat,73711.2676056338
1222,2059,reg1,Heat_transmission_distribution,Heat,73711.2676056338
1223,2060,reg1,Heat_transmission_distribution,Heat,73711.2676056338
1224,2025,reg1,Elec_transmission_distribution,Electricity,325222.22222222225
1225,2026,reg1,Elec_transmission_distribution,Electricity,340062.5619292507
1226,2027,reg1,Elec_transmission_distribution,Electricity,345257.0107466071
1227,2028,reg1,Elec_transmission_distribution,Electricity,350123.4703007131
1228,2029,reg1,Elec_transmission_distribution,Electricity,354661.9405915687
1229,2030,reg1,Elec_transmission_distribution,Electricity,358872.42161917384
1230,2031,reg1,Elec_transmission_distribution,Electricity,363658.7826598993
1231,2032,reg1,Elec_transmission_distribution,Electricity,368332.24641798466
1232,2033,reg1,Elec_transmission_distribution,Electricity,372892.8128934298
1233,2034,reg1,Elec_transmission_distribution,Electricity,377340.48208623484
1234,2035,reg1,Elec_transmission_distribution,Electricity,381675.2539963998
1235,2036,reg1,Elec_transmission_distribution,Electricity,385897.12862392457
1236,2037,reg1,Elec_transmission_distribution,Electricity,390006.10596880916
1237,2038,reg1,Elec_transmission_distribution,Electricity,394002.1860310537
1238,2039,reg1,Elec_transmission_distribution,Electricity,397885.36881065805
1239,2040,reg1,Elec_transmission_distribution,Electricity,401655.65430762223
1240,2041,reg1,Elec_transmission_distribution,Electricity,415631.7063751728
1241,2042,reg1,Elec_transmission_distribution,Electricity,428224.6305693382
1242,2043,reg1,Elec_transmission_distribution,Electricity,439434.4268901185
1243,2044,reg1,Elec_transmission_distribution,Electricity,449261.0953375136
1244,2045,reg1,Elec_transmission_distribution,Electricity,457704.63591152354
1245,2046,reg1,Elec_transmission_distribution,Electricity,464765.04861214827
1246,2047,reg1,Elec_transmission_distribution,Electricity,470442.3334393881
1247,2048,reg1,Elec_transmission_distribution,Electricity,474736.4903932427
1248,2049,reg1,Elec_transmission_distribution,Electricity,477647.51947371196
1249,2050,reg1,Elec_transmission_distribution,Electricity,479175.4206807964
1250,2051,reg1,Elec_transmission_distribution,Electricity,479175.4206807964
1251,2052,reg1,Elec_transmission_distribution,Electricity,479175.4206807964
1252,2053,reg1,Elec_transmission_distribution,Electricity,479175.4206807964
1253,2054,reg1,Elec_transmission_distribution,Electricity,479175.4206807964
1254,2055,reg1,Elec_transmission_distribution,Electricity,479175.4206807964
1255,2056,reg1,Elec_transmission_distribution,Electricity,479175.4206807964
1256,2057,reg1,Elec_transmission_distribution,Electricity,479175.4206807964
1257,2058,reg1,Elec_transmission_distribution,Electricity,479175.4206807964
1258,2059,reg1,Elec_transmission_distribution,Electricity,479175.4206807964
1259,2060,reg1,Elec_transmission_distribution,Electricity,479175.4206807964
